{
"type": "FeatureCollection",
"name": "contato_estepe_fom",
"crs": { "type": "name", "properties": { "name": "urn:ogc:def:crs:OGC:1.3:CRS84" } },
"features": [
{"type":"Feature","properties":{"fid":5,"id1":987122,"cd_fcim":"SG22","leg_carga":"EMc/Ag+Mm+R","cd_fito":"EM","cd_leg_2":"Ag","clas_domi":"Ag","leg_uveg":null,"nm_uveg":null,"leg_uantr":"Ag","nm_uantr":"Agropecuária","leg_contat":"EM","nm_contat":"Contato Estepe/Floresta Ombrófila Mista","veg_pretet":"EM","nm_pretet":"Contato Estepe/Floresta Ombrófila Mista","leg_sec1":"Mm","nm_sec1":"Floresta Ombrófila Mista Montana","leg_sec2":"R","nm_sec2":"Florestamento/Reflorestamento","leg_sup":"Área Antrópica Dominante em Tensão Ecológica","legenda_1":"Contato (Ecótono e Encrave)","legenda_2":"Agropecuária","legenda":"4Ag - Agropecuária","ar_poli_km":1601.8193,"leg1_id":13.0,"leg2_id":45.0},"geometry":{"type":"MultiPolygon","coordinates":[[[[-49.7990866,-25.5000831],[-49.8000435,-25.5006088],[-49.800705799999903,-25.501766799999899],[-49.8021031,-25.5030783],[-49.8024052,-25.503205],[-49.8038281,-25.5026391],[-49.804668999999897,-25.50281],[-49.804777,-25.5031384],[-49.8046216,-25.503544],[-49.803602399999903,-25.5047198],[-49.8030414999999,-25.504850599999902],[-49.802147799999901,-25.5047079],[-49.8016239,-25.504805599999901],[-49.801248299999898,-25.505076],[-49.800980099999897,-25.5059173],[-49.800901699999898,-25.508167899999901],[-49.797409699999903,-25.512559399999901],[-49.797814,-25.5130368],[-49.798332,-25.513278699999901],[-49.7998583,-25.5136648],[-49.801304699999903,-25.5136828],[-49.802056999999898,-25.5138863],[-49.8029969,-25.5147909],[-49.803044699999901,-25.515989],[-49.8027918,-25.5188772],[-49.8030654,-25.5193958999999],[-49.803696199999898,-25.5197744],[-49.8051654,-25.5201425999999],[-49.8056473,-25.520451099999899],[-49.805601,-25.521295899999899],[-49.8042503,-25.5222684],[-49.803004799999897,-25.523647599999901],[-49.802999199999903,-25.524153],[-49.8040657,-25.5271943],[-49.803718699999898,-25.5287839],[-49.8038227,-25.529597],[-49.8040821,-25.5298369],[-49.805810999999899,-25.530240499999898],[-49.806697799999903,-25.5311282],[-49.8067543,-25.533051999999898],[-49.8065235,-25.533732999999899],[-49.8070915,-25.5347729],[-49.8066732999999,-25.535547699999899],[-49.806775699999903,-25.5364959],[-49.8054868,-25.5385173],[-49.8043327,-25.5420971],[-49.802189499999898,-25.551223],[-49.8021841999999,-25.551832999999899],[-49.8026621,-25.552344999999899],[-49.8030747,-25.552248599999899],[-49.8044656,-25.5510745999999],[-49.8052154,-25.5508437],[-49.8068903,-25.549519099999898],[-49.8076018,-25.5491853],[-49.8090511,-25.5497061],[-49.809346499999897,-25.5501146],[-49.8091482,-25.5512335999999],[-49.809158,-25.5513323],[-49.809399,-25.5537505],[-49.810071,-25.5540662],[-49.8105886,-25.5546118],[-49.811519599999897,-25.5562965],[-49.812021699999903,-25.5568587],[-49.812672399999897,-25.5571864],[-49.813323099999899,-25.5573113],[-49.8168688,-25.5553568999999],[-49.8195253,-25.5546333],[-49.8198287,-25.5541274],[-49.819554799999899,-25.5534987],[-49.8194513,-25.5525522],[-49.8198052,-25.5507924],[-49.8203391,-25.54961],[-49.8217339,-25.5487206],[-49.8237233,-25.548023],[-49.825314299999903,-25.5463831],[-49.8263982,-25.546188599999901],[-49.8275896,-25.5465694],[-49.8286636999999,-25.547290299999901],[-49.829619127322481,-25.548117155683446],[-49.830353316,-25.548244773999901],[-49.833028978999899,-25.5503765549999],[-49.836685090999893,-25.552964840999898],[-49.83771665554768,-25.553083338157201],[-49.840895499999903,-25.551791],[-49.8412774,-25.5508791],[-49.8425243,-25.5491957999999],[-49.8431212,-25.547423],[-49.843606899999898,-25.547224099999902],[-49.844126199999899,-25.5474641],[-49.8449773,-25.548216399999902],[-49.845455335149921,-25.549073788139143],[-49.845785186999898,-25.549037099],[-49.846372147999894,-25.550587137],[-49.848182435999895,-25.552815723],[-49.852335969999899,-25.555191097],[-49.852887777228489,-25.555021842349447],[-49.852896299999898,-25.5550163999999],[-49.853282,-25.553936899999901],[-49.853614799999903,-25.550317199999899],[-49.8539633,-25.548931099999901],[-49.8557185,-25.546759199999901],[-49.856880299999901,-25.5464992],[-49.8600718,-25.546329],[-49.8621413,-25.546218699999901],[-49.8629422,-25.5462908],[-49.8650263,-25.5469155],[-49.8687196,-25.5469456],[-49.8694546,-25.546696699999899],[-49.872598599999897,-25.5449604],[-49.8753831,-25.5443099],[-49.8763207,-25.5440909],[-49.876952199999899,-25.5444006],[-49.877307169169555,-25.544863473038738],[-49.877998721,-25.544810729999899],[-49.879932916,-25.547040766999899],[-49.883213977,-25.549841998],[-49.883352026877176,-25.550267943820465],[-49.883483199999901,-25.5502751],[-49.8838554,-25.550295499999901],[-49.884566699999901,-25.5499612999999],[-49.884759099999897,-25.5494881],[-49.884480492456987,-25.547535199766109],[-49.883579811999894,-25.54750259],[-49.882634781,-25.546170097],[-49.882288827,-25.544887921999898],[-49.8827297509999,-25.543699817999901],[-49.883748564,-25.543592089999901],[-49.885108790999894,-25.545054706],[-49.886653939,-25.544131544],[-49.887923257999901,-25.543080152],[-49.890411839999899,-25.541223744],[-49.892031000999893,-25.541208393],[-49.892529366,-25.54179261],[-49.893494560999898,-25.544402739999899],[-49.895040996,-25.5458275999999],[-49.896218372999897,-25.547122965],[-49.897475989,-25.546689028999896],[-49.898628011999897,-25.546913409999899],[-49.900800755,-25.544598698999902],[-49.901979383,-25.543504829],[-49.903505658,-25.543528410999897],[-49.905108324999901,-25.544376578],[-49.906406522999895,-25.544232321],[-49.907369812999896,-25.544659065999898],[-49.90886455,-25.543940077999899],[-49.9100482919999,-25.542517747],[-49.910213903999896,-25.541160241999897],[-49.910639145999895,-25.540713088999901],[-49.912735670999901,-25.542310952],[-49.912629474,-25.543010436],[-49.911591551999891,-25.544024819999901],[-49.908735345999901,-25.545792228],[-49.909585643,-25.547288970999897],[-49.910396933999898,-25.548331312999899],[-49.90977357,-25.5495160779999],[-49.908615671999897,-25.5495396429999],[-49.906798191999897,-25.547863150999898],[-49.905258600999893,-25.548498256999899],[-49.904718375999899,-25.550138941999901],[-49.9037593689999,-25.551813271],[-49.903706432,-25.552183159],[-49.904521632999895,-25.55310114],[-49.903848824,-25.554368516],[-49.902686038999896,-25.554639069999897],[-49.901001774999898,-25.553294673],[-49.898907864,-25.553838916999897],[-49.897269137,-25.554843261],[-49.897073228999901,-25.555375916999896],[-49.896594991,-25.556192972999899],[-49.895906231,-25.555975825999901],[-49.895510503999894,-25.554856734999898],[-49.895283062,-25.552340772],[-49.894582272,-25.550269496999899],[-49.89381782,-25.5491865659999],[-49.892380523,-25.54937096],[-49.891755110999895,-25.550555666],[-49.890737239,-25.550539902],[-49.890383156,-25.547403658999901],[-49.887864716,-25.54604506],[-49.886613312017815,-25.546215765455571],[-49.886810599999897,-25.546411],[-49.8870383,-25.5466362],[-49.8871698,-25.546766299999899],[-49.8873526,-25.5469472999999],[-49.8875643,-25.5471567],[-49.8877767,-25.547366899999901],[-49.8879891999999,-25.5475771],[-49.8881186999999,-25.5479129],[-49.8883989,-25.5486394],[-49.888277899999899,-25.5499076],[-49.8887932,-25.5508262],[-49.8896892,-25.5524237],[-49.8905521,-25.5535518],[-49.890844899999898,-25.5539345],[-49.890912899999897,-25.554023399999899],[-49.8908379,-25.554351999999898],[-49.8904959,-25.5545096],[-49.8899013,-25.5547836],[-49.8866628,-25.5558265999999],[-49.8819035,-25.556478],[-49.8803152999999,-25.5572093],[-49.8794291,-25.5579991],[-49.8759284,-25.5621823],[-49.875721834096971,-25.565219723236829],[-49.875843119,-25.5664498729999],[-49.8767599829999,-25.568510579],[-49.878153998999899,-25.567531295],[-49.879887228999898,-25.568447368],[-49.882104633,-25.57004089],[-49.886849259,-25.570336572],[-49.890619548999901,-25.569282706],[-49.892412684999897,-25.567085259999899],[-49.894700948,-25.565117893],[-49.898265636,-25.561835542],[-49.901268888999894,-25.561659684999899],[-49.906723055,-25.563968873],[-49.909274905,-25.561337888],[-49.909080780999894,-25.558441634999898],[-49.908878687999895,-25.555990962999896],[-49.909185156,-25.553103429],[-49.912443073999896,-25.552708573999897],[-49.914406778999897,-25.554518830999896],[-49.922602357,-25.557316112999899],[-49.925591192999896,-25.557806936999899],[-49.926802595,-25.559828395999901],[-49.925496063,-25.562700623999898],[-49.92393222,-25.566015061],[-49.922845676999899,-25.570449772],[-49.919221635,-25.576847002],[-49.916630524999896,-25.5814801729999],[-49.913815797,-25.584775063999899],[-49.913528191999902,-25.586773654999899],[-49.917173040999899,-25.592170988],[-49.924579658,-25.596959599999899],[-49.928819669999896,-25.597470202999897],[-49.934556335999901,-25.598225265999901],[-49.9363013339999,-25.598474969999899],[-49.938278887,-25.599618373999899],[-49.941248952,-25.601221852],[-49.943010775999902,-25.600581179],[-49.946002108999899,-25.601071917999896],[-49.950015053,-25.600466180999899],[-49.954057054,-25.598302987999901],[-49.960280221999895,-25.599733183999902],[-49.963292732999896,-25.599111059999899],[-49.966046033999902,-25.598930245],[-49.969019685,-25.600311991999899],[-49.970226221999894,-25.602555988999899],[-49.972196102999895,-25.604143916999899],[-49.973932345,-25.604838123],[-49.976699935999896,-25.603989232999897],[-49.977737126999898,-25.602002316],[-49.977384506184841,-25.59820006792641],[-49.9767126,-25.5967024],[-49.9767171,-25.5960924],[-49.976904494843303,-25.595933796864831],[-49.976858389999897,-25.595756626],[-49.977383581999895,-25.5944301379999],[-49.9799041469999,-25.593354625999897],[-49.982640697999898,-25.594064893999899],[-49.98508923,-25.596772955999899],[-49.990016303999894,-25.600630791],[-49.993260499999899,-25.600902939],[-49.994502458999897,-25.601366174],[-49.995734634,-25.602275016],[-49.996217728,-25.603172948999898],[-49.995556423,-25.6050551179999],[-49.996624932,-25.607223071],[-49.99772855,-25.607680797999897],[-49.998941941999895,-25.607832442],[-50.000120522,-25.605068385],[-50.003198632999897,-25.600997010999901],[-50.00649114,-25.598821299999898],[-50.008482887999904,-25.599185530999897],[-50.011989888999899,-25.598903569999901],[-50.014518121,-25.597383947],[-50.016292875,-25.596075804999899],[-50.017331697,-25.594088846],[-50.019252993999892,-25.591669715],[-50.0211166449999,-25.59225364],[-50.021587666999899,-25.593818548999899],[-50.021536124999898,-25.596488576999896],[-50.021614622,-25.5989379499999],[-50.023088472,-25.600295612],[-50.024586880999898,-25.6004298719999],[-50.027736072,-25.599140763],[-50.029598080999897,-25.599837211],[-50.030035208999898,-25.603181016999898],[-50.031624349,-25.605097597999897],[-50.033102649999897,-25.606232888],[-50.03432457,-25.607697040999899],[-50.034663964999893,-25.609594381],[-50.033995174,-25.611921429999899],[-50.034434764999901,-25.615043925999899],[-50.03627003,-25.6171853449999],[-50.036372182,-25.618411423999898],[-50.036716683999899,-25.6199748139999],[-50.038259957,-25.624338576999897],[-50.039205718999895,-25.627245478],[-50.040427757,-25.6287106559999],[-50.041788566,-25.629510348999901],[-50.044020573999894,-25.630434115999897],[-50.046646078,-25.630473288],[-50.049126801999904,-25.631511975999899],[-50.050975341,-25.632987215],[-50.051432583999897,-25.635219504],[-50.052030258999892,-25.636674637999899],[-50.053386796,-25.637696696],[-50.056483398999902,-25.63919018],[-50.058582439999903,-25.6406677969999],[-50.060298410999899,-25.642474515999901],[-50.063776516,-25.643750509],[-50.0668046709999,-25.642237618999896],[-50.068220072,-25.640143339999899],[-50.069262025999898,-25.6379334159999],[-50.070073603,-25.634717203],[-50.070786865999899,-25.629942662],[-50.072052443999901,-25.629182063],[-50.074424908999902,-25.629328443],[-50.075662805,-25.630014698],[-50.076294249999897,-25.629690668],[-50.077437474999897,-25.628706007999899],[-50.079462507999899,-25.627400586999897],[-50.081969971,-25.626993034999899],[-50.082698182999899,-25.625129683999898],[-50.082856857,-25.623523453999898],[-50.085203045999897,-25.6224080339999],[-50.088674527999899,-25.6232643069999],[-50.090240606999892,-25.622367520999902],[-50.091077019999901,-25.619046531],[-50.09175578,-25.617331781],[-50.096696322999897,-25.615565406],[-50.096715730999897,-25.614531335],[-50.095968377999903,-25.613025057999902],[-50.093513134,-25.613103864],[-50.090669332999902,-25.613292004],[-50.088886456999894,-25.611885726],[-50.083731074999903,-25.611349855999901],[-50.083100094,-25.61053523],[-50.083252606,-25.609273177],[-50.085358933999899,-25.607119489999896],[-50.085382637999892,-25.605867674],[-50.085279637,-25.604486987],[-50.084515622999895,-25.6039003889999],[-50.082320392,-25.603868079999899],[-50.080762297,-25.604304466],[-50.078948685999897,-25.604623094],[-50.077899838999897,-25.6054121],[-50.076121766999897,-25.603890528999901],[-50.076546584999903,-25.6018275449999],[-50.078152522,-25.598862916],[-50.077918247999897,-25.59759496],[-50.078085834,-25.595527752999899],[-50.080806255999896,-25.59510841],[-50.084167224999902,-25.594928959999898],[-50.08724268,-25.596238526],[-50.0891653689999,-25.596957351999901],[-50.090427333,-25.5985846529999],[-50.0920928359999,-25.599299200999898],[-50.094592944999896,-25.596806534999896],[-50.094242267,-25.594847904999899],[-50.093479987999892,-25.5941460569999],[-50.091813519,-25.593432434999901],[-50.0895101959999,-25.592363632999898],[-50.090844451999899,-25.590084687999898],[-50.093707417999894,-25.588862611],[-50.097060453,-25.589141445999896],[-50.099172648,-25.586642894],[-50.100130566,-25.58378341],[-50.09914007,-25.581469722999898],[-50.097993717999898,-25.580648535],[-50.096322915999899,-25.58016372],[-50.094916692,-25.579452628],[-50.093119002,-25.578852663999896],[-50.090656222999897,-25.579389841],[-50.087777324999898,-25.581417916999897],[-50.084539956999897,-25.581944037],[-50.081556073999899,-25.582589665999897],[-50.079624628,-25.582331065999899],[-50.076812995999894,-25.580794317],[-50.075813828,-25.578940804999899],[-50.074938718999896,-25.57745683],[-50.075218129999897,-25.576311018999899],[-50.077333132,-25.573698399],[-50.07890609,-25.5724578579999],[-50.0830881219999,-25.569760591],[-50.085945721999899,-25.5688836369999],[-50.086739683,-25.567860792],[-50.086263981999892,-25.565669238999899],[-50.083967824999903,-25.5641412169999],[-50.082205013999896,-25.5618166749999],[-50.078508031999903,-25.559232612],[-50.078169879,-25.556583542999899],[-50.077299613,-25.554847215999899],[-50.075180074999899,-25.550792221999899],[-50.074969800999895,-25.5482602169999],[-50.076034228,-25.546551986999898],[-50.077632691,-25.543932035999898],[-50.077804681,-25.5416356929999],[-50.077318497,-25.540018874999898],[-50.075277293999903,-25.538724873],[-50.073355635,-25.537903663999899],[-50.066839442999893,-25.537540175999901],[-50.060359255,-25.538823147999896],[-50.056180973,-25.541289192999898],[-50.054846648999899,-25.543568417],[-50.055039866999898,-25.547019798999898],[-50.052905280999894,-25.5506657359999],[-50.049974813999896,-25.5554506],[-50.049113033,-25.5600349119999],[-50.051617259999901,-25.564210623999898],[-50.054946640999901,-25.565639915999899],[-50.058006487999897,-25.567754743],[-50.057989654,-25.5686733269999],[-50.057420803999904,-25.571424126999901],[-50.055539762999899,-25.575304424],[-50.053930226,-25.578499210999897],[-50.051589738999901,-25.579384531999896],[-50.049046163999897,-25.577277248],[-50.046769740999899,-25.574714061999899],[-50.043172178999896,-25.573741416],[-50.040655569,-25.570254408],[-50.038659831999894,-25.56654552],[-50.036400526999898,-25.563062895],[-50.031827773,-25.559086679],[-50.028260886999895,-25.556504655],[-50.025981347,-25.554171182999902],[-50.024498743,-25.550699849999898],[-50.023793132,-25.547011003999899],[-50.023871914,-25.542875083],[-50.025443211,-25.541748429999899],[-50.030334470999897,-25.542511342],[-50.032487208,-25.537947241],[-50.035597335,-25.537302984999901],[-50.036831803,-25.540310522],[-50.036736292999898,-25.545366719999897],[-50.041400804,-25.544516884],[-50.042529765,-25.539476163],[-50.041088787,-25.5337071659999],[-50.03908884,-25.530229387],[-50.03864665,-25.5263156359999],[-50.036887035999904,-25.523759753],[-50.035102552999895,-25.522583326],[-50.031982680999896,-25.523685805],[-50.027572151,-25.524769347],[-50.023915502,-25.5270129529999],[-50.020235364,-25.530405457],[-50.017880734,-25.531980051999899],[-50.015926695999902,-25.536376376999897],[-50.0147178839999,-25.538772337999898],[-50.014137911,-25.542096288],[-50.015382911,-25.544528548999899],[-50.016482342999893,-25.547879453999897],[-50.014732962,-25.551531167999897],[-50.011332226,-25.553893584],[-50.005699436,-25.551279308999899],[-50.004065997999895,-25.548956148999899],[-50.001379239999899,-25.547651162999898],[-49.999836628,-25.547282883],[-49.998180735999895,-25.546107828999901],[-49.996413323999896,-25.544012569],[-49.995298856,-25.5414666789999],[-49.995101134,-25.538360236999896],[-49.997754465999897,-25.534607435999899],[-49.99967566,-25.528659905],[-50.0005382209999,-25.524075442],[-50.000595841999896,-25.52108701],[-49.997753751999895,-25.521159836],[-49.996823752999902,-25.52252537],[-49.995730073999894,-25.5257269149999],[-49.994169547999903,-25.526277954],[-49.9930022,-25.526604574],[-49.991588286,-25.526238915999901],[-49.988237183,-25.525957161999898],[-49.98732082,-25.5232429869999],[-49.987925468999897,-25.518654302],[-49.986937209999894,-25.5163399949999],[-49.983340676999902,-25.515366877999899],[-49.978969862,-25.514379689999899],[-49.976970890999894,-25.510901788],[-49.976748014999899,-25.509059813],[-49.975739200999897,-25.507895327],[-49.97373127,-25.504876658999901],[-49.974038235,-25.5023520089999],[-49.974078021,-25.5002839869999],[-49.972827309,-25.498196842],[-49.970556868999893,-25.4954034699999],[-49.970355732,-25.492412848999898],[-49.973240055,-25.490158042],[-49.976074514999894,-25.490431171],[-49.983056522999895,-25.489847714999897],[-49.984872180999893,-25.489416419999898],[-49.987749881999903,-25.487390123],[-49.990072663,-25.487425738999899],[-49.996043778999898,-25.485677633],[-49.999452012999896,-25.482970395999899],[-50.002316965,-25.481635439999899],[-50.005738590999904,-25.478238603999898],[-50.007601657999899,-25.475280271],[-50.008914535999899,-25.4741506],[-50.011747892,-25.474422445999899],[-50.015632481999894,-25.473792529],[-50.016180081999899,-25.472191630999898],[-50.015720378,-25.469196999],[-50.016306432,-25.4655284],[-50.018659476,-25.463955169],[-50.022551907,-25.462864274],[-50.024638839,-25.461746681],[-50.026751676999901,-25.459250024],[-50.028592960999895,-25.457439479],[-50.030682352,-25.456091397999899],[-50.033087956,-25.451761931],[-50.035445260999893,-25.449958221],[-50.037248125,-25.450215274],[-50.040567037999892,-25.452103077999897],[-50.044962868,-25.451710094],[-50.049222716,-25.4518704709999],[-50.054121283,-25.452172729],[-50.057750876999897,-25.451307567],[-50.064756394999897,-25.449343295999899],[-50.068675067999898,-25.446874728999898],[-50.072369218999896,-25.442562917],[-50.075969502999904,-25.443306058],[-50.080850201,-25.444526864999901],[-50.084957774,-25.4457366],[-50.087279217999892,-25.445771443999902],[-50.090427931,-25.443060276],[-50.091812557,-25.438025831999898],[-50.093175042,-25.434138129],[-50.097427871,-25.427537892],[-50.101371447,-25.423689362999898],[-50.106095835999895,-25.4193927849999],[-50.107691496999898,-25.416889317],[-50.108288392999896,-25.412531962999896],[-50.108339353999902,-25.409775330999899],[-50.105892077999897,-25.402616848],[-50.104631973,-25.400989168],[-50.10133877,-25.397723787],[-50.097278533999898,-25.393987554],[-50.096556612999898,-25.3912192619999],[-50.096852415999898,-25.389156466],[-50.100855292999896,-25.382092430999901],[-50.103485156,-25.379375133999901],[-50.105338597999896,-25.376874540999896],[-50.10621107,-25.371602567],[-50.110431721999902,-25.366610017],[-50.111497872999898,-25.364787822],[-50.117794230999898,-25.359137371],[-50.119164693999899,-25.354792906999901],[-50.118265358,-25.347658037],[-50.121529821999893,-25.338516502999898],[-50.125200564999901,-25.3353549469999],[-50.126752603999897,-25.335147333999899],[-50.129867857,-25.334044735],[-50.132721765,-25.333166382999899],[-50.133804175999899,-25.330426712],[-50.134620856,-25.328141661999897],[-50.135204934999898,-25.324474125999899],[-50.134744124999898,-25.3214815639999],[-50.135052717999898,-25.318729317999896],[-50.142013677999898,-25.312071519],[-50.142076421999896,-25.308626966],[-50.1400603129999,-25.306071678],[-50.137244248999899,-25.304880927999896],[-50.13054056,-25.304783615],[-50.125420951,-25.3026407249999],[-50.119506681999901,-25.301635598999898],[-50.115161908999902,-25.299504403999897],[-50.112397893,-25.295559087],[-50.112190897999895,-25.2927995709999],[-50.1137725399999,-25.290984619],[-50.117653183999899,-25.2903529499999],[-50.121034628999894,-25.2887952469999],[-50.123123171,-25.2874475039999],[-50.12468713,-25.2865509159999],[-50.128077270999896,-25.284533515],[-50.131695505,-25.28412772],[-50.134781406999899,-25.284631800999897],[-50.141468017999898,-25.285649228999901],[-50.146891496,-25.285268277999897],[-50.149224638999897,-25.284613608],[-50.151811299,-25.2841915939999],[-50.153649512999891,-25.282380703999898],[-50.154715019,-25.280559004999901],[-50.157056837,-25.279444651999899],[-50.160898932999899,-25.280878546999897],[-50.163190357999902,-25.282520174999899],[-50.165498289999903,-25.283241582999899],[-50.169835468,-25.285831561999899],[-50.173437233,-25.286343657],[-50.175795435999902,-25.284310739],[-50.175329898999898,-25.281547198999899],[-50.173279861999902,-25.280828245999899],[-50.171241902999896,-25.279421184999901],[-50.171529283,-25.277817112],[-50.175147356,-25.277410803999899],[-50.179555486,-25.276095942],[-50.182683820999898,-25.274304099999899],[-50.184514056999902,-25.2729518189999],[-50.186604518,-25.271374346],[-50.19125833,-25.270752521],[-50.195362697999897,-25.271959839],[-50.201264584999898,-25.273652338],[-50.203788137999894,-25.276674847],[-50.205018991,-25.279907706],[-50.208059406,-25.282937705999899],[-50.213149108,-25.286685496999898],[-50.216468178999897,-25.28857097],[-50.21899208,-25.2915917139999],[-50.21893799,-25.294577268999902],[-50.216818326999899,-25.297762614],[-50.211339546,-25.3011295589999],[-50.207443632,-25.3026818549999],[-50.201470446,-25.304892497],[-50.199865318,-25.308086203999899],[-50.200360491,-25.309241523],[-50.202135600999895,-25.310875595],[-50.206000017999898,-25.311161225],[-50.209542718999899,-25.3148872189999],[-50.214937467,-25.316113521],[-50.218768477999895,-25.318235107],[-50.222848875999901,-25.320818711999898],[-50.224113647,-25.322215023],[-50.226240047,-25.326974488],[-50.226010748999897,-25.331430161],[-50.228040796999899,-25.333296903],[-50.229576513,-25.334007346],[-50.230583437999897,-25.3354004669999],[-50.2333764219999,-25.334234239999898],[-50.235572716,-25.3340359809999],[-50.237243862999897,-25.334404337999899],[-50.240704214999901,-25.332600978999899],[-50.24098263,-25.3310484799999],[-50.244005148,-25.329535827],[-50.244306674,-25.326649828],[-50.241584764,-25.3252764749999],[-50.241129653999899,-25.322824431],[-50.242175306,-25.320170887999897],[-50.243978543999901,-25.317084404999896],[-50.245036682,-25.313764666999898],[-50.244594126,-25.310644677],[-50.244633975999903,-25.3084229409999],[-50.247173793999899,-25.306013106],[-50.249170402999901,-25.3060417189999],[-50.252176883999901,-25.305416544],[-50.253214962999898,-25.303209147999898],[-50.255235635,-25.3019025249999],[-50.259751971,-25.300633403999896],[-50.2625134419999,-25.299782965],[-50.264759078999901,-25.299815488],[-50.267282952999892,-25.298294773999899],[-50.270847895,-25.2943427649999],[-50.270376901,-25.292780266999902],[-50.268163633,-25.290970354999899],[-50.267421802999898,-25.290515075],[-50.266178639,-25.290275671999897],[-50.264696953999902,-25.289365127999901],[-50.26446258,-25.288472848],[-50.265488995999895,-25.28693084],[-50.266253843999898,-25.286051915],[-50.269525746999896,-25.284542402999897],[-50.269791450999897,-25.283657274999896],[-50.269561235,-25.282542050999901],[-50.268333777999899,-25.281413522],[-50.268111888999897,-25.2798542039999],[-50.26814323,-25.278075940999898],[-50.2657584459999,-25.27181745],[-50.265065663,-25.268695846999897],[-50.265176373,-25.262474122],[-50.263702206999895,-25.2611186829999],[-50.262969776,-25.260219395],[-50.263493833,-25.258893409999899],[-50.264257624,-25.258014581999898],[-50.265524618999898,-25.256921759],[-50.265292244999898,-25.256028713],[-50.264577717999899,-25.254017441],[-50.263093048999899,-25.253329982],[-50.259861226999902,-25.252617098],[-50.257643210999895,-25.2510303409999],[-50.258206033,-25.247482324],[-50.259057604999896,-25.241715439999901],[-50.258585808999896,-25.240152344999899],[-50.256842887999902,-25.2399058089999],[-50.255604158,-25.239443483999899],[-50.254875986999899,-25.2383222449999],[-50.258163070999899,-25.235923275999898],[-50.258424596999895,-25.235260348999901],[-50.258198641,-25.233923336],[-50.256714101999897,-25.233235903],[-50.255735966999893,-25.232109749],[-50.255501674999898,-25.231217677999897],[-50.25602473,-25.229891854999899],[-50.257307339999898,-25.227909344],[-50.259822228999901,-25.226833156999898],[-50.262567233,-25.226871915999901],[-50.2650852579999,-25.225574590999898],[-50.266867753,-25.2235992089999],[-50.26639275,-25.222259169],[-50.264423963999903,-25.220675763],[-50.262452019,-25.219314359999895],[-50.258230995999895,-25.218142401999899],[-50.255276834999897,-25.215878715],[-50.253360464999901,-25.211406651999901],[-50.253154455999898,-25.208957998],[-50.252703610999895,-25.206285192999896],[-50.252231904,-25.204723235],[-50.251492307,-25.204268106],[-50.252015343,-25.202941526999901],[-50.252525845,-25.202281804999899],[-50.256275853,-25.201890931],[-50.258810345999898,-25.199704971],[-50.259095874999893,-25.197708448999897],[-50.258897174,-25.194815982999899],[-50.259431654999901,-25.192824432999899],[-50.259463044,-25.191046823],[-50.261486953,-25.189520634999898],[-50.263768153999898,-25.187552696999902],[-50.2665837549999,-25.183591446],[-50.267375457999904,-25.181158237],[-50.267406791,-25.179380713999898],[-50.266927707,-25.178262881999899],[-50.265957060999902,-25.176694010999899],[-50.264484342999893,-25.175339990999898],[-50.264053292,-25.171555983],[-50.265118918,-25.167793399999901],[-50.267668682999897,-25.164718057999902],[-50.269955985,-25.162305455],[-50.271251613999901,-25.159656723999898],[-50.271298557,-25.156991596],[-50.271096575999898,-25.154321577999898],[-50.270114494,-25.1534196049999],[-50.269366698999896,-25.1534084849999],[-50.268090903,-25.154946532999897],[-50.268059590999904,-25.156722961999897],[-50.267517874999896,-25.1591608579999],[-50.266757587999898,-25.159815550999898],[-50.262533319999896,-25.158867712],[-50.2598098819999,-25.1577174439999],[-50.256330303,-25.157001705],[-50.254580567999895,-25.1572000409999],[-50.254053482,-25.158747395],[-50.25402525,-25.160302811999898],[-50.251487895,-25.162711239],[-50.248486278,-25.163112248999898],[-50.246945618,-25.165535862999899],[-50.24166796,-25.167682506999899],[-50.239146181999899,-25.169202183],[-50.237630539999898,-25.17029137],[-50.236864956,-25.1711697819999],[-50.232874771999896,-25.171113338999898],[-50.229129362,-25.171281919],[-50.226643278,-25.170802105999897],[-50.228462996,-25.174176960999898],[-50.228675424,-25.176705755999897],[-50.228600977,-25.180835300999899],[-50.226702431,-25.186086789999898],[-50.223234147,-25.192691887],[-50.220350584999899,-25.1954048549999],[-50.216694536,-25.1981062629999],[-50.214287644999899,-25.202892054],[-50.211642079999898,-25.206755698999899],[-50.211076632,-25.209501641],[-50.212249390999901,-25.212329863],[-50.2136463269999,-25.2134969859999],[-50.214258519999902,-25.215228055],[-50.214087956999897,-25.217520368999899],[-50.213267330999898,-25.220148085999899],[-50.210971635,-25.225968295],[-50.210167252999895,-25.227677007999901],[-50.208345418,-25.228684778999899],[-50.206156966,-25.228538333],[-50.204508447999899,-25.227136726],[-50.202639733999895,-25.223552926],[-50.199858162999902,-25.2206438609999],[-50.197418932999902,-25.220149684],[-50.193857847999901,-25.221074988999899],[-50.187873970999895,-25.224202804999898],[-50.1826798539999,-25.2264222119999],[-50.179304908999896,-25.227750898999901],[-50.175382429,-25.230907530999897],[-50.175593434999897,-25.233435126],[-50.169299969999898,-25.239312227],[-50.16459058,-25.243146060999898],[-50.162740643999896,-25.245643801],[-50.159590269,-25.248812165999897],[-50.152624375999899,-25.249169858],[-50.147171598999897,-25.251385578999898],[-50.143779637999891,-25.253631361],[-50.140417283,-25.254270839999897],[-50.134784077999896,-25.252238017],[-50.129128302,-25.251466911999902],[-50.123704065,-25.252075945999898],[-50.120019828999901,-25.256154672],[-50.118938562,-25.258893445],[-50.118827178999894,-25.264860064999898],[-50.119253528999899,-25.269686745999898],[-50.1197263,-25.271988774],[-50.119181728999898,-25.2735876079999],[-50.1152812939999,-25.275366969999897],[-50.109577590999898,-25.277120187],[-50.106738457999903,-25.277307306999901],[-50.101537187999902,-25.279756069],[-50.097425277999903,-25.281758264999901],[-50.100366209999898,-25.2828997139999],[-50.1030600449999,-25.284038845999898],[-50.1040261529999,-25.285151882],[-50.104002523,-25.286470531999896],[-50.103010829,-25.286675201],[-50.099543460999897,-25.287283706],[-50.095077773999897,-25.288537299],[-50.0940581179999,-25.290279927],[-50.094008795,-25.292917266],[-50.093725181,-25.294891621],[-50.090739084999896,-25.296166273],[-50.088724301999896,-25.298334739],[-50.088436371999897,-25.300528463],[-50.088663078,-25.301631077],[-50.090332055,-25.3047333559999],[-50.090801617999901,-25.306059452999897],[-50.089028638999899,-25.308450551999901],[-50.086302318,-25.309070446999897],[-50.086503354999898,-25.3114909499999],[-50.087939057,-25.313930316],[-50.090394588,-25.314625980999899],[-50.092093592,-25.316190282],[-50.095259660999901,-25.318435524999899],[-50.100427522999894,-25.319390364],[-50.104095527999903,-25.321203259999901],[-50.106519024999898,-25.323657280999896],[-50.107440370999896,-25.327187953],[-50.106889354,-25.330257102999898],[-50.105133391,-25.331771115],[-50.103159159,-25.331741833999896],[-50.102690465999892,-25.330415623999897],[-50.10247975,-25.328434544999897],[-50.101286705999897,-25.326218574999896],[-50.096881513999897,-25.324173873999897],[-50.093669302,-25.324347836],[-50.091913329,-25.325859904],[-50.091641518999893,-25.327174635999899],[-50.091843586,-25.329596248],[-50.092785143999897,-25.332028426999898],[-50.093710600999891,-25.335339905999898],[-50.093172223999893,-25.337750136999901],[-50.091099239999899,-25.342995628],[-50.0917861,-25.3458643929999],[-50.092720158999903,-25.348735497999897],[-50.094657040999898,-25.350742877],[-50.096076925,-25.3540619579999],[-50.095307467999895,-25.355589811999899],[-50.093082592,-25.355776637],[-50.090095795,-25.3570516129999],[-50.086364151999895,-25.3585353769999],[-50.081859616999893,-25.361766359999898],[-50.079600397,-25.363710914],[-50.076581088999895,-25.3667445849999],[-50.075351442999896,-25.366506321],[-50.074877552,-25.365400161],[-50.075668601999901,-25.36277354],[-50.076438181,-25.361246604],[-50.07895977,-25.358425942999901],[-50.079991692999897,-25.35602197],[-50.082003683,-25.354073334999899],[-50.084508994,-25.352132054],[-50.085278503,-25.3506042499999],[-50.083842624999896,-25.348164492],[-50.083385865,-25.346179123999899],[-50.083665321999895,-25.344424629999899],[-50.086931438,-25.341395313],[-50.08773416,-25.338109],[-50.086569191999899,-25.334354596],[-50.0849205069999,-25.330152375],[-50.084455191,-25.328607695],[-50.082497139999894,-25.327699025],[-50.079757763,-25.328976969999896],[-50.079017305,-25.328966384999898],[-50.078297296999899,-25.327857191999897],[-50.078322055999898,-25.326537411999897],[-50.079091511999899,-25.325010703],[-50.081094713,-25.3235010289999],[-50.081349433999897,-25.323065545],[-50.073573708,-25.324167],[-50.069926682,-25.326178945],[-50.062127972,-25.329506820999899],[-50.058180279999902,-25.333811249999897],[-50.05710498,-25.336091845999899],[-50.052916019999898,-25.339473424999898],[-50.048477928999901,-25.342391840999898],[-50.043313046,-25.342773618999896],[-50.039476118,-25.341109350999901],[-50.034604976,-25.339658115999899],[-50.030471897,-25.340055126],[-50.023236478999898,-25.340865376999897],[-50.019662138999898,-25.338974869],[-50.017403502,-25.335725865],[-50.015161904,-25.331558322],[-50.012658917999893,-25.327617743],[-50.012178025,-25.325772897],[-50.010141565,-25.324364487],[-50.008429573999898,-25.324061069],[-50.004819080999894,-25.3235915929999],[-50.002206761999901,-25.3253888529999],[-50.000362719999899,-25.327426720999899],[-49.997781863999897,-25.327617215],[-49.994456800999899,-25.326189672999899],[-49.990585337,-25.326360135999899],[-49.985577686999896,-25.332025308],[-49.982441228,-25.334273482],[-49.977223110999894,-25.33740891],[-49.972010375,-25.340314885999899],[-49.966819206999901,-25.342072781],[-49.961086828999896,-25.345199297],[-49.9541388499999,-25.344404476999898],[-49.952361489999895,-25.342999054],[-49.948773983,-25.341796852999899],[-49.946978465999891,-25.3413099969999],[-49.945431792,-25.341286366999899],[-49.941009712,-25.343284609],[-49.936272302,-25.348263666],[-49.933641025,-25.350978224],[-49.929248672,-25.351370351],[-49.925955674,-25.348334101],[-49.925507323,-25.344883001],[-49.928917022999897,-25.341950577],[-49.931792522999892,-25.339927909],[-49.931832604999897,-25.337862243999897],[-49.929583216,-25.3341537589999],[-49.927565393999892,-25.331827103],[-49.920656444,-25.329193584999899],[-49.913754034,-25.323960954],[-49.908204864999895,-25.321835743999902],[-49.907072834999902,-25.320338418999899],[-49.906529866,-25.308127016999897],[-49.904444446999896,-25.303198865999899],[-49.900392372999896,-25.299527339999898],[-49.890897987,-25.2983307639999],[-49.881921229999897,-25.290946273],[-49.886146800999896,-25.281174531],[-49.889437995,-25.279265430999899],[-49.896979551,-25.278429913],[-49.899312434,-25.271407499],[-49.897313752999899,-25.270405873],[-49.896066718,-25.2683204809999],[-49.892579665999897,-25.2620687689999],[-49.889758942999897,-25.261335553],[-49.887910845,-25.263602447],[-49.886540656,-25.2677129909999],[-49.885230248999903,-25.268841161999898],[-49.880921164999904,-25.265100568],[-49.876911545,-25.259299467999899],[-49.870459774,-25.255321969],[-49.868417355999902,-25.2538151269999],[-49.867898927999896,-25.254535476999902],[-49.869453224,-25.2633298289999],[-49.868568670999899,-25.270319623],[-49.856041941999898,-25.279002750999897],[-49.855676417,-25.282870452999898],[-49.857650485999898,-25.292083965],[-49.851904417,-25.300555012],[-49.850079593,-25.302923845999899],[-49.848214872999897,-25.309458761],[-49.848284007999901,-25.3192842],[-49.845461383,-25.323132267999899],[-49.835309419999895,-25.322900162999897],[-49.832346131999898,-25.324364714999898],[-49.831263277999902,-25.334480144999898],[-49.836778555999892,-25.340181161],[-49.843798001,-25.342619874],[-49.845083830999897,-25.345161075],[-49.843887868,-25.350213341],[-49.844717562,-25.355277303],[-49.843756192999898,-25.356134426],[-49.832142979,-25.354254474],[-49.828331248,-25.358689027],[-49.825483092999896,-25.365067223],[-49.822810244,-25.368088585999899],[-49.817149248999904,-25.369861356999902],[-49.809211366999897,-25.377469935],[-49.808369063,-25.3796966529999],[-49.815007141,-25.3877905599999],[-49.815152111,-25.389578505],[-49.812786817999893,-25.396703976],[-49.807637433,-25.403657254999899],[-49.8030137229999,-25.406893126999901],[-49.797914022,-25.408787091999901],[-49.793170932999899,-25.407853676999899],[-49.789105580999902,-25.4046936999999],[-49.786811731999897,-25.404674314],[-49.783474278,-25.410452065],[-49.785340964999897,-25.420145144999896],[-49.782682113,-25.423693875],[-49.782319617,-25.427114859],[-49.786714372999896,-25.430129854],[-49.793907815999894,-25.432125834],[-49.799288385999894,-25.434999946999898],[-49.80007318,-25.438429852999899],[-49.795397120999901,-25.446876237],[-49.7936934109999,-25.453262528],[-49.790872297,-25.456514109999897],[-49.790504618999897,-25.460381900999899],[-49.791462758999899,-25.462920928],[-49.797472554,-25.468628128],[-49.797571548999898,-25.475030213],[-49.800482377,-25.479073195999899],[-49.806011906,-25.483735566999901],[-49.804984599,-25.488043791999896],[-49.798929977361233,-25.49931531062974],[-49.7990866,-25.5000831]],[[-49.898353020999899,-25.404920683999901],[-49.900544577999895,-25.404955196999897],[-49.901830835999895,-25.405089819999901],[-49.902195375999902,-25.406244339999898],[-49.903344945999898,-25.406835262999898],[-49.905686166999892,-25.405838377999899],[-49.908643405999896,-25.406228961],[-49.908203843,-25.4089775049999],[-49.910522146999902,-25.4091289029999],[-49.911652433999897,-25.410638642],[-49.911500578999899,-25.418444979999897],[-49.910067739999896,-25.4257731699999],[-49.9070771929999,-25.42698997],[-49.905136092999896,-25.4273046399999],[-49.9030123739999,-25.430372507],[-49.901558937999894,-25.432187379],[-49.902248604999897,-25.436447058999896],[-49.901864970999895,-25.442872698],[-49.896725462999896,-25.4484212949999],[-49.887465514,-25.4470130949999],[-49.883459044999896,-25.447410023],[-49.882074335,-25.445666867999901],[-49.877138024,-25.440880363],[-49.873913993,-25.440830573],[-49.871439202,-25.442054190999897],[-49.868865372999899,-25.441784624],[-49.864104160999901,-25.441136419],[-49.862437632,-25.440650635999898],[-49.859123946999894,-25.438645761],[-49.856427098,-25.438030488],[-49.853352992999902,-25.436948087],[-49.852525348,-25.4331455089999],[-49.853135764999898,-25.428332101],[-49.852962980999898,-25.424079586999898],[-49.854915213,-25.423191054],[-49.859380024,-25.425673596],[-49.863497196999894,-25.426197724],[-49.863425017999901,-25.423324917999896],[-49.865026659999899,-25.420594105],[-49.865969864999897,-25.418541085999898],[-49.873405653999896,-25.414293776999898],[-49.885816501999898,-25.412764013],[-49.889861044,-25.410416020999897],[-49.891349436,-25.406878895],[-49.893848606999896,-25.404391781999902],[-49.898353020999899,-25.404920683999901]],[[-49.806259401,-25.456878601],[-49.811473593999899,-25.454204526999899],[-49.814301066,-25.448277409999896],[-49.824385095999901,-25.447172988],[-49.834552327,-25.454799205],[-49.834275671999897,-25.455713734],[-49.81851799,-25.463160032999898],[-49.819248358,-25.465353707],[-49.821445088999894,-25.465158355],[-49.826407709,-25.462136482999899],[-49.832246013,-25.460505226999899],[-49.833082734999898,-25.463850149999896],[-49.833960384999898,-25.465126513],[-49.836291259999896,-25.464704227],[-49.838926523999902,-25.461874887],[-49.840160669999896,-25.458217526999899],[-49.843413594999895,-25.456776175],[-49.844747470999899,-25.454614885999899],[-49.849715123999893,-25.451247086999899],[-49.851470481,-25.453801412],[-49.851312305,-25.455292028],[-49.848172222999899,-25.457539967999899],[-49.847619981,-25.4593690909999],[-49.848868523999897,-25.461456395],[-49.849216198999898,-25.46341417],[-49.849295683,-25.465942715],[-49.8463643279999,-25.470604948999899],[-49.846164336,-25.47416341],[-49.845244,-25.475067286999899],[-49.840738481999892,-25.474537428],[-49.834311053,-25.4734017759999],[-49.821287672,-25.473081693],[-49.813033345999898,-25.472951107],[-49.807881418,-25.472524258],[-49.80792065,-25.470572675],[-49.807148291,-25.47044571],[-49.803538295999893,-25.47038794],[-49.801104003,-25.469546152999897],[-49.798565470999897,-25.467438687],[-49.79793203,-25.466853521],[-49.802582250999905,-25.460150394],[-49.808661505,-25.465760393],[-49.810363632999895,-25.464523631],[-49.806259401,-25.456878601]],[[-49.999009326999904,-25.408532673],[-50.001612837,-25.4077488719999],[-50.002149030999895,-25.4087446099999],[-50.001186737999895,-25.410707163],[-50.0039470789999,-25.411407874],[-50.007099861,-25.4109605579999],[-50.008811303999892,-25.408516849],[-50.010468128999896,-25.4088708469999],[-50.010823418999898,-25.4096995539999],[-50.007791911999895,-25.413442663],[-50.006093442999898,-25.4152290319999],[-50.005692473999893,-25.416869883999897],[-50.005683927999897,-25.417363628],[-50.010769265,-25.4222171699999],[-50.012919315,-25.425873876],[-50.010884991999895,-25.4283144149999],[-50.012506099999896,-25.430563009],[-50.011923210999896,-25.43203693],[-50.012351736,-25.433854476],[-50.016304712999897,-25.435067619999899],[-50.020035267,-25.438253372999899],[-50.020467324,-25.439908194999898],[-50.018307918999902,-25.441604577],[-50.016714584999903,-25.442733152],[-50.015760804,-25.444202235],[-50.015469845,-25.444939247],[-50.013106858999897,-25.447621684999898],[-50.012643028999896,-25.4524743119999],[-50.011126288999897,-25.454428069999899],[-50.010703494,-25.452362557999898],[-50.010079718,-25.451117607999901],[-50.010497244999904,-25.4486526049999],[-50.011116021999904,-25.445284783],[-50.012081853,-25.443158229999899],[-50.012127204999899,-25.440770681999901],[-50.012344982999899,-25.439043986999899],[-50.011457864,-25.437052928999897],[-50.008383686999892,-25.438243159],[-50.007537401,-25.43897093],[-50.004984179999902,-25.441897659999896],[-50.003392034999898,-25.442944777],[-50.002762286999896,-25.442029056],[-50.003377364999899,-25.438908248],[-50.00204151,-25.436170338999901],[-50.001806776999892,-25.433942848],[-49.999984737,-25.432514635999897],[-49.997481762999904,-25.432805957],[-49.996929915999893,-25.437493361999898],[-49.997874493,-25.441296227999899],[-49.998283822999902,-25.44410327],[-49.997031635,-25.446719890999898],[-49.993585147,-25.447985545999899],[-49.991199419999894,-25.446960357],[-49.989863367999902,-25.444304614],[-49.989000301,-25.441078987],[-49.989776090999896,-25.439196040999899],[-49.99158139,-25.436670152],[-49.992603297999892,-25.433968277],[-49.991883629,-25.432969052],[-49.990422251,-25.431958091999899],[-49.989323149999898,-25.431447687999899],[-49.988774881,-25.431109272999898],[-49.988420612999896,-25.430280477999901],[-49.989191595999898,-25.428644498],[-49.990144459999904,-25.427177411999899],[-49.989799763999898,-25.425853968],[-49.987791148,-25.4245055489999],[-49.987776921,-25.415610295999898],[-49.989852394,-25.413500742999901],[-49.994085130999899,-25.414553200999897],[-49.997438966999894,-25.413285577999897],[-49.999136489999898,-25.411500173],[-49.999155581,-25.410511821999901],[-49.999009326999904,-25.408532673]],[[-49.955106024,-25.503170628],[-49.955998854,-25.502249468999899],[-49.957396090999893,-25.502349717],[-49.958696818999897,-25.5029134239999],[-49.959829613999901,-25.503165633],[-49.960434012999897,-25.503563513],[-49.960846294999897,-25.504893831999897],[-49.961790864999898,-25.505764719999899],[-49.963191541,-25.505707625],[-49.965649298999899,-25.505277732],[-49.966509927999894,-25.505991944],[-49.966583489999898,-25.506693749999897],[-49.966034039999897,-25.508009322999897],[-49.964274781,-25.508528215999899],[-49.962414387999893,-25.509745653],[-49.961852554999901,-25.511605451],[-49.962072974,-25.513789610999901],[-49.961001827999894,-25.514940828],[-49.957908331999896,-25.516606465999899],[-49.956914313,-25.518226261999899],[-49.958784667,-25.521058541999899],[-49.9587662489999,-25.521993387999899],[-49.9583019069999,-25.523387041],[-49.9560300569999,-25.523275005999899],[-49.954983293999902,-25.5231035259999],[-49.954101792999893,-25.523479591999898],[-49.9523065509999,-25.525865438],[-49.950649532999897,-25.525607022],[-49.949878650999899,-25.524738367999898],[-49.949911141,-25.523025973],[-49.950190421999899,-25.522173328999898],[-49.950120522999896,-25.521238205],[-49.949619485,-25.520062122],[-49.949114057999893,-25.5190424419999],[-49.949046594,-25.5179509059999],[-49.949231485,-25.517486776999899],[-49.94984973,-25.517184038],[-49.949867183,-25.516250112],[-49.948662998,-25.515219188999897],[-49.94789895,-25.514039581],[-49.947569219999892,-25.5130222979999],[-49.947076668999898,-25.5113019839999],[-49.9470929229999,-25.510445834999896],[-49.948749842,-25.510704254999901],[-49.950236671999896,-25.510727066],[-49.95155584,-25.510357849999899],[-49.9521740489999,-25.510056029999898],[-49.952102939,-25.509198706999896],[-49.950984917,-25.508246753],[-49.950488729999897,-25.506759734],[-49.950521227999893,-25.505046556],[-49.9510600959999,-25.504353927999897],[-49.952295491999898,-25.503751205999897],[-49.953337572999899,-25.504155918],[-49.954642663,-25.5045650879999],[-49.955355212999898,-25.503875708999896],[-49.955106024,-25.503170628]]]]}},
{"type":"Feature","properties":{"fid":6,"id1":980380,"cd_fcim":"SG22","leg_carga":"Iu.EM","cd_fito":"EM","cd_leg_2":"Iu","clas_domi":"Iu","leg_uveg":null,"nm_uveg":null,"leg_uantr":"Iu","nm_uantr":"Influência urbana","leg_contat":"EM","nm_contat":"Contato Estepe/Floresta Ombrófila Mista","veg_pretet":"EM","nm_pretet":"Contato Estepe/Floresta Ombrófila Mista","leg_sec1":null,"nm_sec1":null,"leg_sec2":null,"nm_sec2":null,"leg_sup":"Área Antrópica Dominante em Tensão Ecológica","legenda_1":"Contato (Ecótono e Encrave)","legenda_2":"Influência urbana","legenda":"4Iu - Influência urbana","ar_poli_km":1.9334,"leg1_id":13.0,"leg2_id":48.0},"geometry":{"type":"MultiPolygon","coordinates":[[[[-49.884359199999899,-25.546685],[-49.884868099999899,-25.5459801],[-49.885637599999903,-25.5457466],[-49.8863340999999,-25.546002799999901],[-49.8863618,-25.546013],[-49.8864359,-25.546040199999901],[-49.886613312017815,-25.546215765455571],[-49.887864716,-25.54604506],[-49.890383156,-25.547403658999901],[-49.890737239,-25.550539902],[-49.891755110999895,-25.550555666],[-49.892380523,-25.54937096],[-49.89381782,-25.5491865659999],[-49.894582272,-25.550269496999899],[-49.895283062,-25.552340772],[-49.895510503999894,-25.554856734999898],[-49.895906231,-25.555975825999901],[-49.896594991,-25.556192972999899],[-49.897073228999901,-25.555375916999896],[-49.897269137,-25.554843261],[-49.898907864,-25.553838916999897],[-49.901001774999898,-25.553294673],[-49.902686038999896,-25.554639069999897],[-49.903848824,-25.554368516],[-49.904521632999895,-25.55310114],[-49.903706432,-25.552183159],[-49.9037593689999,-25.551813271],[-49.904718375999899,-25.550138941999901],[-49.905258600999893,-25.548498256999899],[-49.906798191999897,-25.547863150999898],[-49.908615671999897,-25.5495396429999],[-49.90977357,-25.5495160779999],[-49.910396933999898,-25.548331312999899],[-49.909585643,-25.547288970999897],[-49.908735345999901,-25.545792228],[-49.911591551999891,-25.544024819999901],[-49.912629474,-25.543010436],[-49.912735670999901,-25.542310952],[-49.910639145999895,-25.540713088999901],[-49.910213903999896,-25.541160241999897],[-49.9100482919999,-25.542517747],[-49.90886455,-25.543940077999899],[-49.907369812999896,-25.544659065999898],[-49.906406522999895,-25.544232321],[-49.905108324999901,-25.544376578],[-49.903505658,-25.543528410999897],[-49.901979383,-25.543504829],[-49.900800755,-25.544598698999902],[-49.898628011999897,-25.546913409999899],[-49.897475989,-25.546689028999896],[-49.896218372999897,-25.547122965],[-49.895040996,-25.5458275999999],[-49.893494560999898,-25.544402739999899],[-49.892529366,-25.54179261],[-49.892031000999893,-25.541208393],[-49.890411839999899,-25.541223744],[-49.887923257999901,-25.543080152],[-49.886653939,-25.544131544],[-49.885108790999894,-25.545054706],[-49.883748564,-25.543592089999901],[-49.8827297509999,-25.543699817999901],[-49.882288827,-25.544887921999898],[-49.882634781,-25.546170097],[-49.883579811999894,-25.54750259],[-49.884480492456987,-25.547535199766109],[-49.884359199999899,-25.546685]]]]}},
{"type":"Feature","properties":{"fid":7,"id1":980382,"cd_fcim":"SG22","leg_carga":"Iu.EM","cd_fito":"EM","cd_leg_2":"Iu","clas_domi":"Iu","leg_uveg":null,"nm_uveg":null,"leg_uantr":"Iu","nm_uantr":"Influência urbana","leg_contat":"EM","nm_contat":"Contato Estepe/Floresta Ombrófila Mista","veg_pretet":"EM","nm_pretet":"Contato Estepe/Floresta Ombrófila Mista","leg_sec1":null,"nm_sec1":null,"leg_sec2":null,"nm_sec2":null,"leg_sup":"Área Antrópica Dominante em Tensão Ecológica","legenda_1":"Contato (Ecótono e Encrave)","legenda_2":"Influência urbana","legenda":"4Iu - Influência urbana","ar_poli_km":7.783,"leg1_id":13.0,"leg2_id":48.0},"geometry":{"type":"MultiPolygon","coordinates":[[[[-49.999155581,-25.410511821999901],[-49.999136489999898,-25.411500173],[-49.997438966999894,-25.413285577999897],[-49.994085130999899,-25.414553200999897],[-49.989852394,-25.413500742999901],[-49.987776921,-25.415610295999898],[-49.987791148,-25.4245055489999],[-49.989799763999898,-25.425853968],[-49.990144459999904,-25.427177411999899],[-49.989191595999898,-25.428644498],[-49.988420612999896,-25.430280477999901],[-49.988774881,-25.431109272999898],[-49.989323149999898,-25.431447687999899],[-49.990422251,-25.431958091999899],[-49.991883629,-25.432969052],[-49.992603297999892,-25.433968277],[-49.99158139,-25.436670152],[-49.989776090999896,-25.439196040999899],[-49.989000301,-25.441078987],[-49.989863367999902,-25.444304614],[-49.991199419999894,-25.446960357],[-49.993585147,-25.447985545999899],[-49.997031635,-25.446719890999898],[-49.998283822999902,-25.44410327],[-49.997874493,-25.441296227999899],[-49.996929915999893,-25.437493361999898],[-49.997481762999904,-25.432805957],[-49.999984737,-25.432514635999897],[-50.001806776999892,-25.433942848],[-50.00204151,-25.436170338999901],[-50.003377364999899,-25.438908248],[-50.002762286999896,-25.442029056],[-50.003392034999898,-25.442944777],[-50.004984179999902,-25.441897659999896],[-50.007537401,-25.43897093],[-50.008383686999892,-25.438243159],[-50.011457864,-25.437052928999897],[-50.012344982999899,-25.439043986999899],[-50.012127204999899,-25.440770681999901],[-50.012081853,-25.443158229999899],[-50.011116021999904,-25.445284783],[-50.010497244999904,-25.4486526049999],[-50.010079718,-25.451117607999901],[-50.010703494,-25.452362557999898],[-50.011126288999897,-25.454428069999899],[-50.012643028999896,-25.4524743119999],[-50.013106858999897,-25.447621684999898],[-50.015469845,-25.444939247],[-50.015760804,-25.444202235],[-50.016714584999903,-25.442733152],[-50.018307918999902,-25.441604577],[-50.020467324,-25.439908194999898],[-50.020035267,-25.438253372999899],[-50.016304712999897,-25.435067619999899],[-50.012351736,-25.433854476],[-50.011923210999896,-25.43203693],[-50.012506099999896,-25.430563009],[-50.010884991999895,-25.4283144149999],[-50.012919315,-25.425873876],[-50.010769265,-25.4222171699999],[-50.005683927999897,-25.417363628],[-50.005692473999893,-25.416869883999897],[-50.006093442999898,-25.4152290319999],[-50.007791911999895,-25.413442663],[-50.010823418999898,-25.4096995539999],[-50.010468128999896,-25.4088708469999],[-50.008811303999892,-25.408516849],[-50.007099861,-25.4109605579999],[-50.0039470789999,-25.411407874],[-50.001186737999895,-25.410707163],[-50.002149030999895,-25.4087446099999],[-50.001612837,-25.4077488719999],[-49.999009326999904,-25.408532673],[-49.999155581,-25.410511821999901]]]]}},
{"type":"Feature","properties":{"fid":8,"id1":977901,"cd_fcim":"SG22","leg_carga":"Rp+Vss.EM","cd_fito":"EM","cd_leg_2":"R","clas_domi":"Rp","leg_uveg":null,"nm_uveg":null,"leg_uantr":"Rp","nm_uantr":"Florestamento/Reflorestamento com Pinus","leg_contat":"EM","nm_contat":"Contato Estepe/Floresta Ombrófila Mista","veg_pretet":"EM","nm_pretet":"Contato Estepe/Floresta Ombrófila Mista","leg_sec1":"Vss","nm_sec1":"Vegetação Secundária sem palmeiras","leg_sec2":null,"nm_sec2":null,"leg_sup":"Área Antrópica Dominante em Tensão Ecológica","legenda_1":"Contato (Ecótono e Encrave)","legenda_2":"Florestamento/Reflorestamento","legenda":"4Rp - Florestamento/Reflorestamento com Pinus","ar_poli_km":25.1207,"leg1_id":13.0,"leg2_id":50.0},"geometry":{"type":"MultiPolygon","coordinates":[[[[-49.9916842,-25.610357099999899],[-49.9921022,-25.611262699999902],[-49.9926012,-25.611470999999899],[-49.9941651,-25.611018999999899],[-49.998019,-25.608981099999902],[-49.998977086575785,-25.607979078518508],[-49.998941941999895,-25.607832442],[-49.99772855,-25.607680797999897],[-49.996624932,-25.607223071],[-49.995556423,-25.6050551179999],[-49.994895121999903,-25.606936385],[-49.992814257999896,-25.609173078],[-49.991547506169056,-25.609387816471443],[-49.9916842,-25.610357099999899]]],[[[-50.0258094,-25.6296666],[-50.025902815174952,-25.629971729239564],[-50.025911941371767,-25.629491995548328],[-50.0258094,-25.6296666]]]]}},
{"type":"Feature","properties":{"fid":9,"id1":986014,"cd_fcim":"SG22","leg_carga":"Rp+Ag.EM","cd_fito":"EM","cd_leg_2":"R","clas_domi":"Rp","leg_uveg":null,"nm_uveg":null,"leg_uantr":"Rp","nm_uantr":"Florestamento/Reflorestamento com Pinus","leg_contat":"EM","nm_contat":"Contato Estepe/Floresta Ombrófila Mista","veg_pretet":"EM","nm_pretet":"Contato Estepe/Floresta Ombrófila Mista","leg_sec1":"Ag","nm_sec1":"Agropecuária","leg_sec2":null,"nm_sec2":null,"leg_sup":"Área Antrópica Dominante em Tensão Ecológica","legenda_1":"Contato (Ecótono e Encrave)","legenda_2":"Florestamento/Reflorestamento","legenda":"4Rp - Florestamento/Reflorestamento com Pinus","ar_poli_km":19.4243,"leg1_id":13.0,"leg2_id":50.0},"geometry":{"type":"MultiPolygon","coordinates":[[[[-49.8333438,-25.5513405999999],[-49.836350799999899,-25.553023799999899],[-49.8370373,-25.5531812],[-49.8377106,-25.5530858],[-49.83771665554768,-25.553083338157201],[-49.836685090999893,-25.552964840999898],[-49.833028978999899,-25.5503765549999],[-49.830353316,-25.548244773999901],[-49.829619127322481,-25.548117155683446],[-49.8333438,-25.5513405999999]]],[[[-49.8455276,-25.5492034],[-49.8459166,-25.5513728],[-49.8463045,-25.5519019],[-49.8508615,-25.5551543999999],[-49.851756,-25.555432],[-49.852372,-25.5553512],[-49.852887777228489,-25.555021842349447],[-49.852335969999899,-25.555191097],[-49.848182435999895,-25.552815723],[-49.846372147999894,-25.550587137],[-49.845785186999898,-25.549037099],[-49.845455335149921,-25.549073788139143],[-49.8455276,-25.5492034]]],[[[-49.8774144,-25.5450033],[-49.877691899999903,-25.5453651],[-49.8781762,-25.5459966],[-49.880635299999902,-25.549203],[-49.881101999999899,-25.549445299999899],[-49.8815688,-25.5496876999999],[-49.881993,-25.549908],[-49.8823724,-25.5500256],[-49.8831111,-25.550254799999902],[-49.883352026877176,-25.550267943820465],[-49.883213977,-25.549841998],[-49.879932916,-25.547040766999899],[-49.877998721,-25.544810729999899],[-49.877307169169555,-25.544863473038738],[-49.8774144,-25.5450033]]],[[[-49.875560699999902,-25.5675891],[-49.8757118,-25.568120599999901],[-49.876327072647854,-25.568814973230221],[-49.8767599829999,-25.568510579],[-49.875843119,-25.5664498729999],[-49.875721834096971,-25.565219723236829],[-49.875560699999902,-25.5675891]]]]}},
{"type":"Feature","properties":{"fid":10,"id1":974611,"cd_fcim":"SG22","leg_carga":"Rp.EM","cd_fito":"EM","cd_leg_2":"R","clas_domi":"Rp","leg_uveg":null,"nm_uveg":null,"leg_uantr":"Rp","nm_uantr":"Florestamento/Reflorestamento com Pinus","leg_contat":"EM","nm_contat":"Contato Estepe/Floresta Ombrófila Mista","veg_pretet":"EM","nm_pretet":"Contato Estepe/Floresta Ombrófila Mista","leg_sec1":null,"nm_sec1":null,"leg_sec2":null,"nm_sec2":null,"leg_sup":"Área Antrópica Dominante em Tensão Ecológica","legenda_1":"Contato (Ecótono e Encrave)","legenda_2":"Florestamento/Reflorestamento","legenda":"4Rp - Florestamento/Reflorestamento com Pinus","ar_poli_km":9.2685,"leg1_id":13.0,"leg2_id":50.0},"geometry":{"type":"MultiPolygon","coordinates":[[[[-49.810363632999895,-25.464523631],[-49.808661505,-25.465760393],[-49.802582250999905,-25.460150394],[-49.79793203,-25.466853521],[-49.798565470999897,-25.467438687],[-49.801104003,-25.469546152999897],[-49.803538295999893,-25.47038794],[-49.807148291,-25.47044571],[-49.80792065,-25.470572675],[-49.807881418,-25.472524258],[-49.813033345999898,-25.472951107],[-49.821287672,-25.473081693],[-49.834311053,-25.4734017759999],[-49.840738481999892,-25.474537428],[-49.845244,-25.475067286999899],[-49.846164336,-25.47416341],[-49.8463643279999,-25.470604948999899],[-49.849295683,-25.465942715],[-49.849216198999898,-25.46341417],[-49.848868523999897,-25.461456395],[-49.847619981,-25.4593690909999],[-49.848172222999899,-25.457539967999899],[-49.851312305,-25.455292028],[-49.851470481,-25.453801412],[-49.849715123999893,-25.451247086999899],[-49.844747470999899,-25.454614885999899],[-49.843413594999895,-25.456776175],[-49.840160669999896,-25.458217526999899],[-49.838926523999902,-25.461874887],[-49.836291259999896,-25.464704227],[-49.833960384999898,-25.465126513],[-49.833082734999898,-25.463850149999896],[-49.832246013,-25.460505226999899],[-49.826407709,-25.462136482999899],[-49.821445088999894,-25.465158355],[-49.819248358,-25.465353707],[-49.81851799,-25.463160032999898],[-49.834275671999897,-25.455713734],[-49.834552327,-25.454799205],[-49.824385095999901,-25.447172988],[-49.814301066,-25.448277409999896],[-49.811473593999899,-25.454204526999899],[-49.806259401,-25.456878601],[-49.810363632999895,-25.464523631]]]]}},
{"type":"Feature","properties":{"fid":11,"id1":974634,"cd_fcim":"SG22","leg_carga":"Rp.EM","cd_fito":"EM","cd_leg_2":"R","clas_domi":"Rp","leg_uveg":null,"nm_uveg":null,"leg_uantr":"Rp","nm_uantr":"Florestamento/Reflorestamento com Pinus","leg_contat":"EM","nm_contat":"Contato Estepe/Floresta Ombrófila Mista","veg_pretet":"EM","nm_pretet":"Contato Estepe/Floresta Ombrófila Mista","leg_sec1":null,"nm_sec1":null,"leg_sec2":null,"nm_sec2":null,"leg_sup":"Área Antrópica Dominante em Tensão Ecológica","legenda_1":"Contato (Ecótono e Encrave)","legenda_2":"Florestamento/Reflorestamento","legenda":"4Rp - Florestamento/Reflorestamento com Pinus","ar_poli_km":17.7519,"leg1_id":13.0,"leg2_id":50.0},"geometry":{"type":"MultiPolygon","coordinates":[[[[-49.893848606999896,-25.404391781999902],[-49.891349436,-25.406878895],[-49.889861044,-25.410416020999897],[-49.885816501999898,-25.412764013],[-49.873405653999896,-25.414293776999898],[-49.865969864999897,-25.418541085999898],[-49.865026659999899,-25.420594105],[-49.863425017999901,-25.423324917999896],[-49.863497196999894,-25.426197724],[-49.859380024,-25.425673596],[-49.854915213,-25.423191054],[-49.852962980999898,-25.424079586999898],[-49.853135764999898,-25.428332101],[-49.852525348,-25.4331455089999],[-49.853352992999902,-25.436948087],[-49.856427098,-25.438030488],[-49.859123946999894,-25.438645761],[-49.862437632,-25.440650635999898],[-49.864104160999901,-25.441136419],[-49.868865372999899,-25.441784624],[-49.871439202,-25.442054190999897],[-49.873913993,-25.440830573],[-49.877138024,-25.440880363],[-49.882074335,-25.445666867999901],[-49.883459044999896,-25.447410023],[-49.887465514,-25.4470130949999],[-49.896725462999896,-25.4484212949999],[-49.901864970999895,-25.442872698],[-49.902248604999897,-25.436447058999896],[-49.901558937999894,-25.432187379],[-49.9030123739999,-25.430372507],[-49.905136092999896,-25.4273046399999],[-49.9070771929999,-25.42698997],[-49.910067739999896,-25.4257731699999],[-49.911500578999899,-25.418444979999897],[-49.911652433999897,-25.410638642],[-49.910522146999902,-25.4091289029999],[-49.908203843,-25.4089775049999],[-49.908643405999896,-25.406228961],[-49.905686166999892,-25.405838377999899],[-49.903344945999898,-25.406835262999898],[-49.902195375999902,-25.406244339999898],[-49.901830835999895,-25.405089819999901],[-49.900544577999895,-25.404955196999897],[-49.898353020999899,-25.404920683999901],[-49.893848606999896,-25.404391781999902]]]]}},
{"type":"Feature","properties":{"fid":34,"id1":987120,"cd_fcim":"SG22","leg_carga":"EMc/Mm+Rp+Egs","cd_fito":"EM","cd_leg_2":"Mm","clas_domi":"Mm","leg_uveg":"Mm","nm_uveg":"Floresta Ombrófila Mista Montana","leg_uantr":null,"nm_uantr":null,"leg_contat":"EM","nm_contat":"Contato Estepe/Floresta Ombrófila Mista","veg_pretet":"EM","nm_pretet":"Contato Estepe/Floresta Ombrófila Mista","leg_sec1":"Rp","nm_sec1":"Florestamento/Reflorestamento com Pinus","leg_sec2":"Egs","nm_sec2":"Estepe Gramíneo-Lenhosa sem floresta-de-galeria","leg_sup":"Vegetação Natural Dominante em Tensão Ecológica","legenda_1":"Contato (Ecótono e Encrave)","legenda_2":"Floresta Ombrófila Mista Montana","legenda":"2Mm - Floresta Ombrófila Mista Montana","ar_poli_km":9.735,"leg1_id":13.0,"leg2_id":9.0},"geometry":{"type":"MultiPolygon","coordinates":[[[[-49.933050994,-25.225451236],[-49.935553561999896,-25.229277488],[-49.938383561999892,-25.242807017],[-49.941371025999899,-25.241643849],[-49.942800361,-25.240977766],[-49.947456793999898,-25.2401304529999],[-49.950194300999897,-25.238451159],[-49.952688543999898,-25.236079527],[-49.953500187,-25.234140313999902],[-49.959341486,-25.231934398999901],[-49.963463898,-25.231997174],[-49.968067500999901,-25.233789858],[-49.965167268999899,-25.237186966],[-49.969811808,-25.243569678],[-49.975086151,-25.244109269],[-49.979240366999896,-25.242567481],[-49.984599326999898,-25.238631899],[-49.987583635,-25.237529481],[-49.990286742,-25.237685317999897],[-49.992500237999899,-25.2364564979999],[-49.993580196,-25.233947782],[-49.994285427,-25.230745057],[-49.9958647509999,-25.229047218999899],[-49.997059555999897,-25.227229117],[-49.996956189999899,-25.22585062],[-49.993546340999892,-25.222241288],[-49.990126374999896,-25.225861807999898],[-49.987368450999895,-25.22857463],[-49.984414867999902,-25.2280709099999],[-49.980069856999897,-25.226168671],[-49.978552772999898,-25.224652442],[-49.976643139,-25.22347637],[-49.973677832999897,-25.223546266],[-49.969419854,-25.223825403],[-49.965825843999895,-25.2230817179999],[-49.963671087,-25.22121236],[-49.9616422,-25.219574968999897],[-49.958816211999896,-25.219072732],[-49.955152584999901,-25.222000524999899],[-49.953288931,-25.2250713769999],[-49.950570561999896,-25.2257182489999],[-49.947625206999895,-25.224754636999897],[-49.944804717999901,-25.224022965999897],[-49.943667742999899,-25.222858037],[-49.939167374999897,-25.222329321999897],[-49.935538961,-25.223421554],[-49.933050994,-25.225451236]]]]}},
{"type":"Feature","properties":{"fid":35,"id1":985414,"cd_fcim":"SG22","leg_carga":"EMc/Mm+Rp+Egs","cd_fito":"EM","cd_leg_2":"Mm","clas_domi":"Mm","leg_uveg":"Mm","nm_uveg":"Floresta Ombrófila Mista Montana","leg_uantr":null,"nm_uantr":null,"leg_contat":"EM","nm_contat":"Contato Estepe/Floresta Ombrófila Mista","veg_pretet":"EM","nm_pretet":"Contato Estepe/Floresta Ombrófila Mista","leg_sec1":"Rp","nm_sec1":"Florestamento/Reflorestamento com Pinus","leg_sec2":"Egs","nm_sec2":"Estepe Gramíneo-Lenhosa sem floresta-de-galeria","leg_sup":"Vegetação Natural Dominante em Tensão Ecológica","legenda_1":"Contato (Ecótono e Encrave)","legenda_2":"Floresta Ombrófila Mista Montana","legenda":"2Mm - Floresta Ombrófila Mista Montana","ar_poli_km":28.3446,"leg1_id":13.0,"leg2_id":9.0},"geometry":{"type":"MultiPolygon","coordinates":[[[[-49.967277952999893,-25.171179147],[-49.968021366999899,-25.172681052],[-49.967977055999896,-25.174975455],[-49.960459447999902,-25.177385016999896],[-49.957830133,-25.180098744],[-49.956697549999902,-25.18535981],[-49.955853515999898,-25.189018632999897],[-49.954494848,-25.192669661],[-49.956507282,-25.19522496],[-49.956991096,-25.196839586999896],[-49.956955771,-25.198674745999899],[-49.959234174999892,-25.200774984999899],[-49.963373235999896,-25.1999206139999],[-49.968604925999898,-25.195869193999897],[-49.973338965,-25.190891918],[-49.977976305,-25.190963225],[-49.982586565999895,-25.192410102999897],[-49.985450977,-25.190846742],[-49.989860136999901,-25.189307660999898],[-49.992942682,-25.189812972],[-49.994196578999897,-25.191668025999899],[-49.994662607999899,-25.194199669999897],[-49.994108411999896,-25.196257224999901],[-49.9932999379999,-25.198081148],[-49.995300265,-25.201324106],[-49.9999278189999,-25.201853630999899],[-50.002512919,-25.201433036],[-50.005334293,-25.202165022],[-50.00889669,-25.204513167999899],[-50.011682192,-25.207080321],[-50.017016039999895,-25.211061978],[-50.01799992,-25.213601573999899],[-50.016911313,-25.21656876],[-50.014527528,-25.219975679999898],[-50.013182981999897,-25.222939535],[-50.014960845,-25.224342985],[-50.017025010999895,-25.224144672],[-50.021649513999897,-25.224903232],[-50.024720075999895,-25.226097138999901],[-50.027305360999897,-25.225677201999897],[-50.031912038999899,-25.227352841],[-50.036274351,-25.228336173999899],[-50.041178172999892,-25.227950376],[-50.044327220999897,-25.225013777],[-50.045173608,-25.221124835999898],[-50.044993143999896,-25.2169912439999],[-50.043783392999899,-25.212841418],[-50.044084849999898,-25.210550951],[-50.044643140999902,-25.208263891999898],[-50.04521034,-25.205518276],[-50.043699177999898,-25.203659941999899],[-50.042682323999898,-25.202955764],[-50.039058095999899,-25.203819859],[-50.034085159999897,-25.207876047],[-50.031984364,-25.209910605999898],[-50.028905993999892,-25.209175448999897],[-50.026374607,-25.206842062],[-50.026138202,-25.205691280999897],[-50.028749156999901,-25.203894721],[-50.030363688999898,-25.200245668],[-50.028346998999901,-25.197920103999898],[-50.027106251999896,-25.195377309],[-50.024845269999901,-25.192359617999898],[-50.020230295,-25.191142662999898],[-50.016636590999902,-25.1903996879999],[-50.014082058,-25.189214551],[-50.011772864999898,-25.188720648999901],[-50.007176112,-25.189970657999901],[-50.004212175,-25.190040859],[-49.999249687,-25.1867531669999],[-50.000572683,-25.184937085999898],[-50.00267253,-25.1829038599999],[-50.001935161999896,-25.181056703999896],[-50.000147909999896,-25.180225236999899],[-49.998914767,-25.1773381739999],[-49.999390767,-25.1726412199999],[-50.000609556,-25.169561265],[-50.001156399999893,-25.1678482559999],[-50.001572302999897,-25.166362824],[-50.00225476,-25.164308137],[-50.001380059,-25.162917905],[-49.998932747999895,-25.162880727],[-49.997414142,-25.161480993999898],[-49.997309034999894,-25.160217964],[-49.997335069,-25.158841578999898],[-49.995811994999897,-25.157671104],[-49.992487367,-25.156357817999901],[-49.990429982,-25.156212496],[-49.987265369999903,-25.1532953],[-49.986650305999895,-25.151794368],[-49.987708204999898,-25.150318549999898],[-49.990437458,-25.149098012],[-49.993014784,-25.149022805999898],[-49.994719261999897,-25.147442333999898],[-49.994761576999899,-25.145262357],[-49.994152760999903,-25.143417186],[-49.993173092999896,-25.140764121],[-49.990235796,-25.139456983999899],[-49.987646782999896,-25.140106588],[-49.98594231,-25.14168697],[-49.983351505,-25.142450706],[-49.981029227,-25.142645256],[-49.978423071999899,-25.144211712],[-49.976837855,-25.146253163],[-49.975892966999893,-25.1485334129999],[-49.975206622,-25.150702044],[-49.975040281999902,-25.152650197999897],[-49.976660951,-25.155428980999901],[-49.978167805999902,-25.157517442],[-49.979568695999902,-25.158341961999898],[-49.981999667,-25.159182094],[-49.983136535999897,-25.160346567],[-49.983234308999897,-25.161953921999899],[-49.976779733999898,-25.162659545999897],[-49.975862712,-25.163448456],[-49.972866617999898,-25.165238171999899],[-49.972058090999894,-25.1670617999999],[-49.970878722999899,-25.168077415],[-49.968434128999895,-25.167924911999901],[-49.96680043,-25.169220368],[-49.966533596,-25.169675407999897],[-49.967277952999893,-25.171179147]]]]}},
{"type":"Feature","properties":{"fid":64,"id1":983141,"cd_fcim":"SG22","leg_carga":"Acc+R+Vss.EM","cd_fito":"EM","cd_leg_2":"Ac","clas_domi":"Acc","leg_uveg":null,"nm_uveg":null,"leg_uantr":"Acc","nm_uantr":"Agricultura com Culturas Cíclicas","leg_contat":"EM","nm_contat":"Contato Estepe/Floresta Ombrófila Mista","veg_pretet":"EM","nm_pretet":"Contato Estepe/Floresta Ombrófila Mista","leg_sec1":"R","nm_sec1":"Florestamento/Reflorestamento","leg_sec2":"Vss","nm_sec2":"Vegetação Secundária sem palmeiras","leg_sup":"Área Antrópica Dominante em Tensão Ecológica","legenda_1":"Contato (Ecótono e Encrave)","legenda_2":"Agricultura","legenda":"4Acc - Agricultura com Culturas Cíclicas","ar_poli_km":759.4527,"leg1_id":13.0,"leg2_id":44.0},"geometry":{"type":"MultiPolygon","coordinates":[[[[-50.2769246,-25.369897299999899],[-50.277058399999902,-25.3698906999999],[-50.2770904,-25.3698051],[-50.2770439,-25.3696833],[-50.2770411,-25.3696808],[-50.2768717,-25.3695253],[-50.276758947150945,-25.36944936440775],[-50.276876181660811,-25.369897043546832],[-50.2769246,-25.369897299999899]]],[[[-50.276294,-25.3674348],[-50.2763887,-25.367392299999899],[-50.2763894,-25.3672708],[-50.276358199999898,-25.367213499999899],[-50.27628,-25.367155899999901],[-50.276257299999898,-25.366984199999902],[-50.276258,-25.366876999999899],[-50.276297499999899,-25.3668484999999],[-50.276431499999902,-25.3668063],[-50.2765421,-25.3667353],[-50.276542699999901,-25.366728899999899],[-50.2765506,-25.3666423999999],[-50.276535099999897,-25.3665852],[-50.276504,-25.3665422],[-50.2763393,-25.3664340999999],[-50.2762058,-25.366397699999901],[-50.2759386,-25.366324899999899],[-50.275887077792632,-25.366306395031597],[-50.276208386158252,-25.367424246165399],[-50.276294,-25.3674348]]],[[[-50.2759172,-25.3659744],[-50.2762398,-25.365976],[-50.276452199999902,-25.3659771],[-50.2766804,-25.3659782],[-50.2767992,-25.3658500999999],[-50.276817299999898,-25.3657701],[-50.2768234,-25.365742899999901],[-50.276815999999897,-25.3656642],[-50.2767612,-25.365621099999899],[-50.2766748,-25.3655921],[-50.2765568,-25.365591499999901],[-50.2762501,-25.365568499999899],[-50.2761593,-25.365533099999901],[-50.2760459,-25.3654888999999],[-50.2758656,-25.3653737],[-50.2757756,-25.3652946],[-50.2756855,-25.3652155],[-50.275623499999902,-25.3650721],[-50.2756246,-25.3648792],[-50.275689199999903,-25.3646006],[-50.275785599999899,-25.3642722],[-50.2757788,-25.3640864],[-50.2758592,-25.363814999999899],[-50.2760021,-25.3636013],[-50.276044,-25.363483599999899],[-50.276058099999901,-25.363444199999901],[-50.276058799999902,-25.3633156],[-50.276035599999901,-25.3632653999999],[-50.2759571,-25.363229299999901],[-50.275862699999898,-25.363228799999899],[-50.2757442,-25.3632229],[-50.2757053999999,-25.363220899999899],[-50.2755875,-25.3631917],[-50.2755721,-25.363134499999902],[-50.2755725,-25.3630772],[-50.2756125,-25.3629559],[-50.2757391,-25.3628348999999],[-50.275841899999897,-25.3627913999999],[-50.2758793,-25.362775499999898],[-50.275889,-25.3627713999999],[-50.2759134,-25.362768899999899],[-50.2760228,-25.3627577],[-50.2761156,-25.3627324999999],[-50.2762041,-25.3627086],[-50.2763069,-25.362637499999899],[-50.2763942,-25.3625165],[-50.2764026,-25.3624235],[-50.2764096,-25.362351],[-50.2764109,-25.3623378],[-50.2763487,-25.362223099999898],[-50.2762627,-25.3621226],[-50.2758701,-25.3619849],[-50.275516099999898,-25.3619616],[-50.2753427,-25.3620108],[-50.2751534,-25.3620885],[-50.275042799999902,-25.3621595],[-50.2749085,-25.362244599999901],[-50.27484,-25.3622354],[-50.2747434,-25.3622224],[-50.2746729,-25.3621792],[-50.274645899999904,-25.362089599999901],[-50.2746189,-25.3620000999999],[-50.274556899999901,-25.361828199999898],[-50.274558,-25.361649499999899],[-50.2745583,-25.3615995],[-50.2745591,-25.3614707999999],[-50.2745677999999,-25.3613278],[-50.274599599999902,-25.361263699999899],[-50.274671,-25.3611854],[-50.2746718,-25.3610423],[-50.274671899999902,-25.361026299999899],[-50.2746728,-25.360885],[-50.274673499999899,-25.3607564],[-50.274619399999899,-25.3605774],[-50.2745414,-25.3604841],[-50.274408,-25.3604119],[-50.274394099999903,-25.3604161],[-50.2742425,-25.3604611],[-50.2741159,-25.3605749],[-50.2740052,-25.3606672999999],[-50.273936732585632,-25.360687637572244],[-50.275706955,-25.365679736999901],[-50.275778245258607,-25.365927760098373],[-50.2759172,-25.3659744]]],[[[-50.2738262,-25.3603375],[-50.2739372,-25.3601808],[-50.274197199999897,-25.360132],[-50.2745599,-25.360019399999899],[-50.274804699999898,-25.359856299999901],[-50.2748688,-25.359684899999898],[-50.274886099999897,-25.3594062],[-50.2750219,-25.3590637],[-50.2752194,-25.358928799999902],[-50.2753296,-25.3589365],[-50.275518,-25.359001799999898],[-50.2756587,-25.359054699999898],[-50.27573,-25.359081499999899],[-50.275887399999903,-25.3590823],[-50.275997899999901,-25.3590113],[-50.2760064,-25.358918399999901],[-50.275975199999898,-25.358875399999899],[-50.275826,-25.3588245],[-50.2758181,-25.3588167],[-50.2757399,-25.3587383],[-50.275732499999897,-25.358674],[-50.2758191,-25.3586458],[-50.275921599999897,-25.358632],[-50.276173399999898,-25.3586189],[-50.2763543,-25.3586197999999],[-50.2764569,-25.358570299999901],[-50.2765284,-25.3584706],[-50.2765345,-25.3583558999999],[-50.2765372,-25.3583062],[-50.2765461,-25.3581202999999],[-50.2765075,-25.358005799999901],[-50.2763507,-25.357911999999899],[-50.2761934,-25.357911199999901],[-50.276083,-25.357939299999899],[-50.275846999999899,-25.357931],[-50.2758001,-25.3578807],[-50.2757536,-25.3577660999999],[-50.2756911,-25.3576871],[-50.2756204,-25.3576654],[-50.275526,-25.357672099999899],[-50.275344399999902,-25.357771199999899],[-50.2751813,-25.3578505],[-50.275155,-25.357863199999901],[-50.274982099999903,-25.3578267],[-50.274895899999898,-25.357776199999901],[-50.2748966999999,-25.357626099999901],[-50.2749537,-25.357551699999899],[-50.274984,-25.3575121],[-50.275087,-25.357383899999899],[-50.275197999999897,-25.3572629],[-50.2752379,-25.357163],[-50.2751754,-25.3570769],[-50.275136099999898,-25.3570695],[-50.275018,-25.3570832999999],[-50.2748917,-25.3571613],[-50.274765199999898,-25.357260799999899],[-50.274543799999897,-25.3574313],[-50.2744415,-25.357444999999899],[-50.2743627,-25.357451899999901],[-50.274356631653674,-25.357451867858238],[-50.273741603999902,-25.360137366999897],[-50.273824461106905,-25.360371027421937],[-50.2738262,-25.3603375]]],[[[-50.2769142,-25.352727199999901],[-50.2770194,-25.352639],[-50.2770589,-25.352610599999899],[-50.2770594,-25.3525356],[-50.2770598,-25.3524604999999],[-50.277057198581424,-25.352439411166745],[-50.276872158528697,-25.352740815703676],[-50.2769142,-25.352727199999901]]],[[[-50.2781169,-25.3506783999999],[-50.278243,-25.3506432],[-50.2784475,-25.3506371],[-50.278558,-25.3505731999999],[-50.278597799999901,-25.3505019],[-50.2785905,-25.3504161],[-50.2785436,-25.3503658],[-50.2784574,-25.350300999999899],[-50.2783951,-25.3502007],[-50.278389900655,-25.350171456522439],[-50.278078595010335,-25.350704777106721],[-50.2781169,-25.3506783999999]]],[[[-50.278855,-25.349588099999899],[-50.2790363,-25.3495389],[-50.279248799999898,-25.3495257],[-50.279398899999897,-25.349426299999902],[-50.279421699999901,-25.349394699999898],[-50.279502,-25.3492838],[-50.2795498,-25.3491768],[-50.2796135,-25.3490484],[-50.2797245,-25.348913099999901],[-50.2798749,-25.3487636999999],[-50.279994299999899,-25.348672399999899],[-50.280191,-25.348522199999898],[-50.2803502,-25.348423],[-50.2804358,-25.3483697],[-50.280530499999898,-25.3483165],[-50.280884699999902,-25.3481199],[-50.2809647,-25.348075499999901],[-50.2812412,-25.347876799999899],[-50.2812974,-25.347684],[-50.2812833,-25.3474983999999],[-50.2812756,-25.3473979],[-50.2811819,-25.347283],[-50.281001499999903,-25.347182099999898],[-50.280876099999901,-25.3470957],[-50.2808104,-25.3470210999999],[-50.2807432,-25.3469448],[-50.2807285,-25.3467732],[-50.2807926999999,-25.346559],[-50.280900099999897,-25.3463594],[-50.280960299999897,-25.346166599999901],[-50.2810241,-25.3460097],[-50.281213599999901,-25.3459033],[-50.2812456,-25.345810599999901],[-50.2812456999999,-25.345792699999901],[-50.281245899999902,-25.3457533],[-50.281191099999901,-25.3457101999999],[-50.2811361,-25.3456955999999],[-50.2811047,-25.3456882999999],[-50.2810185,-25.3456378999999],[-50.2809951,-25.3455877],[-50.280940799999897,-25.3454657999999],[-50.2809167,-25.3454101],[-50.280909699999903,-25.3453943],[-50.2808636,-25.3452081],[-50.2808567,-25.3450508],[-50.2808592,-25.3450354],[-50.2808812,-25.344899499999901],[-50.2809091,-25.344808],[-50.2809614,-25.344636599999902],[-50.280961499999897,-25.344623],[-50.2809619,-25.3445437],[-50.280946599999901,-25.3444792999999],[-50.2807978,-25.344378499999898],[-50.2807468,-25.3443460999999],[-50.2805574,-25.344257099999901],[-50.280554499999901,-25.3442557],[-50.2803896,-25.344212],[-50.2803582,-25.3442047],[-50.280245099999902,-25.3441655],[-50.2802325,-25.3441612],[-50.280217532267557,-25.344147479578496],[-50.280156204,-25.347592359],[-50.278751274333359,-25.34960396527309],[-50.278855,-25.349588099999899]]],[[[-50.280233199999898,-25.3440396999999],[-50.2803046,-25.3439614],[-50.280454399999897,-25.3438978],[-50.2805096,-25.3438623],[-50.280620499999898,-25.343748499999901],[-50.2806373,-25.343709299999901],[-50.280660399999903,-25.3436556999999],[-50.2806942,-25.3435373],[-50.2807247,-25.3434308],[-50.2807409,-25.3433343999999],[-50.280781499999897,-25.343134399999901],[-50.2807825,-25.3429651],[-50.2807827,-25.3429199],[-50.280769399999897,-25.342835],[-50.280752499999899,-25.3427267],[-50.280696,-25.342654],[-50.2806744,-25.3426262999999],[-50.280595499999897,-25.34259],[-50.2805802,-25.3425829],[-50.2805173,-25.3425755],[-50.2804861,-25.3425324],[-50.2804867,-25.3424251],[-50.280495099999897,-25.3423323],[-50.280527499999899,-25.342189399999899],[-50.2807802,-25.3420262],[-50.2808901,-25.3419332],[-50.2809146,-25.3419125],[-50.2808754,-25.3418766],[-50.2808618,-25.341874899999901],[-50.280812599999898,-25.341869099999901],[-50.280773199999899,-25.3418689],[-50.2806712,-25.341832699999902],[-50.280652099999898,-25.3418215999999],[-50.2805222,-25.3417461999999],[-50.280408,-25.341608399999899],[-50.280397299999898,-25.3415954],[-50.280350999999897,-25.341430699999901],[-50.2803206,-25.3411672],[-50.2803137,-25.3410873999999],[-50.280323,-25.3408372],[-50.280403299999897,-25.340565899999898],[-50.280451,-25.340487499999899],[-50.2805463,-25.340337799999901],[-50.2805466,-25.3402806],[-50.280530999999897,-25.3402447],[-50.280515989837731,-25.340233222580995],[-50.280274783,-25.340931639999898],[-50.280217627798464,-25.344142113497064],[-50.280233199999898,-25.3440396999999]]],[[[-50.2816748,-25.3370689],[-50.2818639,-25.3370196999999],[-50.281893599999897,-25.3370191],[-50.281964899999899,-25.3370178],[-50.2821551,-25.337014],[-50.2823445,-25.336922],[-50.282462699999897,-25.3368725],[-50.2824725,-25.336855],[-50.282550199999903,-25.3367157],[-50.2825748,-25.336551299999901],[-50.2825793,-25.336450699999901],[-50.282583799999898,-25.3363512],[-50.2825768,-25.3362011],[-50.2825695,-25.336108],[-50.2825306,-25.3360364],[-50.2824598999999,-25.336014599999899],[-50.2824105,-25.336014299999899],[-50.2823655,-25.3360140999999],[-50.2823642,-25.3360140999999],[-50.282302899999898,-25.3360115999999],[-50.282168899999903,-25.336006],[-50.2821061,-25.3359699],[-50.282090799999899,-25.335912699999898],[-50.2820912,-25.3358340999999],[-50.2821311,-25.3357485],[-50.2823098,-25.3354562],[-50.2823771,-25.335385],[-50.282428799999899,-25.3353319],[-50.2824325,-25.335328],[-50.2825429,-25.3352929],[-50.2825979,-25.335286],[-50.2826294,-25.3352861],[-50.2826923,-25.3352864],[-50.282817899999898,-25.335337099999901],[-50.282966799999897,-25.335437899999899],[-50.2831945,-25.335510499999899],[-50.2833362,-25.3354969],[-50.2834758,-25.3353400999999],[-50.2834946,-25.335318899999901],[-50.283518699999902,-25.3352260999999],[-50.2834879,-25.3351331],[-50.2834174,-25.335061199999899],[-50.283329099999897,-25.3350181],[-50.283284099999896,-25.3349962],[-50.2830716,-25.3349951],[-50.2830112,-25.335000099999899],[-50.282906399999902,-25.3350086999999],[-50.282686399999903,-25.3349575999999],[-50.2825845,-25.3348998],[-50.2825854,-25.334749799999901],[-50.2825857,-25.3347454],[-50.282610599999899,-25.3344638999999],[-50.2826199,-25.334228],[-50.2827081,-25.3340251],[-50.2827316,-25.3339712],[-50.282865699999903,-25.333907399999902],[-50.283116699999901,-25.333857599999899],[-50.2831227,-25.333856399999899],[-50.283393299999901,-25.333802799999901],[-50.2836925,-25.3337756],[-50.283715899999898,-25.3337673],[-50.2838422,-25.333722],[-50.283850099999903,-25.3337192],[-50.2838899,-25.3336479],[-50.2838887,-25.3336439],[-50.2838745,-25.3335977999999],[-50.2838508,-25.333597699999899],[-50.2837172,-25.3335756],[-50.2836227,-25.3335966],[-50.283504799999903,-25.333596],[-50.2833945,-25.333602599999899],[-50.283292199999899,-25.3336093],[-50.2831198,-25.3336155],[-50.2831191,-25.3336155],[-50.283001199999902,-25.333615],[-50.2829588,-25.3336019],[-50.282906899999901,-25.3335858999999],[-50.2828127,-25.3335569],[-50.282790714001962,-25.333526598784857],[-50.282722349,-25.333844681999899],[-50.281602581323874,-25.337086983327207],[-50.2816748,-25.3370689]]],[[[-50.2829644,-25.332908799999899],[-50.2829896,-25.332892899999901],[-50.2830949,-25.3328933999999],[-50.2831548999999,-25.3328936999999],[-50.2832319,-25.3328974],[-50.2833201,-25.3329016],[-50.2835482,-25.3329027],[-50.2837292,-25.3328820999999],[-50.283792499999898,-25.332825199999899],[-50.283832,-25.3327897],[-50.283833699999903,-25.3327843],[-50.283872099999897,-25.3326612],[-50.2839286,-25.33256],[-50.2839436,-25.332532899999901],[-50.2840454,-25.332489899999899],[-50.2840777,-25.3324762999999],[-50.2842275,-25.3324413],[-50.2844246,-25.3323636],[-50.2844526,-25.3322744],[-50.2844549,-25.3322297],[-50.284457099999898,-25.332185],[-50.2844497,-25.332084899999899],[-50.284371899999897,-25.331963],[-50.2842778999999,-25.3318839],[-50.2840662999999,-25.3317541],[-50.2840471,-25.331671],[-50.2840432,-25.331654],[-50.2840528,-25.3315972],[-50.2840735,-25.331473399999901],[-50.284084,-25.3314111],[-50.2841041,-25.331336099999898],[-50.2841242,-25.331261099999899],[-50.284144599999898,-25.3312065],[-50.284188099999902,-25.3310898],[-50.2842095,-25.331068199999901],[-50.284314799999898,-25.3309618],[-50.2844337,-25.3308122],[-50.2845442,-25.3307341],[-50.2845761,-25.3306699],[-50.2845746,-25.3306623],[-50.2845609,-25.3305912],[-50.284512699999901,-25.3305371],[-50.284490499999897,-25.330512199999902],[-50.284412,-25.3304831999999],[-50.2843485,-25.3304795],[-50.2842783,-25.3304754],[-50.2841288,-25.3304747],[-50.2840108,-25.3304884],[-50.2839618,-25.330497099999899],[-50.283875099999896,-25.3305124],[-50.2838533,-25.3305162],[-50.283719399999903,-25.3305442],[-50.283617499999899,-25.3304793],[-50.2835555,-25.330329],[-50.2835564,-25.330178799999899],[-50.283572499999899,-25.330100199999901],[-50.2836343,-25.330052599999899],[-50.2836831,-25.330015],[-50.2837018,-25.3300139],[-50.2837934,-25.330008399999901],[-50.2839585,-25.3300091999999],[-50.2840451,-25.3299953],[-50.2840884,-25.329939099999901],[-50.2841165,-25.329902699999899],[-50.2841251,-25.329781099999899],[-50.2841103,-25.329631],[-50.2840793,-25.3295414],[-50.284048299999903,-25.3294519],[-50.2839130999999,-25.3291919],[-50.283892799999897,-25.329150899999899],[-50.2837921,-25.328893],[-50.283788859599255,-25.328882506755892],[-50.282917033080643,-25.332938871475353],[-50.2829644,-25.332908799999899]]],[[[-50.286858,-25.3184767999999],[-50.286960899999897,-25.3183915],[-50.2870636,-25.318306199999899],[-50.2870736,-25.318281199999898],[-50.287103499999901,-25.3182064],[-50.287088599999898,-25.318172],[-50.2870723999999,-25.3181347],[-50.2869949,-25.318053899999899],[-50.2869552,-25.3180126],[-50.286944415270703,-25.317998968102145],[-50.286758130001026,-25.318551667383147],[-50.286858,-25.3184767999999]]],[[[-50.3672372,-25.105840999999899],[-50.367238752303962,-25.105831632852684],[-50.367142496563226,-25.105926602600629],[-50.3672372,-25.105840999999899]]],[[[-50.3729661,-25.096892599999901],[-50.3735158,-25.0964908],[-50.374199099999899,-25.0960223],[-50.3747791,-25.095486],[-50.375529399999898,-25.094937],[-50.376046099999897,-25.094522599999902],[-50.3763657,-25.0942613],[-50.3770723,-25.0935638999999],[-50.377659799999897,-25.0930074],[-50.378031899999897,-25.092598199999902],[-50.378255599999903,-25.0922826],[-50.378493799999902,-25.091994],[-50.378791299999897,-25.0917125],[-50.379255199999903,-25.0914336],[-50.379707799999899,-25.091206499999899],[-50.380115499999903,-25.091080299999899],[-50.3805632,-25.0910259],[-50.3808116,-25.0909957],[-50.381514799999898,-25.0909717],[-50.381803953485502,-25.09096114822966],[-50.383474393,-25.090002002999899],[-50.385452146,-25.0909180959999],[-50.384126373999898,-25.095565377],[-50.382583315,-25.098210888],[-50.38654596,-25.099820372999897],[-50.387517046,-25.10138835],[-50.387475342999892,-25.103831902],[-50.384198249999898,-25.105787163999899],[-50.382418442,-25.107761366],[-50.382896344999892,-25.108990095],[-50.387613986999895,-25.110164842],[-50.389843742,-25.111084927],[-50.3918084109999,-25.112888684],[-50.393998662999898,-25.116029587999897],[-50.394927238,-25.120041353],[-50.395146666999899,-25.121822364],[-50.395100016999898,-25.124487109],[-50.393308966999896,-25.127129102],[-50.391263922999897,-25.129990022999898],[-50.390730565999895,-25.131982198999896],[-50.388236438,-25.131948547],[-50.386709454999895,-25.133704980999898],[-50.386652481999896,-25.137037467],[-50.387335171999901,-25.140823761],[-50.38755051,-25.142826858],[-50.388965770999896,-25.147511795999897],[-50.393155779,-25.150457963999898],[-50.395685554999901,-25.148493261999899],[-50.398965184999895,-25.146315575],[-50.402468315,-25.145696212999898],[-50.404954481999894,-25.146174519999899],[-50.407911654,-25.148325568999901],[-50.4096075859999,-25.151237093],[-50.411537318999898,-25.155041205],[-50.411495832999897,-25.157485306999899],[-50.413188810999898,-25.160618875],[-50.415676119999901,-25.161097136],[-50.416673879,-25.161110875],[-50.417905441999899,-25.162016282],[-50.419616720999898,-25.164039203999899],[-50.424076439,-25.165877458999898],[-50.426340102,-25.164797181],[-50.429881690999892,-25.161955234999898],[-50.433897943,-25.160454515],[-50.436120274,-25.161817422999899],[-50.436584963999898,-25.163823615999899],[-50.432563666,-25.165547240999899],[-50.427027462999895,-25.168361874],[-50.423452454999897,-25.173202393999901],[-50.422919255999901,-25.175194985999898],[-50.425367438,-25.177894613],[-50.426101165,-25.17879412],[-50.427041558,-25.182140022999899],[-50.424366745,-25.185666769],[-50.4234570079999,-25.187876996999901],[-50.4251685,-25.189900107],[-50.426522212999899,-25.1909185059999],[-50.427248915999897,-25.192262015],[-50.427850698,-25.193492577],[-50.428928717999902,-25.19617333],[-50.430361090999895,-25.199971199999897],[-50.42993978,-25.202742918999895],[-50.431158001,-25.204425833],[-50.433371120999901,-25.206345353],[-50.434214356,-25.208135298999899],[-50.435688153999898,-25.209487758],[-50.437037452,-25.210839651999901],[-50.438277346999897,-25.2113011829999],[-50.44127675,-25.211007811999899],[-50.443750064,-25.212263359],[-50.445623973999901,-25.212177733],[-50.446385495999898,-25.211410072],[-50.446790084,-25.209637649999898],[-50.448173561,-25.208988829],[-50.448506885170595,-25.209092935398282],[-50.448732199999903,-25.2088845],[-50.448837599999898,-25.2086682999999],[-50.4489012,-25.2084543],[-50.448902599999897,-25.2081061],[-50.449135899999902,-25.207380699999899],[-50.449238,-25.2071879],[-50.4492854,-25.2069832],[-50.4495717,-25.2063103999999],[-50.4500785,-25.205700799999899],[-50.450192899999898,-25.2053644],[-50.450381,-25.2050646],[-50.450465199999897,-25.2042752999999],[-50.4505717,-25.2038219],[-50.450726599999903,-25.203024099999901],[-50.4509287,-25.202619899999899],[-50.4510847,-25.2020466],[-50.451226399999904,-25.201777],[-50.4513031,-25.2012501],[-50.4513937,-25.2011206],[-50.4515385999999,-25.201003],[-50.4517035,-25.2006203],[-50.4520843,-25.2001526],[-50.4521842,-25.199875899999899],[-50.4522577,-25.1997569],[-50.4524582,-25.1995598],[-50.4527868,-25.1993411999999],[-50.452897699999902,-25.199234],[-50.452956099999902,-25.199092699999898],[-50.4529419,-25.198735],[-50.4529911,-25.1986368],[-50.453066299999897,-25.198487],[-50.4530654,-25.198268299999899],[-50.4531004,-25.198130499999898],[-50.453227399999903,-25.1980162999999],[-50.4534193,-25.1979249],[-50.4535797,-25.1979127],[-50.4539627,-25.1979512999999],[-50.4542432,-25.1978506],[-50.4547788,-25.1974471999999],[-50.455374199999902,-25.197315699999901],[-50.4558369,-25.1971033],[-50.4559169,-25.196981299999901],[-50.455968599999899,-25.1966482],[-50.4560369,-25.1965208999999],[-50.4561782,-25.1964910999999],[-50.4564169,-25.196514099999899],[-50.4564856,-25.1964819],[-50.456528499999898,-25.1962914],[-50.4564138,-25.195757],[-50.4564482,-25.195629],[-50.4566164,-25.1954724],[-50.4567589,-25.195456599999901],[-50.456912499999902,-25.1955042],[-50.4569792,-25.1954815],[-50.4570145,-25.1953604999999],[-50.4570179,-25.195147899999899],[-50.4571589,-25.1949918],[-50.457172899999897,-25.1949298],[-50.457000999999899,-25.1942452],[-50.457126699999897,-25.193698599999902],[-50.457115,-25.193565],[-50.456974,-25.19331],[-50.4567579,-25.1932471],[-50.4566426,-25.193157499999899],[-50.456704699999896,-25.1930432],[-50.4568965,-25.192926],[-50.456934499999903,-25.1928697],[-50.456969,-25.1926402],[-50.457397399999898,-25.1917341999999],[-50.457595099999899,-25.190949],[-50.457632499999903,-25.1903502],[-50.4578094,-25.1901101],[-50.457782699999903,-25.189881399999901],[-50.4576147,-25.189658199999901],[-50.4575121,-25.1893987],[-50.457502,-25.189268599999899],[-50.4574866,-25.1890706],[-50.4575507,-25.1888066],[-50.457770799999899,-25.1883455],[-50.4577341,-25.1877239],[-50.457936699999898,-25.1870187],[-50.4579783,-25.186647999999899],[-50.457974599999901,-25.1863127],[-50.4581881,-25.185854699999901],[-50.4583784,-25.1855586],[-50.458426099999897,-25.1854845],[-50.458577299999902,-25.185102],[-50.458733499999902,-25.1848638],[-50.458770899999898,-25.1846586],[-50.4587367,-25.1843810999999],[-50.458787899999898,-25.1839113],[-50.4589405,-25.1835508],[-50.4591353,-25.1832954999999],[-50.459147599999902,-25.1831553],[-50.4591548,-25.1828781],[-50.4592895,-25.1826225],[-50.4595103,-25.182327],[-50.4597747,-25.182074699999902],[-50.4599051,-25.1818613],[-50.459908799999901,-25.1817212999999],[-50.4598224,-25.1815353],[-50.4598377,-25.181403],[-50.4601524,-25.181119599999899],[-50.460343899999899,-25.1807888],[-50.460444799999898,-25.1802359],[-50.4604414,-25.1799454],[-50.4603973,-25.179737499999899],[-50.460385,-25.179679899999901],[-50.4604083,-25.1796186],[-50.4605003,-25.1795005],[-50.460607,-25.179433399999901],[-50.4612847,-25.179185099999899],[-50.461670599999898,-25.1788197999999],[-50.4618743,-25.1783492],[-50.4621058,-25.1780894],[-50.4621594,-25.178029299999899],[-50.462197021821773,-25.177715200023261],[-50.461431020999896,-25.178624305],[-50.4595813379999,-25.177377346],[-50.458620556,-25.175142308],[-50.457766236999902,-25.174019469],[-50.454573802999896,-25.174698952],[-50.452377334999902,-25.171780575999897],[-50.454946972999899,-25.1673709559999],[-50.45300049,-25.164456539],[-50.449696129,-25.161844915],[-50.447259962,-25.1600547809999],[-50.442159654999898,-25.155372821],[-50.440744411,-25.151618855],[-50.435374494,-25.148251001999899],[-50.430420806999898,-25.149502094],[-50.424667155999899,-25.154256948999901],[-50.4194322929999,-25.157482328999897],[-50.416495386999898,-25.156124495],[-50.416312479999895,-25.152386931999899],[-50.419092412999902,-25.148470114999899],[-50.418898454,-25.145392077999897],[-50.415277836,-25.140729414],[-50.411633249,-25.137603850999898],[-50.407242857999897,-25.1346885839999],[-50.405577259,-25.131150996],[-50.407606195,-25.127883299999901],[-50.412306584,-25.127068113999897],[-50.4162930789999,-25.124706154999899],[-50.417578936,-25.121647911],[-50.417630990999896,-25.118573151999897],[-50.416936162999903,-25.115927939],[-50.414033795,-25.112593289],[-50.414306784999894,-25.111059369],[-50.415565573,-25.109539058999896],[-50.419020878,-25.10936566],[-50.421209427999898,-25.111152701],[-50.425882508999891,-25.111875126],[-50.427119267,-25.111671557],[-50.430141553999896,-25.107978309],[-50.434358603,-25.106497671999897],[-50.443481608999896,-25.106621423],[-50.447686648999898,-25.1057989789999],[-50.451337171,-25.108702730999898],[-50.455441973999903,-25.113811204999898],[-50.459887084999892,-25.113431638999899],[-50.462614437999896,-25.112588791999897],[-50.470562291999904,-25.109180552999899],[-50.472830249999895,-25.106355763999897],[-50.472978517999898,-25.097570480999899],[-50.475046844999902,-25.091887626999899],[-50.474836482999898,-25.089687818],[-50.474895756,-25.086174274],[-50.476426677999896,-25.083119155999899],[-50.478266657999896,-25.076335338],[-50.477193025,-25.066876579999899],[-50.475530866,-25.06312035],[-50.475059785,-25.061796204999897],[-50.469229119,-25.056666977],[-50.466361011999901,-25.053913897],[-50.465907356999892,-25.053477557999898],[-50.465564914,-25.051776929],[-50.464709645999896,-25.049596364],[-50.463679482,-25.048824516],[-50.465045414999899,-25.045718679999897],[-50.464221332999898,-25.044636078999901],[-50.463708295999893,-25.043594583],[-50.463350590999902,-25.042804193999899],[-50.462632249999899,-25.042017776],[-50.461687892,-25.041496229],[-50.461323877,-25.041099311],[-50.460818812999896,-25.040771037],[-50.459954797,-25.040250435],[-50.459087262999894,-25.039989105],[-50.458004947999896,-25.038804854],[-50.457060598999895,-25.038284213999898],[-50.455545811,-25.038353075],[-50.4549667429999,-25.037631298999898],[-50.454751847999894,-25.036717515],[-50.45532328,-25.0361271139999],[-50.4564800919999,-25.035865938],[-50.4573532329999,-25.035208791999896],[-50.457926491,-25.034555410999896],[-50.458431988,-25.033696706999898],[-50.457711211999893,-25.031866656],[-50.4577149,-25.0310184759999],[-50.457497444999895,-25.0302927759999],[-50.456846887,-25.0296414009999],[-50.455619614999897,-25.029249826999902],[-50.454966337,-25.029375417],[-50.453739874999897,-25.029572757],[-50.453011615,-25.029376064999898],[-50.452725342999898,-25.028524467999897],[-50.452290901999895,-25.0275451219999],[-50.452217246,-25.025973834999899],[-50.453229955,-25.02420266],[-50.453595251,-25.02335056],[-50.453952447999903,-25.022373285],[-50.453951313999895,-25.020079784],[-50.454025658,-25.019224262999899],[-50.454735511,-25.0163776969999],[-50.455155196999897,-25.015847639999897],[-50.456075417999898,-25.0141731269999],[-50.4560788369999,-25.012191995999899],[-50.455737266,-25.011661176],[-50.455236026999899,-25.011056346],[-50.454563375,-25.010520703999898],[-50.453978772,-25.010138567999899],[-50.453051665,-25.010447154999898],[-50.452716445999897,-25.010674175999899],[-50.451454654,-25.011817828999902],[-50.450698097,-25.0121202089999],[-50.44960522,-25.0127299379999],[-50.448348639999892,-25.013489282999899],[-50.447257389999898,-25.0146258199999],[-50.445830229,-25.015463483999902],[-50.444315004,-25.016148544],[-50.442802822,-25.0166099519999],[-50.439104185,-25.016613578],[-50.43776509,-25.016381311],[-50.435240346999898,-25.016302953],[-50.433146158999904,-25.016836831],[-50.431375933,-25.0166076299999],[-50.430120226,-25.016224763],[-50.4286867369999,-25.016232363],[-50.428274699,-25.015699749999897],[-50.4281032439999,-25.014555559],[-50.428266579,-25.013789680999899],[-50.428273292,-25.012799173],[-50.428354085999899,-25.012193915999902],[-50.4286059309999,-25.010974435],[-50.428611542999896,-25.010064267999901],[-50.428609512,-25.0066369739999],[-50.4281068619999,-25.005568312],[-50.4271823,-25.005118179],[-50.426082767,-25.005496746999896],[-50.42533086,-25.006102213999899],[-50.424745707999897,-25.006335353999901],[-50.424066401999895,-25.006790133],[-50.423227433999898,-25.007170884999898],[-50.421637507999897,-25.008158020999897],[-50.420792887999902,-25.008307722],[-50.419949255999896,-25.008385306],[-50.418606055999895,-25.008384804999899],[-50.416505672,-25.008159801],[-50.415497847,-25.007851967999898],[-50.414497656,-25.006561878],[-50.413903839999897,-25.005572442999899],[-50.413574255999897,-25.0048892689999],[-50.413485281,-25.003665766],[-50.413154118999898,-25.0025279299999],[-50.413149135,-25.001608538],[-50.412808645,-25.001006494999899],[-50.41272786,-25.000469634999899],[-50.412447954999898,-24.996604601999898],[-50.412469431,-24.993335709999897],[-50.4124255199999,-24.9923976279999],[-50.412099751,-24.991510043999899],[-50.41163281,-24.99070111],[-50.4108498679999,-24.990145836999897],[-50.407723006999895,-24.990130345999901],[-50.406738140999899,-24.990294748999897],[-50.405762439999897,-24.990504902999898],[-50.404685608,-24.9908023939999],[-50.402728393999894,-24.990365403999899],[-50.396524508,-24.990343034],[-50.395491395999898,-24.990382666999899],[-50.394515008,-24.990075162],[-50.393681531999903,-24.9895639709999],[-50.392981772,-24.98887637],[-50.392331859,-24.988197586],[-50.391592928,-24.9875095139999],[-50.390943008,-24.986831643],[-50.390191105,-24.986231964999899],[-50.389358628,-24.985720781999902],[-50.3892638559999,-24.984783028],[-50.38928272,-24.981936005],[-50.389569433999895,-24.981039368],[-50.390034162999903,-24.980233422],[-50.390459349999901,-24.979382272999896],[-50.3911231169999,-24.978704697999902],[-50.391963782999895,-24.978198126999899],[-50.3927539949999,-24.977656262],[-50.3934579209999,-24.976978255999899],[-50.394071362,-24.976255347999899],[-50.394724349999898,-24.975576732],[-50.395615557,-24.975026949],[-50.396456820999902,-24.974475652],[-50.397346166,-24.974060031],[-50.39828498,-24.973679688999901],[-50.399309945,-24.973515806999899],[-50.400285587,-24.973305688],[-50.401225617,-24.972836808999897],[-50.402017401,-24.972249308],[-50.402769756999902,-24.97160839],[-50.403610365999903,-24.971102714],[-50.404363217,-24.970425287999898],[-50.405067081999896,-24.969748188],[-50.405720024999894,-24.969069567],[-50.4063333,-24.968354869999899],[-50.406986840999899,-24.967632442],[-50.407739170999896,-24.966991522999901],[-50.408530308,-24.96644874],[-50.409518524999896,-24.966105479],[-50.410399760999901,-24.965563769],[-50.411151461,-24.964967568],[-50.411903659999894,-24.964334859999898],[-50.412509926,-24.963486814],[-50.4119611409999,-24.962720809],[-50.411170070999901,-24.962121689],[-50.410285595999895,-24.961690315999896],[-50.409350570999898,-24.961302153],[-50.408328477999895,-24.961261629],[-50.407392955,-24.960909966],[-50.4064584159999,-24.9604871129999],[-50.405575187999901,-24.959966293],[-50.4046504619999,-24.959542640999899],[-50.403618089999895,-24.959537578],[-50.402641682,-24.959239264999901],[-50.401757847999896,-24.958763153999897],[-50.400737363,-24.958677898999898],[-50.399704995,-24.958672822],[-50.398635798,-24.958497522999899],[-50.397659411999896,-24.958198281999898],[-50.396680925999895,-24.957980251],[-50.395649798,-24.957885723999897],[-50.39462808,-24.957889883999897],[-50.393650847999901,-24.957581493999896],[-50.392671748999902,-24.957408169],[-50.391640367,-24.957403075999899],[-50.390618304,-24.957361580999898],[-50.389682818,-24.957009866999901],[-50.38879889,-24.956542849999899],[-50.387873697,-24.956155656999901],[-50.386939333,-24.955723625999898],[-50.386146755,-24.9551682499999],[-50.385406221,-24.954533178],[-50.384614616,-24.953978725],[-50.384108306999899,-24.95312376],[-50.383922856999895,-24.95222885],[-50.383930591,-24.951247731],[-50.384126097,-24.950358329],[-50.384729719999903,-24.949634488999898],[-50.385530759999895,-24.949083709],[-50.386420047999898,-24.948667251],[-50.387397947999901,-24.948288367],[-50.388287356,-24.947862778999898],[-50.389177242999899,-24.94740251],[-50.390067759,-24.9468966099999],[-50.390908312,-24.946391022999897],[-50.394082022999896,-24.944185670999897],[-50.394885115999898,-24.943554584],[-50.395675353999899,-24.943002749],[-50.396515883999903,-24.942497153],[-50.397268053999895,-24.94186454],[-50.397783613999898,-24.941059324],[-50.397929737999895,-24.940124634],[-50.397614001999898,-24.939228216999901],[-50.396771868,-24.938717035],[-50.395749991999892,-24.938667347],[-50.394678530999897,-24.938661781999901],[-50.393647353999896,-24.938576381],[-50.392669936999901,-24.938357454],[-50.390616135999892,-24.93834737],[-50.389543079,-24.938386491],[-50.388614790999895,-24.938722153],[-50.387489940999892,-24.938893898999901],[-50.386466331999898,-24.938969198999899],[-50.385432195,-24.939097305999901],[-50.384365459,-24.9393865669999],[-50.3832912949999,-24.939505057999902],[-50.382267554999899,-24.939589468999898],[-50.381281610999892,-24.939844096999899],[-50.379322005999896,-24.940173688],[-50.378297768,-24.9402936769999],[-50.377265473999891,-24.9402885229999],[-50.376525004,-24.939653467],[-50.375926915,-24.93892247],[-50.375933076,-24.937986108999898],[-50.376208902999899,-24.937097729999898],[-50.37677286,-24.9363378699999],[-50.377148076,-24.935486291],[-50.377255721,-24.934506445999897],[-50.377251105999903,-24.933569973],[-50.377216997999895,-24.932641361],[-50.37649386,-24.931042745],[-50.376341896,-24.929996811],[-50.376856505,-24.929192569999902],[-50.378073355999902,-24.927754287],[-50.378598853,-24.926941054999901],[-50.378925221,-24.926008603],[-50.378841292999894,-24.925070291999898],[-50.378232332,-24.924348338],[-50.37721199,-24.924263014999902],[-50.376178641999893,-24.924338157],[-50.375251367,-24.924673771],[-50.374312707999898,-24.925053051],[-50.372163104,-24.925389406999898],[-50.371140038999897,-24.925429063],[-50.369086340999893,-24.925418834],[-50.368110864999892,-24.925627897],[-50.367077509999895,-24.925703009],[-50.366146871999902,-24.9262083099999],[-50.365207572,-24.926632276999896],[-50.364368010999897,-24.927137763999898],[-50.363441355999896,-24.926795244999898],[-50.362599953,-24.926239279],[-50.361910111,-24.92556103],[-50.361159432,-24.924961444],[-50.359860321,-24.923587666999897],[-50.359494679999898,-24.922698876],[-50.359500899999894,-24.921762578],[-50.360065979999902,-24.920993686],[-50.360580620999897,-24.920189503],[-50.360726879999902,-24.919253999],[-50.3609126489999,-24.91836461],[-50.361059871999899,-24.917430037],[-50.361066099999903,-24.916492848],[-50.360982227,-24.915555480999899],[-50.360656741999897,-24.914667208],[-50.360290601,-24.91381495],[-50.359591134,-24.913127485999901],[-50.358612862,-24.912908458999897],[-50.357590822999896,-24.9129480789999],[-50.35661305,-24.91269346],[-50.355677644,-24.912350828999902],[-50.354658733999898,-24.912166887999899],[-50.353723828999897,-24.911788665999897],[-50.352931583,-24.911224178999898],[-50.351123877999903,-24.910369919999898],[-50.350190250999901,-24.909901357],[-50.349211359,-24.909727925],[-50.348233109,-24.9095088669999],[-50.347298350999893,-24.909121505],[-50.346321857,-24.908777436],[-50.345531100999899,-24.908178275999898],[-50.344882137999896,-24.907454904],[-50.344284211999891,-24.9067239409999],[-50.343360860999894,-24.905105633999899],[-50.342802611,-24.904339568],[-50.342246598,-24.9034840959999],[-50.341233186999894,-24.901864707],[-50.341048901,-24.900969969999899],[-50.340632920999902,-24.900116214],[-50.340407512999896,-24.899220982],[-50.3392008269999,-24.897768079999899],[-50.338834665,-24.896924065999897],[-50.338327976,-24.896114843],[-50.337962927,-24.895261721999898],[-50.337445600999892,-24.894443248],[-50.336756900999902,-24.893764126999898],[-50.335822844999903,-24.893332046999898],[-50.332697034,-24.893323993],[-50.331717768,-24.893739097],[-50.330966093,-24.8943349259999],[-50.330213898999901,-24.894967248999897],[-50.329699214,-24.8957712969999],[-50.328956175,-24.896448447999898],[-50.328203506,-24.897044265],[-50.327451297,-24.897676589],[-50.325719675999899,-24.8987322159999],[-50.324976631,-24.899408453],[-50.324126309999897,-24.89991364],[-50.32314962,-24.900212863],[-50.322126775,-24.900243225999901],[-50.321620143999894,-24.89943305],[-50.321384882,-24.89854681],[-50.32139223,-24.897609705],[-50.321257604,-24.896670862999901],[-50.321214024,-24.895734053],[-50.321234100999895,-24.892923670999899],[-50.321380473,-24.891989203],[-50.321755675999896,-24.891146970999898],[-50.322510106,-24.89042619],[-50.3231630659999,-24.889747966999899],[-50.324795901,-24.888610882],[-50.325686957,-24.888061503],[-50.326663587,-24.887763198999899],[-50.327696301999893,-24.887723819],[-50.328672226,-24.888031412],[-50.329606368,-24.888455294],[-50.330583906999898,-24.888718185999899],[-50.331605226,-24.888723367999898],[-50.332495010999892,-24.888263379],[-50.332959879,-24.887448703999898],[-50.333485306999897,-24.886644809],[-50.334138728999896,-24.885930991999899],[-50.334791647,-24.885252758],[-50.335543916999903,-24.884612235999899],[-50.336196828,-24.883934001999901],[-50.336811058999899,-24.883220621999897],[-50.337375143999893,-24.88245188],[-50.337381442,-24.881515737],[-50.336631445,-24.880880615999899],[-50.33458789,-24.8808702709999],[-50.333704945999898,-24.880358532999896],[-50.332822484999902,-24.879882385],[-50.331046837,-24.878857867],[-50.330122005999897,-24.87847062],[-50.329147874999897,-24.878038056],[-50.3283067019999,-24.877482105999899],[-50.327658481,-24.876714996],[-50.326867248,-24.876159656],[-50.326320005999897,-24.875384658],[-50.325944241999899,-24.874532374999898],[-50.325488083,-24.873687322],[-50.324748057,-24.873043187999897],[-50.323957459,-24.8724440579999],[-50.3229787389999,-24.872269654],[-50.3222380919999,-24.871670220999899],[-50.321538839,-24.8709827859999],[-50.320798198,-24.870383352],[-50.319955459,-24.869872087],[-50.319030043999895,-24.869529521999901],[-50.318146667999898,-24.869053339999898],[-50.317262533999902,-24.868630981],[-50.3165642929999,-24.867942644],[-50.315032637999892,-24.8667084739999],[-50.313836033999898,-24.865255782999899],[-50.313601936999902,-24.864360549],[-50.313334731999895,-24.862483143],[-50.313809273999901,-24.861677825999902],[-50.314833232999902,-24.8615580959999],[-50.315854433,-24.861564241999897],[-50.3168836689999,-24.861694574],[-50.317716586,-24.862205711999898],[-50.3186930359999,-24.862468603],[-50.319576520999895,-24.862935647],[-50.321941121999899,-24.8646106489999],[-50.3229211069999,-24.865248580999896],[-50.32389742,-24.865591751999897],[-50.324638053999898,-24.866191166999901],[-50.325287371999899,-24.86687797],[-50.326263834,-24.867141752999899],[-50.327055050999896,-24.867696163999899],[-50.328031995999893,-24.867995533999899],[-50.328772645999898,-24.868594943999899],[-50.32965604,-24.869071092999899],[-50.330632028,-24.869369531999897],[-50.331617514999891,-24.869758418999897],[-50.332540837999893,-24.870181214999899],[-50.334124146,-24.871300972],[-50.335102253999899,-24.87151913],[-50.336027682999891,-24.87186256],[-50.337060961999903,-24.871778449],[-50.337713837,-24.871100247],[-50.33846593,-24.870468878999898],[-50.338980551,-24.869663986],[-50.339584111999898,-24.868940474999899],[-50.340060807,-24.868046615],[-50.340435915999898,-24.867204441999899],[-50.340862058999896,-24.8663537689999],[-50.341336524,-24.865548396999902],[-50.341662449999902,-24.864651797999898],[-50.341859014,-24.863762748999896],[-50.341906063999893,-24.862782464999899],[-50.342331715999897,-24.861896214999899],[-50.342847285999902,-24.861091356],[-50.343362489,-24.860242696999901],[-50.343837561,-24.8593926409999],[-50.344442064999903,-24.858669161],[-50.345104664999901,-24.85799201],[-50.345708680999891,-24.857232944],[-50.346460842999903,-24.856592469],[-50.347311947,-24.854900292],[-50.347866149,-24.854131499999898],[-50.348340557,-24.853327068999899],[-50.34955819,-24.851889359],[-50.350221385999895,-24.851167518],[-50.351339416,-24.849639189999898],[-50.351953524999892,-24.848925876999896],[-50.352567418,-24.848157822],[-50.353220806,-24.847435865],[-50.353786241,-24.846631640999899],[-50.354202035999904,-24.845745312999899],[-50.355151784,-24.844134675],[-50.355616986999898,-24.843285448],[-50.357031427,-24.8408602649999],[-50.357267078999904,-24.839971766999899],[-50.357135065,-24.838909117999897],[-50.356899876999897,-24.838013089999901],[-50.356159235999897,-24.837414736],[-50.355183352,-24.837115506],[-50.354158258,-24.837324753999898],[-50.353317359999899,-24.837874712],[-50.352477070999903,-24.838380883999896],[-50.350696645,-24.839391097],[-50.349906637999894,-24.839941667999899],[-50.349153053999899,-24.840617671999897],[-50.348362048999896,-24.841169141],[-50.347610677,-24.8417566749999],[-50.346722555,-24.842181057999902],[-50.3460182439999,-24.842903277999898],[-50.345454412,-24.843661878],[-50.344662134,-24.8443027399999],[-50.342883871,-24.845223546999897],[-50.341905315,-24.845602115],[-50.340928860999895,-24.8459004179999],[-50.339620391,-24.846274956999899],[-50.337239229,-24.846688411999899],[-50.325862524999899,-24.84663698],[-50.324937815999895,-24.846249767],[-50.324095145999898,-24.845738562999898],[-50.323354572,-24.845139197],[-50.322522676999903,-24.8446281229999],[-50.321823496,-24.843940764],[-50.321174243,-24.843254019],[-50.3206178,-24.842443418],[-50.320252406999899,-24.841554873999897],[-50.319745896,-24.840744889999897],[-50.319006595,-24.840057045],[-50.3181247999999,-24.839545357],[-50.317241526,-24.839069229999897],[-50.316212379,-24.8389389119999],[-50.315191888999898,-24.838888982999897],[-50.314253952999898,-24.839232368999898],[-50.313365901999894,-24.839648439],[-50.3128502819999,-24.840453177],[-50.312378544999895,-24.842239229],[-50.311814602999895,-24.842998676],[-50.3113389929999,-24.8438121259999],[-50.311013118999895,-24.844699493999897],[-50.310956786999895,-24.845635795999897],[-50.311050247,-24.846573028999899],[-50.311556743,-24.847383045999898],[-50.311640403999895,-24.848321077],[-50.311865796999896,-24.849207023999899],[-50.312472657999898,-24.849982699999899],[-50.312556452,-24.850911618999898],[-50.312550051999892,-24.851848557],[-50.312134622,-24.852698361],[-50.311292436,-24.853329422999899],[-50.310539850999902,-24.853925089],[-50.309508245999901,-24.853964415999897],[-50.308492848999904,-24.853619821999899],[-50.307461531999898,-24.853569730999901],[-50.306438106,-24.853653854],[-50.305500064999897,-24.8540693109999],[-50.303732408999899,-24.854917977],[-50.3026585429999,-24.855037051],[-50.301671860999896,-24.855291317],[-50.300650168999894,-24.855321612999902],[-50.299626111999899,-24.855449500999899],[-50.298640404999901,-24.855703769999899],[-50.297616475,-24.855822529],[-50.295561077999899,-24.855901187],[-50.298914333,-24.862271948999901],[-50.29836127,-24.865776162],[-50.295851866999897,-24.868374866999901],[-50.288917604999895,-24.870472723],[-50.281482564,-24.873002217],[-50.278464987999897,-24.876472362999898],[-50.274392249,-24.883877814999899],[-50.273382612,-24.885180207],[-50.270826265,-24.890413703],[-50.2697947939999,-24.893033551],[-50.267746327999895,-24.897394708],[-50.266682803,-24.9017700039999],[-50.262537998999896,-24.913126763],[-50.260020493999896,-24.916165465999899],[-50.254030386999901,-24.920470513999899],[-50.242533820999896,-24.929528274999896],[-50.236090063999896,-24.931632511],[-50.231648707,-24.932008493999898],[-50.2222004609999,-24.936704215],[-50.215318682999893,-24.942643285],[-50.2128035389999,-24.945462028999899],[-50.208050343999901,-24.949345088],[-50.2057735019999,-24.952605902999899],[-50.2059962209999,-24.953926753],[-50.206942631999901,-24.956135760999899],[-50.209962009,-24.966279472999901],[-50.211237985999894,-24.977496091],[-50.209386589999895,-24.984496351999901],[-50.208059449,-24.989527895],[-50.20778954,-24.990841808],[-50.205491465,-24.9952002479999],[-50.201477746999899,-24.999095182],[-50.1979041969999,-25.00585144],[-50.195615156999899,-25.00977196],[-50.196798197,-25.0124245649999],[-50.199966646999897,-25.014445887],[-50.200916418999903,-25.016436380999899],[-50.201850471999897,-25.019305011],[-50.204506394999896,-25.0224182259999],[-50.208865621,-25.026653186],[-50.2164857019999,-25.027859586],[-50.218450297999894,-25.028327169],[-50.224587078999903,-25.029732902],[-50.228240377999903,-25.032201169999901],[-50.229898777,-25.035958287],[-50.229358100999896,-25.038586653],[-50.231282254999897,-25.04124874],[-50.237796019999898,-25.043037943999899],[-50.240279394,-25.040293236],[-50.2452493279999,-25.037973189999896],[-50.247496461999901,-25.037949243],[-50.248552433,-25.038242757],[-50.249883316999899,-25.040541198],[-50.247936312,-25.041292086999899],[-50.245076529999899,-25.042418704999896],[-50.243181245999899,-25.043726297],[-50.241155735999897,-25.04536554],[-50.2412602059999,-25.046479022],[-50.242476779999897,-25.048276663999896],[-50.243211116999895,-25.049064749],[-50.243024287,-25.052509488999899],[-50.239778901999898,-25.0525738649999],[-50.237286181999899,-25.052427576],[-50.236273685999898,-25.053191967],[-50.23525539,-25.054289581],[-50.233001514,-25.0547023559999],[-50.229736084,-25.055879504999897],[-50.222555857,-25.059557851],[-50.220534316999903,-25.060973388],[-50.217757409999898,-25.062713626999898],[-50.216851785,-25.064480182],[-50.217067341,-25.066373202],[-50.218920227999895,-25.067401059999899],[-50.221900144,-25.068222103],[-50.223124136,-25.069573520999899],[-50.227836967,-25.068546066999897],[-50.229527871999899,-25.070546224999902],[-50.230931311999896,-25.074739985999898],[-50.230350985999891,-25.079563703999899],[-50.229565277999903,-25.082188555999899],[-50.229473613,-25.087238659],[-50.232853718999898,-25.091241986999901],[-50.240277669,-25.089808963999896],[-50.2457437159999,-25.08747089],[-50.249426028999899,-25.088401882],[-50.252822033,-25.091525702999895],[-50.253514150999898,-25.094171015],[-50.254660731999898,-25.099020365999898],[-50.257047367,-25.1034468729999],[-50.260929285,-25.107016173],[-50.262361356,-25.109672675999899],[-50.2643310079999,-25.1140082709999],[-50.266821756999903,-25.1142657719999],[-50.268784604999894,-25.116071260999899],[-50.270237189999897,-25.1185362689999],[-50.271195183,-25.120770454999899],[-50.273890175999895,-25.123475621999898],[-50.276352942999893,-25.125287333],[-50.277829588,-25.1264191009999],[-50.2800102859999,-25.130004837999898],[-50.28272207,-25.131820543999897],[-50.285726435999898,-25.131197316999899],[-50.288983878999893,-25.130353399999901],[-50.2902199709999,-25.131037313],[-50.290450140999901,-25.13215181],[-50.291672853999899,-25.133501457],[-50.294871166999897,-25.135990822999901],[-50.296246015999898,-25.137122206],[-50.297235426,-25.1375792659999],[-50.299234869,-25.1373865199999],[-50.302500612999893,-25.1360976829999],[-50.305805628,-25.132588715999898],[-50.3076182309999,-25.128836708999899],[-50.308393861999896,-25.127292515],[-50.311651168999894,-25.126449278999896],[-50.314888822999897,-25.126717396999901],[-50.319093146999897,-25.128775768],[-50.32054629,-25.131239749],[-50.321789725,-25.131478779999899],[-50.3235670239999,-25.129726665999897],[-50.324855876999898,-25.127299950999898],[-50.329134415999896,-25.125138181999901],[-50.33518186,-25.121667149],[-50.339194932999902,-25.1203889519999],[-50.339229864999893,-25.118389969],[-50.337254205,-25.117251542],[-50.33527543,-25.116335933],[-50.3355438849999,-25.115227632],[-50.337075201999902,-25.113249695],[-50.339569143999896,-25.113283769],[-50.340343559,-25.111739579999899],[-50.342131912999896,-25.109320892],[-50.342672815,-25.106884281999896],[-50.341723454,-25.1042048589999],[-50.342248943,-25.102656776999901],[-50.344009539999902,-25.1017922999999],[-50.349491859999901,-25.102091002999899],[-50.353453391,-25.103700025999899],[-50.353657168,-25.106368523],[-50.354892323999898,-25.107053001999901],[-50.356890534999899,-25.106858056999901],[-50.358164579999894,-25.105320843],[-50.357221265999897,-25.102197685],[-50.359530709999902,-25.09845188],[-50.363816663,-25.095844285999899],[-50.366355422,-25.09321369],[-50.368639059999893,-25.09102387],[-50.372151464999895,-25.086239700999901],[-50.373050048,-25.084697106],[-50.373590039999897,-25.082372097999901],[-50.372978119,-25.081696209],[-50.372990888999894,-25.080919193999897],[-50.374126525999898,-25.080157572],[-50.376119872999894,-25.08029671],[-50.37946872,-25.081341683999899],[-50.380582491,-25.081800777999899],[-50.382707442999894,-25.081496709999897],[-50.384713551999894,-25.080857862999899],[-50.387214307999898,-25.0804487],[-50.388597247999897,-25.079800503999898],[-50.391096459,-25.079501794999899],[-50.391429655,-25.081838215999898],[-50.390401706,-25.083602122999899],[-50.387035021,-25.0835561429999],[-50.384152796999899,-25.0844045549999],[-50.382010994,-25.085709364],[-50.379996719999902,-25.086791954],[-50.377747289999903,-25.087093594999899],[-50.374092937999897,-25.089265981],[-50.3715517649999,-25.092007989],[-50.37153239,-25.093118311],[-50.370755684999892,-25.0947738519999],[-50.370615915999899,-25.095661712],[-50.371226339,-25.096447221999899],[-50.372200343,-25.0964599079999],[-50.37241537187257,-25.097279265062891],[-50.3729661,-25.096892599999901]],[[-50.300029217,-25.037032645],[-50.30097856,-25.036627068],[-50.301792075,-25.037162110999898],[-50.302821918999896,-25.038748949999899],[-50.303261014,-25.040536705999898],[-50.302769042999898,-25.041786149999897],[-50.301003162,-25.041867576999898],[-50.299218520999894,-25.042994259999901],[-50.297641738,-25.045697699999902],[-50.296817834,-25.045685711],[-50.296587648999896,-25.045472855],[-50.296482472,-25.044737417999897],[-50.295198703,-25.044195627999898],[-50.293293971,-25.045426725],[-50.290213099,-25.046745555],[-50.290093058999901,-25.04684908],[-50.28888771,-25.048507929],[-50.289555417,-25.050613633999898],[-50.291529216999898,-25.052108168999901],[-50.292923633,-25.053071401999897],[-50.293254528,-25.054333797],[-50.292980277,-25.0565301849999],[-50.291770921999898,-25.0584000019999],[-50.291057606,-25.058808505999899],[-50.291033312,-25.060171558],[-50.289250963999898,-25.061194196],[-50.288087677,-25.060444714],[-50.2882191409999,-25.059608053],[-50.288710726,-25.05846172],[-50.288614459,-25.057308124],[-50.287454180999895,-25.056348662999898],[-50.285570666999902,-25.056425809999897],[-50.283360234,-25.055033292],[-50.282548198,-25.054393166999898],[-50.280578407999897,-25.052688585999899],[-50.278024788,-25.050766746],[-50.27661553,-25.0506415199999],[-50.275445370999897,-25.050310147999898],[-50.273830822,-25.048505861999899],[-50.273856692,-25.047038798],[-50.274575469999895,-25.046316314],[-50.274827001999896,-25.045377103],[-50.27484043,-25.044643128999898],[-50.274155446999899,-25.0434813759999],[-50.2733479729999,-25.042526290999898],[-50.273119296999901,-25.0422093459999],[-50.275015185999898,-25.0413964789999],[-50.276545922,-25.041314117],[-50.277035044999899,-25.040272865],[-50.278343089,-25.039453605999899],[-50.279280581999899,-25.039675238],[-50.279601956,-25.041461577999897],[-50.281120804999894,-25.042006342],[-50.282767620999898,-25.042029478],[-50.284410464999901,-25.042262567],[-50.285226426999891,-25.042693605999901],[-50.286282984,-25.042812598],[-50.287940707999901,-25.042207627],[-50.28910689,-25.042747990999899],[-50.290525541999898,-25.042348237999899],[-50.292792337,-25.040599356],[-50.294437184999893,-25.040622402999897],[-50.294786887,-25.040836730999899],[-50.29689997,-25.041076469],[-50.297736243,-25.040354482999899],[-50.297283834,-25.039299763],[-50.297315011,-25.037518722],[-50.297668659999893,-25.037523996999901],[-50.298252487999896,-25.037742118],[-50.299760479,-25.038914847999898],[-50.300481632999897,-25.038087349999898],[-50.300029217,-25.037032645]],[[-50.316275976,-25.052979917999899],[-50.316670463,-25.053980081],[-50.317016989,-25.054352329],[-50.317778204,-25.054572603999901],[-50.319180386999896,-25.055062808999899],[-50.319693166,-25.056014204999897],[-50.319324217,-25.056952053],[-50.317971213999897,-25.056933634],[-50.317043994,-25.056186259],[-50.316340811,-25.056019655999901],[-50.315513661999894,-25.056165654],[-50.315325734999895,-25.056843645999898],[-50.315366765,-25.057892450999898],[-50.315590319,-25.058576410999898],[-50.316274778,-25.059791097],[-50.318840333,-25.061032514],[-50.319776443999899,-25.0613599489999],[-50.320356425999897,-25.061786203999898],[-50.320989255999898,-25.062634078],[-50.321929806999897,-25.062647431],[-50.322298020999895,-25.061761598],[-50.322943171,-25.061875428999901],[-50.323343827,-25.062510426],[-50.3243857249999,-25.063467408999898],[-50.325693003,-25.062699907],[-50.326341363,-25.062655791999898],[-50.3268650199999,-25.062977244],[-50.326908063999895,-25.063816980999899],[-50.325904049,-25.064064951],[-50.324945543999902,-25.06504676],[-50.325340802999897,-25.065995830999896],[-50.326509627999897,-25.066431117],[-50.327162656,-25.066125882999899],[-50.327931529999901,-25.065875031999898],[-50.330118383999896,-25.065276242],[-50.330423864999894,-25.064598741999902],[-50.330433921999898,-25.0640235609999],[-50.329467998,-25.062123304999901],[-50.3294827389999,-25.061285193999897],[-50.330021880999894,-25.060715576999897],[-50.330615124999895,-25.060409612999901],[-50.331326173,-25.060158051],[-50.332032317999897,-25.060115542999899],[-50.332685821,-25.059705298],[-50.332866110999895,-25.059497474],[-50.33333957,-25.059347106999898],[-50.3341549209999,-25.059830996],[-50.334502238,-25.060149364],[-50.335074376999899,-25.06099555],[-50.335245326999903,-25.06131268],[-50.335710452999898,-25.061685452999896],[-50.335737342,-25.0634673829999],[-50.335487724,-25.064354685],[-50.3349166839999,-25.066705557],[-50.334892645,-25.068066831999896],[-50.3345237199999,-25.06900566],[-50.334752494,-25.069322594],[-50.335341336999903,-25.069330695999898],[-50.336043574999898,-25.069498164],[-50.336277236999898,-25.069606947],[-50.336861195,-25.069823196999899],[-50.337152914999898,-25.069984739999899],[-50.337369407,-25.071036653],[-50.337125923,-25.071556949],[-50.33729542,-25.07197818],[-50.337870780999893,-25.072667366999898],[-50.337846743999897,-25.074029590999899],[-50.338365775999897,-25.074613074999899],[-50.339294115,-25.07535954],[-50.341059456,-25.075331747999897],[-50.341881993999898,-25.075447707],[-50.342936244,-25.075672419999897],[-50.344099027,-25.076473781999901],[-50.344785126,-25.077584402999896],[-50.344121558,-25.078570833],[-50.343067044999898,-25.078294064],[-50.341739419999897,-25.076808501],[-50.340391950999894,-25.076528154],[-50.336902869999896,-25.077527592],[-50.335731038999896,-25.077301421],[-50.335324920999902,-25.0769814],[-50.333880016999899,-25.0755464319999],[-50.334306749999897,-25.074609198],[-50.334371915,-25.074295847],[-50.335020786,-25.074147608],[-50.335605707999903,-25.074365702],[-50.336253846,-25.074269506999897],[-50.336314359,-25.07421728],[-50.336320483999899,-25.073851154],[-50.336271752999899,-25.073274320999897],[-50.335638350999893,-25.072531452999897],[-50.334364921,-25.071308643999899],[-50.333312892,-25.070927772999898],[-50.332841137999893,-25.071025203],[-50.332950845999896,-25.071446618],[-50.333056136,-25.072182123999898],[-50.3326299,-25.0730143319999],[-50.33256719,-25.073222691999899],[-50.331625855999896,-25.07326233],[-50.330924094999894,-25.072990747999896],[-50.330702214,-25.072253814],[-50.330017654999899,-25.071039097],[-50.329671821,-25.070614795],[-50.328379012999896,-25.070492139999899],[-50.326367973999901,-25.071198102],[-50.32543428,-25.070765686],[-50.324258547999904,-25.070749464999899],[-50.322950979,-25.071464928999898],[-50.320869827999893,-25.072693268999899],[-50.3201636329999,-25.072736666],[-50.318707270999894,-25.071981847999897],[-50.318657598999891,-25.071405003999899],[-50.318783052,-25.070987380999899],[-50.318674836999897,-25.070461873999896],[-50.317222915999899,-25.069393881999897],[-50.316934407999895,-25.069075289],[-50.317235245999896,-25.068659822],[-50.318117031,-25.068672465],[-50.319574610999894,-25.069478429],[-50.320984726999896,-25.06955142],[-50.321396239999899,-25.069556462],[-50.322052977999903,-25.068989192999897],[-50.322063813999897,-25.068360133999899],[-50.322020025,-25.067574249],[-50.321795724999895,-25.066941399],[-50.321453091999899,-25.066360978],[-50.320454978,-25.066189849999898],[-50.31927237,-25.0665926799999],[-50.317327528,-25.066775208],[-50.316627528,-25.066450656],[-50.316457333,-25.066081466999901],[-50.31724666,-25.064730504999897],[-50.317314564999897,-25.064155120999899],[-50.316557499999895,-25.063777821],[-50.314734197999897,-25.06375179],[-50.313859334999904,-25.063320072999897],[-50.313746435,-25.063057519],[-50.313751133,-25.062794580999899],[-50.312472418999903,-25.061886705999896],[-50.310947228,-25.061708161999899],[-50.310543386999896,-25.0612310889999],[-50.310549561999892,-25.060864071],[-50.310677994999899,-25.060236478],[-50.31168224,-25.06004153],[-50.312510645,-25.059738491],[-50.3131767369999,-25.058648138999899],[-50.313432104,-25.057497956999899],[-50.312561188999894,-25.056858097],[-50.311981013,-25.056377956999899],[-50.311636942999897,-25.055901631],[-50.311527999999896,-25.055429107999899],[-50.310953265999899,-25.054634000999901],[-50.311674196999896,-25.053753457],[-50.3128619189999,-25.053193683999901],[-50.313738965,-25.053468352],[-50.314382376,-25.0536342249999],[-50.315692847,-25.0527088649999],[-50.316275976,-25.052979917999899]]],[[[-50.463606399999897,-25.1760517],[-50.4642342,-25.1754759],[-50.4646667,-25.1752188],[-50.464998,-25.1749356],[-50.4651292,-25.174823499999899],[-50.4652773,-25.1746596999999],[-50.4658554,-25.1742437],[-50.466152400440457,-25.173871864802834],[-50.463980087,-25.1754357149999],[-50.463385433658502,-25.176204902654742],[-50.463606399999897,-25.1760517]]]]}},
{"type":"Feature","properties":{"fid":66,"id1":977907,"cd_fcim":"SG22","leg_carga":"Rp+Vss.EM","cd_fito":"EM","cd_leg_2":"R","clas_domi":"Rp","leg_uveg":null,"nm_uveg":null,"leg_uantr":"Rp","nm_uantr":"Florestamento/Reflorestamento com Pinus","leg_contat":"EM","nm_contat":"Contato Estepe/Floresta Ombrófila Mista","veg_pretet":"EM","nm_pretet":"Contato Estepe/Floresta Ombrófila Mista","leg_sec1":"Vss","nm_sec1":"Vegetação Secundária sem palmeiras","leg_sec2":null,"nm_sec2":null,"leg_sup":"Área Antrópica Dominante em Tensão Ecológica","legenda_1":"Contato (Ecótono e Encrave)","legenda_2":"Florestamento/Reflorestamento","legenda":"4Rp - Florestamento/Reflorestamento com Pinus","ar_poli_km":27.8547,"leg1_id":13.0,"leg2_id":50.0},"geometry":{"type":"MultiPolygon","coordinates":[[[[-49.868417355999902,-25.2538151269999],[-49.870459774,-25.255321969],[-49.876911545,-25.259299467999899],[-49.880921164999904,-25.265100568],[-49.885230248999903,-25.268841161999898],[-49.886540656,-25.2677129909999],[-49.887910845,-25.263602447],[-49.889758942999897,-25.261335553],[-49.892579665999897,-25.2620687689999],[-49.896066718,-25.2683204809999],[-49.897313752999899,-25.270405873],[-49.899312434,-25.271407499],[-49.902957429,-25.271871310999899],[-49.906316009999898,-25.271463793999896],[-49.907119744999896,-25.26986979],[-49.911825213,-25.266499181],[-49.92334614,-25.253994951],[-49.924932417,-25.251953774],[-49.927714052999896,-25.248094620999897],[-49.931741035,-25.246433840999899],[-49.934564475999892,-25.247052417],[-49.938618220999899,-25.2573294429999],[-49.941214849999895,-25.256336389999898],[-49.938383561999892,-25.242807017],[-49.935553561999896,-25.229277488],[-49.933050994,-25.225451236],[-49.930883739,-25.224270464],[-49.928973356,-25.223093164],[-49.925650982,-25.221665503999898],[-49.920626811,-25.224974691999901],[-49.915659809,-25.228569735999901],[-49.91307791,-25.228759393999901],[-49.908962081999896,-25.228405419999898],[-49.909823988,-25.227157005],[-49.910024714,-25.2234880349999],[-49.910046639,-25.222340596],[-49.909555688999895,-25.221071035],[-49.907617117,-25.2213845439999],[-49.903843617999897,-25.2232776459999],[-49.902421488999899,-25.223484861],[-49.900765452,-25.222541134],[-49.900148912,-25.221154702],[-49.900694715,-25.219556618],[-49.900423569999894,-25.216970552],[-49.898162886,-25.213951619999897],[-49.895351849999898,-25.212760018],[-49.891207752999897,-25.213843706],[-49.888332348999896,-25.2158648939999],[-49.884640372,-25.220167580999899],[-49.88407047,-25.222913047],[-49.882950019,-25.2274868589999],[-49.881074463999902,-25.2311301579999],[-49.877634394,-25.2356667869999],[-49.876047844999903,-25.237707574],[-49.873154583,-25.240647022999898],[-49.870790813,-25.242904696],[-49.867870691999897,-25.247221947],[-49.866518755999898,-25.250413885999897],[-49.866989275,-25.25271521],[-49.868417355999902,-25.2538151269999]]]]}},
{"type":"Feature","properties":{"fid":67,"id1":974588,"cd_fcim":"SG22","leg_carga":"Rp.EM","cd_fito":"EM","cd_leg_2":"R","clas_domi":"Rp","leg_uveg":null,"nm_uveg":null,"leg_uantr":"Rp","nm_uantr":"Florestamento/Reflorestamento com Pinus","leg_contat":"EM","nm_contat":"Contato Estepe/Floresta Ombrófila Mista","veg_pretet":"EM","nm_pretet":"Contato Estepe/Floresta Ombrófila Mista","leg_sec1":null,"nm_sec1":null,"leg_sec2":null,"nm_sec2":null,"leg_sup":"Área Antrópica Dominante em Tensão Ecológica","legenda_1":"Contato (Ecótono e Encrave)","legenda_2":"Florestamento/Reflorestamento","legenda":"4Rp - Florestamento/Reflorestamento com Pinus","ar_poli_km":25.7019,"leg1_id":13.0,"leg2_id":50.0},"geometry":{"type":"MultiPolygon","coordinates":[[[[-50.2760155,-25.373231599999901],[-50.275908699999903,-25.3732001999999],[-50.2758545,-25.3731844],[-50.275693499999903,-25.3731371],[-50.2756072,-25.3730795],[-50.275489999999898,-25.372943],[-50.2755696,-25.3727933],[-50.2757273,-25.372736799999899],[-50.2759948,-25.372752499999901],[-50.2765372,-25.372848099999899],[-50.276570642534537,-25.372848259376553],[-50.27661167,-25.372812864],[-50.276945688995511,-25.372817598600506],[-50.277064799999899,-25.372793499999901],[-50.277143599999903,-25.3727582],[-50.2771526,-25.372593799999901],[-50.277118,-25.3725421],[-50.2770901,-25.3725004],[-50.2770115,-25.3724715],[-50.2769122,-25.372471],[-50.2768306,-25.3724705999999],[-50.2765398,-25.372412],[-50.2762807,-25.372303499999902],[-50.2761631,-25.3722385],[-50.276104599999897,-25.3721489],[-50.2760461,-25.3720592],[-50.2761095,-25.3719952],[-50.2762984,-25.3719818],[-50.2765974,-25.3719833],[-50.2767554,-25.3719791],[-50.276825599999903,-25.3719773],[-50.2769915,-25.371878],[-50.2769961,-25.3718658],[-50.2770235,-25.3717923],[-50.277008099999897,-25.3717315],[-50.2769928,-25.3716706],[-50.2768988,-25.3715844],[-50.276765399999903,-25.3715266],[-50.2766712,-25.371483199999901],[-50.2765851,-25.3714040999999],[-50.2765153,-25.371225099999901],[-50.2765085999999,-25.3710391],[-50.276651199999897,-25.370882499999901],[-50.2768174,-25.3707261],[-50.2768573,-25.3706333],[-50.2768738,-25.3705047],[-50.2768745,-25.3703831999999],[-50.2768594,-25.370283],[-50.2768283,-25.3702041999999],[-50.2767582,-25.3700966],[-50.2767354,-25.3699535],[-50.2767436,-25.3698964],[-50.2768301999999,-25.3698967999999],[-50.276876181660811,-25.369897043546832],[-50.276758947150945,-25.36944936440775],[-50.276754099999899,-25.369446099999902],[-50.2766363,-25.3694168],[-50.2765261,-25.3694163],[-50.276423399999899,-25.3694872999999],[-50.2763049,-25.369572499999901],[-50.2761947,-25.3695791],[-50.276094,-25.369515799999899],[-50.276045699999898,-25.3694854999999],[-50.275999199999902,-25.369378],[-50.275999899999903,-25.3692493],[-50.2760084,-25.369149299999901],[-50.2761035999999,-25.369021099999902],[-50.2761826,-25.368971299999899],[-50.276246199999903,-25.368857299999899],[-50.2762528,-25.3688222],[-50.2762625,-25.368771599999899],[-50.276223899999898,-25.368642599999902],[-50.2761455,-25.3685851],[-50.2760433,-25.3685775],[-50.2759409,-25.368577],[-50.2759325,-25.368581699999901],[-50.2758147,-25.3686478999999],[-50.275719799999898,-25.3687188],[-50.275569899999901,-25.3687682],[-50.2754677,-25.3687605],[-50.275382,-25.3686241999999],[-50.2753827,-25.3684956],[-50.2754148,-25.3683957],[-50.2756838,-25.368161],[-50.2758739,-25.3679404],[-50.275937499999898,-25.367833399999899],[-50.2759617,-25.367740599999902],[-50.2759621,-25.367679],[-50.275962299999897,-25.367640499999901],[-50.2759154,-25.367590199999899],[-50.275881,-25.3675848],[-50.275868199999898,-25.3675828],[-50.2757659,-25.3675752],[-50.275593199999904,-25.367517099999901],[-50.2755936,-25.3674457],[-50.275704399999903,-25.367338899999901],[-50.2757988,-25.367339399999899],[-50.275971899999902,-25.3673545],[-50.2761131,-25.367412499999901],[-50.276208386158252,-25.367424246165399],[-50.275887077792632,-25.366306395031597],[-50.275656,-25.3662234],[-50.2754358,-25.366178999999899],[-50.275365099999902,-25.3661648],[-50.2750354,-25.3660416],[-50.274918,-25.3659481],[-50.274941899999902,-25.3658839],[-50.2751155,-25.365806099999901],[-50.2752808,-25.3657997],[-50.2754851,-25.365836499999901],[-50.275658,-25.3658874],[-50.275778245258607,-25.365927760098373],[-50.275706955,-25.365679736999901],[-50.273936732585632,-25.360687637572244],[-50.2739106,-25.360695399999901],[-50.273832,-25.360673599999899],[-50.2738173,-25.360509099999899],[-50.273824461106905,-25.360371027421937],[-50.273741603999902,-25.360137366999897],[-50.274356631653674,-25.357451867858238],[-50.274173899999901,-25.3574508999999],[-50.2741013,-25.3574396],[-50.2740324,-25.3574287],[-50.2740329,-25.3573435],[-50.2740333,-25.3572786],[-50.2741129,-25.357136],[-50.2741525,-25.3570933],[-50.274145099999899,-25.3570075],[-50.274105899999903,-25.3569787],[-50.2740036,-25.3569782],[-50.2739091,-25.3569848],[-50.273806799999903,-25.3569914999999],[-50.2737847,-25.3569947],[-50.2737122999999,-25.357005399999899],[-50.2736103,-25.356962],[-50.2735321,-25.3568758],[-50.2735329,-25.3567543],[-50.2735340999999,-25.3565541],[-50.2736293,-25.356411599999898],[-50.2738189,-25.356283699999899],[-50.2739347,-25.3562319],[-50.2740082,-25.3561989],[-50.274220899999897,-25.3561642],[-50.274323799999898,-25.3560646],[-50.274340299999899,-25.3559432],[-50.2743254,-25.3558002],[-50.2742865,-25.3557213],[-50.274232,-25.355628099999901],[-50.2742092,-25.3554920999999],[-50.274210599999897,-25.3552705],[-50.2742125,-25.3549416],[-50.274213599999896,-25.354757199999899],[-50.2742137,-25.354748599999901],[-50.2742858,-25.3545273],[-50.274459599999901,-25.354406599999901],[-50.274577899999898,-25.354364299999901],[-50.2746423,-25.3543296],[-50.2747357,-25.3542793],[-50.274909299999898,-25.3541033999999],[-50.2749755,-25.354062699999901],[-50.2751334,-25.354020299999899],[-50.2754509,-25.353935],[-50.2756577,-25.353804899999901],[-50.275658,-25.3538047],[-50.2756583,-25.3538037],[-50.2757018,-25.3536493],[-50.2756988,-25.3532503],[-50.2757477,-25.353128899999898],[-50.275823,-25.353080599999899],[-50.276872158528697,-25.352740815703676],[-50.277057198581424,-25.352439411166745],[-50.277044799999899,-25.3523388999999],[-50.277045299999898,-25.3522601999999],[-50.2770459,-25.3521600999999],[-50.277078,-25.3520387999999],[-50.277133799999902,-25.3519247],[-50.2772762,-25.3518038],[-50.277387099999899,-25.3516685],[-50.277506,-25.351526099999901],[-50.2775381,-25.3514046999999],[-50.277563,-25.3511975],[-50.277666399999902,-25.351005],[-50.2778799,-25.3508416],[-50.278078595010335,-25.350704777106721],[-50.278389900655,-25.350171456522439],[-50.2783722,-25.3500718999999],[-50.2783812,-25.349900299999899],[-50.2784449,-25.3497647999999],[-50.278571499999899,-25.349643899999901],[-50.278673899999902,-25.3496158],[-50.278751274333359,-25.34960396527309],[-50.280156204,-25.347592359],[-50.280217532267557,-25.344147479578496],[-50.2802169,-25.344146899999899],[-50.280217627798464,-25.344142113497064],[-50.280274783,-25.340931639999898],[-50.280515989837731,-25.340233222580995],[-50.2804371,-25.3401729],[-50.2803314,-25.340102199999901],[-50.280324999999898,-25.3400978999999],[-50.280264799999898,-25.3400576],[-50.280123699999898,-25.3399424999999],[-50.2800953,-25.339896699999901],[-50.280030199999899,-25.339792],[-50.280031699999903,-25.339541699999899],[-50.280056699999903,-25.3393058999999],[-50.280105299999903,-25.3390702],[-50.280183099999903,-25.3389237],[-50.280184899999902,-25.3389203999999],[-50.280413,-25.3386],[-50.280546199999897,-25.338394299999901],[-50.280791899999898,-25.3379421],[-50.280862199999902,-25.337812499999899],[-50.2811305,-25.337318799999899],[-50.2811783,-25.3372309],[-50.2813047,-25.3371457],[-50.2814228,-25.337132],[-50.281602581323874,-25.337086983327207],[-50.282722349,-25.333844681999899],[-50.282790714001962,-25.333526598784857],[-50.282781499999899,-25.3335139],[-50.282773899999903,-25.3334455],[-50.282766599999903,-25.3333779],[-50.2827677,-25.3331884],[-50.282776,-25.333113399999899],[-50.2828554,-25.332978],[-50.282917033080643,-25.332938871475353],[-50.283788859599255,-25.328882506755892],[-50.2837623,-25.3287965],[-50.283730299999903,-25.328692499999899],[-50.283676199999903,-25.3285207],[-50.2836844,-25.3284636],[-50.283787699999898,-25.3282924],[-50.283874599999898,-25.3282214],[-50.2839233,-25.328146999999898],[-50.283954,-25.328100199999898],[-50.2839023,-25.327992799999901],[-50.2838919,-25.327971299999898],[-50.2836806,-25.3277772],[-50.283563,-25.3277050999999],[-50.283492899999899,-25.3275975],[-50.28347,-25.3274688],[-50.2834637,-25.3272041],[-50.2834804,-25.3270742],[-50.2834885,-25.3270113],[-50.2835448,-25.326789899999898],[-50.2837517,-25.3263833],[-50.28381,-25.3262745],[-50.283847099999903,-25.3262051],[-50.283842,-25.326093699999898],[-50.2838402,-25.3260549],[-50.2837863,-25.325854499999899],[-50.283779099999897,-25.3257472],[-50.2837797,-25.3256481999999],[-50.28378,-25.325597],[-50.283781599999898,-25.3253182999999],[-50.2838485,-25.3250158],[-50.2839888,-25.3246909],[-50.2840115,-25.324638],[-50.2840138,-25.324632999999899],[-50.2840942,-25.3243403],[-50.2841106,-25.3242397],[-50.284116599999898,-25.324202199999899],[-50.2841513,-25.323990299999899],[-50.2841445,-25.3238042999999],[-50.2841136,-25.323704099999901],[-50.284098899999897,-25.323532499999899],[-50.284098899999897,-25.323532],[-50.284099599999898,-25.3234181],[-50.2840998,-25.323383],[-50.284100099999897,-25.323332299999901],[-50.2842582,-25.3231971],[-50.284676499999897,-25.3229562],[-50.2848898,-25.322807],[-50.2849801,-25.322645],[-50.284985199999902,-25.3226359],[-50.2849939,-25.322492899999901],[-50.285002899999903,-25.3222928],[-50.285012499999901,-25.3219925],[-50.2850622999999,-25.321830599999899],[-50.2850913,-25.3217478],[-50.2852505,-25.3212917],[-50.2854172,-25.3208339],[-50.2855827,-25.3205768],[-50.285610399999896,-25.3205336],[-50.285812399999898,-25.320327099999901],[-50.286127,-25.320005299999899],[-50.2862124,-25.3199179],[-50.2862827,-25.3195592],[-50.2863341,-25.3192965],[-50.2863661,-25.3192228],[-50.286445699999902,-25.319039599999901],[-50.286462099999902,-25.3190021999999],[-50.286589299999903,-25.3187114999999],[-50.2867158,-25.3185834],[-50.286758130001026,-25.318551667383147],[-50.286944415270703,-25.317998968102145],[-50.2868927,-25.3179335999999],[-50.2868617,-25.3178723],[-50.2868382999999,-25.317826099999898],[-50.286839299999897,-25.3176616],[-50.2868400999999,-25.3175115999999],[-50.2868366,-25.317506],[-50.2867856,-25.3174255],[-50.286761899999902,-25.317432499999899],[-50.2867462,-25.317439599999901],[-50.286631,-25.317456499999899],[-50.2866045,-25.3174604],[-50.286470699999903,-25.3174597],[-50.286455299999901,-25.317395299999902],[-50.2864716999999,-25.3173024],[-50.2865745,-25.3172028],[-50.2867323,-25.317125],[-50.286814999999898,-25.3171038999999],[-50.286897699999898,-25.3170828999999],[-50.2870002,-25.3170261],[-50.2870257,-25.3169995],[-50.2870268,-25.3169983],[-50.2870636,-25.316959699999899],[-50.2870952,-25.3169265],[-50.2871155,-25.316831099999899],[-50.2871195,-25.3168123],[-50.2871134,-25.3167209],[-50.287112299999897,-25.316704899999898],[-50.2870814,-25.3165976],[-50.2870502,-25.316547399999902],[-50.2869952,-25.316547199999899],[-50.2869881,-25.3165526],[-50.2869403,-25.316589399999899],[-50.286939899999901,-25.3165898],[-50.2869391999999,-25.3165906999999],[-50.2868923,-25.316653899999899],[-50.2868761,-25.3166628],[-50.2867898,-25.3167106],[-50.2867525999999,-25.3167152],[-50.2867347,-25.3167175],[-50.286732,-25.3167147999999],[-50.2866408,-25.316624],[-50.2865937,-25.3165511],[-50.286527299999896,-25.3164485],[-50.286469399999902,-25.3163587],[-50.2863682999999,-25.316143699999898],[-50.2863523,-25.3160943],[-50.2863219,-25.3160005],[-50.2863237,-25.315706799999901],[-50.286323756105148,-25.315695845466109],[-50.285034148999898,-25.314385765999898],[-50.284457277999898,-25.311709350999902],[-50.284124747,-25.309370557999898],[-50.282226965999897,-25.303785611],[-50.281283845,-25.300659611999901],[-50.280687252999897,-25.299095533999896],[-50.280344881999902,-25.297312496],[-50.280250022,-25.295643141],[-50.279772260999898,-25.294413285999898],[-50.278043015,-25.2933882089999],[-50.276531551999895,-25.294146415999897],[-50.275767707999897,-25.295024496999897],[-50.274870028999899,-25.296345155],[-50.274591855,-25.297897457],[-50.274586093,-25.298231937],[-50.274315622999893,-25.299450706],[-50.273675319999896,-25.300330334],[-50.2730417289999,-25.30087732],[-50.270011983999893,-25.302724543999897],[-50.267136873,-25.303016963999898],[-50.265626933,-25.303662732],[-50.263232688999892,-25.304962954],[-50.26084897,-25.305595997999902],[-50.258942315999896,-25.307569574],[-50.2577954,-25.308888060999898],[-50.256780393,-25.309763016],[-50.253886899999891,-25.311055144],[-50.250350352999895,-25.313340199],[-50.249300634999898,-25.316215778],[-50.249121143999893,-25.319214706],[-50.251543198,-25.323362377999899],[-50.252741913999898,-25.326158286999899],[-50.252710462,-25.327936909999899],[-50.252798415,-25.329939188],[-50.254484845,-25.333408633],[-50.253321776999897,-25.3391180899999],[-50.251241115,-25.343757513],[-50.250424682,-25.347525966],[-50.250099098999897,-25.351746781],[-50.249266899,-25.356403864999901],[-50.248937122999898,-25.36084605],[-50.248128957999903,-25.364170508],[-50.247814884,-25.367724286999898],[-50.247763484999901,-25.370613921],[-50.24748605,-25.3721667],[-50.247903522999898,-25.374585859],[-50.249374254999893,-25.377310807999898],[-50.251664473999895,-25.379065785999899],[-50.254330324999898,-25.381515819],[-50.256016506,-25.383524775999899],[-50.257849254999897,-25.383116942999898],[-50.259397184999898,-25.383138981999899],[-50.261969495,-25.383635548],[-50.265338482999901,-25.382763990999898],[-50.2674152,-25.382104017999897],[-50.271063470999898,-25.380087391],[-50.273466707999901,-25.375526098],[-50.276125732035581,-25.373232094314044],[-50.2760155,-25.373231599999901]]]]}},
{"type":"Feature","properties":{"fid":68,"id1":974585,"cd_fcim":"SG22","leg_carga":"Rp.EM","cd_fito":"EM","cd_leg_2":"R","clas_domi":"Rp","leg_uveg":null,"nm_uveg":null,"leg_uantr":"Rp","nm_uantr":"Florestamento/Reflorestamento com Pinus","leg_contat":"EM","nm_contat":"Contato Estepe/Floresta Ombrófila Mista","veg_pretet":"EM","nm_pretet":"Contato Estepe/Floresta Ombrófila Mista","leg_sec1":null,"nm_sec1":null,"leg_sec2":null,"nm_sec2":null,"leg_sup":"Área Antrópica Dominante em Tensão Ecológica","legenda_1":"Contato (Ecótono e Encrave)","legenda_2":"Florestamento/Reflorestamento","legenda":"4Rp - Florestamento/Reflorestamento com Pinus","ar_poli_km":5.6087,"leg1_id":13.0,"leg2_id":50.0},"geometry":{"type":"MultiPolygon","coordinates":[[[[-50.230583437999897,-25.3354004669999],[-50.230296357,-25.337004987999901],[-50.228199372999896,-25.338812597999897],[-50.225684279999903,-25.343410728],[-50.225715525999902,-25.344233953],[-50.225828738999901,-25.345155121999898],[-50.225264794999894,-25.347788436],[-50.222619257999895,-25.351426902999901],[-50.220523774,-25.35311939],[-50.219072965999899,-25.354936112999898],[-50.219177545,-25.356316198999899],[-50.220308685999896,-25.357940545],[-50.222810769,-25.358725435999901],[-50.224822543999899,-25.358005578999897],[-50.228808547,-25.358752393],[-50.233571801,-25.359279415999897],[-50.2362567979999,-25.3605812559999],[-50.237923507999895,-25.362356742],[-50.241778783,-25.356185855],[-50.242845486,-25.352420418999898],[-50.243159595999899,-25.348867788999897],[-50.2439635819999,-25.34576659],[-50.244744429,-25.343998122999899],[-50.247542074,-25.341146819],[-50.248086278,-25.338709854999898],[-50.24763847,-25.335812544999897],[-50.246929007999896,-25.3335793749999],[-50.245448123999893,-25.332668582999897],[-50.244199619,-25.3326511349999],[-50.241686859,-25.333504643],[-50.240704214999901,-25.332600978999899],[-50.237243862999897,-25.334404337999899],[-50.235572716,-25.3340359809999],[-50.2333764219999,-25.334234239999898],[-50.230583437999897,-25.3354004669999]]]]}},
{"type":"Feature","properties":{"fid":118,"id1":986016,"cd_fcim":"SG22","leg_carga":"Rp+Ag.EM","cd_fito":"EM","cd_leg_2":"R","clas_domi":"Rp","leg_uveg":null,"nm_uveg":null,"leg_uantr":"Rp","nm_uantr":"Florestamento/Reflorestamento com Pinus","leg_contat":"EM","nm_contat":"Contato Estepe/Floresta Ombrófila Mista","veg_pretet":"EM","nm_pretet":"Contato Estepe/Floresta Ombrófila Mista","leg_sec1":"Ag","nm_sec1":"Agropecuária","leg_sec2":null,"nm_sec2":null,"leg_sup":"Área Antrópica Dominante em Tensão Ecológica","legenda_1":"Contato (Ecótono e Encrave)","legenda_2":"Florestamento/Reflorestamento","legenda":"4Rp - Florestamento/Reflorestamento com Pinus","ar_poli_km":40.646,"leg1_id":13.0,"leg2_id":50.0},"geometry":{"type":"MultiPolygon","coordinates":[[[[-50.5262192819999,-24.932660193999897],[-50.523455215999896,-24.932446574],[-50.521658379999899,-24.932193942],[-50.5189540639999,-24.932273941999899],[-50.516596573999898,-24.934764680999898],[-50.514632956999897,-24.936802741999902],[-50.510225010999896,-24.9388078389999],[-50.507765477,-24.939692851999897],[-50.505172606,-24.940805386999898],[-50.504475397,-24.944006370999897],[-50.504327815999893,-24.945151031999899],[-50.504647091,-24.947272279999897],[-50.504844072,-24.947045477],[-50.505484966,-24.947168855],[-50.506515209,-24.947182671999897],[-50.507551589999899,-24.946738363999899],[-50.508718792,-24.946179659999896],[-50.509480852999893,-24.946763540999896],[-50.509081324999897,-24.947560273999898],[-50.506600884999898,-24.9497064719999],[-50.505940703,-24.950729276999898],[-50.506052225999895,-24.951762892],[-50.5051313929999,-24.953011771],[-50.503319753999897,-24.953561147],[-50.502534325999896,-24.954353398],[-50.501736168,-24.955947820999899],[-50.50115598,-24.959838596999898],[-50.501005301999896,-24.961212402999898],[-50.499948552,-24.962803853],[-50.499666061,-24.964291150999898],[-50.499391688999893,-24.965319414],[-50.498460139999892,-24.967141458999897],[-50.498052420999898,-24.968397292999899],[-50.497644131999898,-24.969768141],[-50.49682812,-24.9723939369999],[-50.496534391999894,-24.974569437],[-50.49547854,-24.976160969],[-50.493520621999899,-24.977740147999896],[-50.49336837,-24.9792272279999],[-50.492200007999898,-24.979785938],[-50.49103418,-24.980228741],[-50.487129846,-24.982813945],[-50.485683932,-24.984629151],[-50.484742516,-24.9870253889999],[-50.484579515999897,-24.989087514999898],[-50.485430655999899,-24.992079911],[-50.487181969999902,-24.995084703],[-50.487948204999896,-24.995438749],[-50.489500036,-24.995000443],[-50.490546313,-24.993982913],[-50.491341571999897,-24.992617374],[-50.492088537,-24.9917095499999],[-50.493246292,-24.991724901999898],[-50.494142374,-24.991966332999898],[-50.495024165999901,-24.99312506],[-50.494880588999898,-24.994039942],[-50.495381097999896,-24.994849147],[-50.496541379999904,-24.994750401],[-50.497720993999899,-24.993504351999899],[-50.4986526429999,-24.991682110999896],[-50.500579161999894,-24.991936451],[-50.500958497999896,-24.9922859499999],[-50.50183879,-24.993558755],[-50.502206385999898,-24.994710563],[-50.502311349,-24.996087546999899],[-50.503834207999901,-24.997369677999899],[-50.504462507,-24.998295394],[-50.504456925999897,-24.998638588999899],[-50.504188118999899,-24.999323805],[-50.506605614,-25.000960531],[-50.508279618,-25.000982744999902],[-50.508928741,-25.000647945],[-50.51022449,-25.000091514999898],[-50.512163765,-24.999544385],[-50.512936608999894,-24.999554276],[-50.514346436,-24.9999166489999],[-50.516397298999898,-25.000402397],[-50.518335039,-24.999969325999899],[-50.519770654999903,-24.998841161],[-50.519914158999903,-24.997925336],[-50.519947589,-24.9958616159999],[-50.518680725,-24.994698484],[-50.518308448,-24.99389172],[-50.5183196,-24.993203519],[-50.519495063,-24.992186483],[-50.519999684,-24.992766547],[-50.520228449999898,-24.994490027],[-50.521995359999899,-24.996577337],[-50.5237895859999,-24.997059142999902],[-50.524302292999899,-24.99718102],[-50.5254393539999,-24.998456753],[-50.5269992039999,-24.997560054999902],[-50.527664985999891,-24.996192902],[-50.527936214,-24.995394501],[-50.528336322999898,-24.994481654],[-50.529633958,-24.993925176999898],[-50.530405806,-24.993935011999902],[-50.531446359999897,-24.993261445],[-50.5319550359999,-24.9936124],[-50.532187923,-24.9951058689999],[-50.531913646999897,-24.996134291],[-50.530210354999895,-24.997946836],[-50.528653022999897,-24.9987285519999],[-50.527736717,-24.999633620999898],[-50.526944127,-25.0008852089999],[-50.524860405,-25.002348266999899],[-50.524590126999897,-25.003147611],[-50.524706334,-25.003837317],[-50.525829239999894,-25.006030434],[-50.52748768,-25.006855759999898],[-50.528503004999898,-25.007786849999899],[-50.529369861999896,-25.009861994999898],[-50.531412761999896,-25.010806790999897],[-50.532959068,-25.010711446],[-50.534123430999898,-25.010383439999899],[-50.534653813,-25.009472945],[-50.535310018,-25.008678024999899],[-50.535970231,-25.007654912],[-50.536612268999896,-25.0077782659999],[-50.537369033999902,-25.0087054329999],[-50.539151294999897,-25.009875405999896],[-50.539920137999893,-25.010115249999899],[-50.542762149999895,-25.009464181999899],[-50.543805237999898,-25.008675523999901],[-50.54472457,-25.007540343999899],[-50.546302537,-25.0054970529999],[-50.547499541,-25.00321933],[-50.548187374999898,-25.000475652],[-50.548204962999897,-24.999443331999899],[-50.547711327999899,-24.998175993999901],[-50.547342004,-24.997139234],[-50.548120366,-24.996805841],[-50.548628105,-24.997155849],[-50.549637931999897,-24.998430939999899],[-50.550412825999892,-24.998211613999899],[-50.550814806999895,-24.997299660999897],[-50.551889500999899,-24.994560486999902],[-50.550110150999899,-24.989843177999902],[-50.548347075,-24.987527003],[-50.546567974,-24.986127182],[-50.545579808999896,-24.983591722],[-50.544580594999893,-24.981743541999897],[-50.541028495,-24.978715774999898],[-50.540550594,-24.97641629],[-50.538046143999892,-24.972255939],[-50.536797494,-24.969945793],[-50.53709945,-24.9671989779999],[-50.538179151999898,-24.9642320509999],[-50.541534843999898,-24.963587958999902],[-50.546892847,-24.966409935999899],[-50.549140784,-24.970566251],[-50.552712922999902,-24.97244754],[-50.555566524,-24.971108322999896],[-50.55819258,-24.967933553],[-50.558285895,-24.962201345],[-50.557291656999901,-24.96012432],[-50.555504668999902,-24.959183741999901],[-50.55294693,-24.958233395],[-50.546295105999903,-24.955853119],[-50.543003949,-24.952599595],[-50.542265469,-24.950526457],[-50.542045177,-24.948230206999899],[-50.544153010999892,-24.94527807],[-50.547274983,-24.9432548989999],[-50.547830356999896,-24.940739465],[-50.547611982,-24.938443333999899],[-50.546347329999897,-24.937051530999899],[-50.5455987819999,-24.935665669999899],[-50.545113869,-24.933824683],[-50.545446868999896,-24.9292432519999],[-50.546253695999901,-24.927189924999897],[-50.548575683,-24.926762127999901],[-50.551633113,-24.928636266999899],[-50.554459148,-24.928902357],[-50.557830371,-24.9273411399999],[-50.559944893999898,-24.923930165999899],[-50.561023178999896,-24.920963671],[-50.562085426999893,-24.918914212999898],[-50.566227119999901,-24.917362701999899],[-50.569878650999897,-24.91442933],[-50.569658145999895,-24.912133439999899],[-50.568774784,-24.911090284999897],[-50.567891426999893,-24.910047133],[-50.565326131999896,-24.909555111],[-50.561986225999895,-24.909282345999898],[-50.559924957999897,-24.909485054999902],[-50.559905917,-24.9106310509999],[-50.560366872,-24.9138468569999],[-50.558529977,-24.916116454],[-50.556202137999897,-24.916773308],[-50.554416430999893,-24.915832902],[-50.552884251,-24.915125379],[-50.550838000999896,-24.914411030999897],[-50.548283763999898,-24.913230879],[-50.544168204999899,-24.913177140999899],[-50.540267893999903,-24.915648279],[-50.539484219,-24.916325530999899],[-50.538452021999902,-24.916541786],[-50.535602964999896,-24.917650605999899],[-50.535319209999898,-24.919251721999899],[-50.535008252999894,-24.922456949],[-50.535473924,-24.92544393],[-50.536718327,-24.927982691],[-50.536949654999901,-24.929590731999898],[-50.536923433,-24.931195811999899],[-50.538406294,-24.934883704],[-50.537603402999899,-24.936708036],[-50.535504578,-24.939202861999899],[-50.531602840999902,-24.941672313],[-50.526211147999895,-24.940914488],[-50.523923355999898,-24.9392798209999],[-50.521876016999897,-24.938565192999899],[-50.518822734999901,-24.936460723],[-50.521698382999901,-24.933746869999901],[-50.524531529999898,-24.933555162999898],[-50.5262192819999,-24.932660193999897]]]]}}
]
}
