{
"type": "FeatureCollection",
"name": "contato_savana_fom",
"crs": { "type": "name", "properties": { "name": "urn:ogc:def:crs:OGC:1.3:CRS84" } },
"features": [
{"type":"Feature","properties":{"fid":65,"id1":983144,"cd_fcim":"SG22","leg_carga":"Acc+R+Vss.SM","cd_fito":"SM","cd_leg_2":"Ac","clas_domi":"Acc","leg_uveg":null,"nm_uveg":null,"leg_uantr":"Acc","nm_uantr":"Agricultura com Culturas Cíclicas","leg_contat":"SM","nm_contat":"Contato Savana/Floresta Ombrófila Mista","veg_pretet":"SM","nm_pretet":"Contato Savana/Floresta Ombrófila Mista","leg_sec1":"R","nm_sec1":"Florestamento/Reflorestamento","leg_sec2":"Vss","nm_sec2":"Vegetação Secundária sem palmeiras","leg_sup":"Área Antrópica Dominante em Tensão Ecológica","legenda_1":"Contato (Ecótono e Encrave)","legenda_2":"Agricultura","legenda":"4Acc - Agricultura com Culturas Cíclicas","ar_poli_km":1107.3201,"leg1_id":13.0,"leg2_id":44.0},"geometry":{"type":"MultiPolygon","coordinates":[[[[-50.410270857999897,-24.508926557999899],[-50.412067921,-24.508446008],[-50.413331688,-24.50735227],[-50.414220439999902,-24.506365210999899],[-50.415137966999893,-24.5037120719999],[-50.416536971,-24.501953939],[-50.417405005,-24.502187519],[-50.418626337,-24.503537771],[-50.420095476999897,-24.505001224999901],[-50.421539922,-24.507908513],[-50.423528387,-24.508157254],[-50.424650319,-24.508061282],[-50.4278118349999,-24.512547061999896],[-50.42765094,-24.514654445],[-50.425625133,-24.516625754],[-50.426715358,-24.518417312999901],[-50.428173532999899,-24.520547656],[-50.431260947999895,-24.522033133],[-50.434361973999899,-24.5227406029999],[-50.4381718059999,-24.52568065],[-50.441651904,-24.526060877999896],[-50.443511375,-24.526529394],[-50.44374965,-24.5271992089999],[-50.443490793999899,-24.527751058],[-50.44210743,-24.528510094999898],[-50.438140143999895,-24.527568259999899],[-50.436263110999896,-24.528098169],[-50.435015956,-24.528191794999898],[-50.4331706,-24.526834978999897],[-50.431198055,-24.525698065],[-50.428441829999898,-24.5266593959999],[-50.426334047999894,-24.526186918999898],[-50.425745482,-24.524179859999901],[-50.426405579999894,-24.52196809],[-50.426303603999898,-24.52063292],[-50.42447749,-24.518165612],[-50.423759233999895,-24.516490550999897],[-50.423807108999895,-24.513713938999899],[-50.4225776319999,-24.512809105],[-50.421461781999902,-24.512460507],[-50.420325687999899,-24.513443751999898],[-50.420281807,-24.5159980879999],[-50.419016500999902,-24.517203035],[-50.418344267999899,-24.520080666],[-50.417072408,-24.521618125],[-50.416067483999896,-24.5221610349999],[-50.416289573,-24.523718155],[-50.416898757999896,-24.524504486999902],[-50.416881108,-24.5255038459999],[-50.416985556,-24.526726997],[-50.418570390999896,-24.528746891],[-50.418798034999895,-24.529972438],[-50.41829231,-24.530409252],[-50.416801365,-24.530166392999899],[-50.414361502,-24.52724603],[-50.411674874999896,-24.524211566999899],[-50.410428269,-24.524194841999897],[-50.4081842679999,-24.5243857779999],[-50.40494799,-24.524341574999898],[-50.404296335999895,-24.525998509],[-50.403415557,-24.526541962999897],[-50.4005549459999,-24.527335042999898],[-50.398771704999895,-24.527865843],[-50.398113558,-24.528078456999896],[-50.397216122,-24.527844446],[-50.397102141999895,-24.527176084],[-50.3975209749999,-24.526377437999901],[-50.399687719,-24.525268087],[-50.401455455999901,-24.524300645],[-50.40259959,-24.523310233999897],[-50.403622233999897,-24.521768929999897],[-50.403386565999895,-24.520988877],[-50.402774919,-24.520313660999896],[-50.401783644,-24.520078546],[-50.400839322,-24.519700938],[-50.400639359,-24.520018359999899],[-50.400436536,-24.520897028],[-50.399934204,-24.521865960999897],[-50.399364685999899,-24.523167580999896],[-50.399260206999898,-24.524288903999899],[-50.398725745,-24.525105293],[-50.397428809999894,-24.526041013999901],[-50.396828119999903,-24.526766402999897],[-50.3964600259999,-24.527431711999899],[-50.396387769999897,-24.528201716999899],[-50.396322417,-24.529250633999897],[-50.396413488999897,-24.530161108],[-50.39680743,-24.5311636079999],[-50.397733348999893,-24.531531001],[-50.398960034,-24.531505622999898],[-50.400454383999893,-24.531147215],[-50.401882209999897,-24.530365201999899],[-50.402448823,-24.529911834],[-50.402882844,-24.529216319999897],[-50.403152581,-24.528307441],[-50.404116465,-24.52776589],[-50.404848187,-24.527252539],[-50.406140924999903,-24.527257993],[-50.406869302999901,-24.527412502999898],[-50.407496423999895,-24.527960344999901],[-50.407859779,-24.528417558999898],[-50.408018677,-24.5296605149999],[-50.4080157759999,-24.530509722],[-50.40817465,-24.531754509999899],[-50.408171464,-24.5324825289999],[-50.407737036999897,-24.533208124999899],[-50.40746911,-24.533844593],[-50.407299834,-24.534631682999898],[-50.407390143,-24.536664792999897],[-50.407485885999904,-24.537452329],[-50.407714325,-24.5381202619999],[-50.407711828999901,-24.538727114],[-50.406743602999896,-24.540148904],[-50.406044406,-24.540570639999899],[-50.405676717999903,-24.541206841999898],[-50.405672421999896,-24.542298463999899],[-50.405470025999904,-24.543146235999899],[-50.405134613,-24.543781919],[-50.404635040999899,-24.544265281],[-50.404036973999901,-24.544657248],[-50.4033714219999,-24.545049317999897],[-50.402806063999897,-24.545622104999897],[-50.402371584,-24.546136318],[-50.401671244999903,-24.546922546],[-50.400973147999899,-24.547404438999902],[-50.400673066,-24.5478883699999],[-50.400735653999895,-24.548526098],[-50.401132149,-24.548921785999902],[-50.401394807,-24.549590162999898],[-50.401355705999897,-24.550651332],[-50.401684321999895,-24.55128861],[-50.402247071,-24.551685382999899],[-50.402875891999898,-24.551688360999897],[-50.403771143,-24.551661723999899],[-50.404437124999895,-24.551239574999897],[-50.40536868,-24.550424200999899],[-50.406400673999897,-24.549487917],[-50.406933764,-24.5489147279999],[-50.407335955999898,-24.547975465],[-50.407639784999894,-24.547005869],[-50.407674835,-24.546520583999897],[-50.407614979999899,-24.545186693999899],[-50.407652947,-24.544276801999899],[-50.408418637999894,-24.543430295999897],[-50.409313987999894,-24.543252376999899],[-50.410044507999899,-24.543254734],[-50.410904824999896,-24.543561177],[-50.411530473,-24.544503602],[-50.411624398999898,-24.545566339999898],[-50.411419521,-24.546808675],[-50.410885037999897,-24.54762607],[-50.410285463,-24.548411705],[-50.409949511,-24.549441981],[-50.409978069,-24.550350863999899],[-50.409839809999895,-24.5516550739999],[-50.409832192999893,-24.552989102],[-50.4093960639999,-24.554049183],[-50.4091275769999,-24.554867046],[-50.40846091,-24.555622736],[-50.407496647,-24.556043153999898],[-50.406668311,-24.556251953],[-50.4060006549999,-24.557007628999898],[-50.405134609,-24.557822900999899],[-50.403441036999901,-24.558574493],[-50.401877112999898,-24.5595691299999],[-50.400183104999897,-24.560350776999901],[-50.399548814999896,-24.561166999],[-50.398778863999901,-24.562528388],[-50.398039634,-24.564497093999901],[-50.3965024889999,-24.567158881],[-50.395766867,-24.568369423],[-50.395758193999903,-24.570340561],[-50.3954227199999,-24.5711886459999],[-50.394788107999901,-24.5718836799999],[-50.393826434999895,-24.5719696459999],[-50.39236607,-24.572328491999897],[-50.391668583999895,-24.572265426999898],[-50.390809741999895,-24.571776642],[-50.389981487999897,-24.571621778999901],[-50.389649945,-24.571619615],[-50.388917234999901,-24.572193158999898],[-50.388582722999899,-24.572828908],[-50.388547634,-24.573314239999899],[-50.388242728999899,-24.5744953449999],[-50.3877436289999,-24.575008818999901],[-50.387308799,-24.575613292],[-50.387304148999903,-24.576583845999899],[-50.387433786,-24.57725162],[-50.388026167,-24.5781947309999],[-50.388055769999895,-24.578952444],[-50.387919656999898,-24.579740063],[-50.387550893999901,-24.580587771999898],[-50.387645172999896,-24.581407333],[-50.387474402999899,-24.582436974999897],[-50.387040954,-24.583011406],[-50.386704444999893,-24.583860423],[-50.386802384,-24.584557],[-50.387264149,-24.584833244],[-50.388193765,-24.584593793],[-50.389096719999898,-24.5831719359999],[-50.389697284999897,-24.582325182],[-50.390831875999901,-24.581056494999899],[-50.392192943999895,-24.580667288],[-50.392789562999901,-24.580669898999901],[-50.393450865,-24.581158145999897],[-50.394010883999897,-24.582038896],[-50.395035615,-24.582771202999897],[-50.396028217,-24.5831394749999],[-50.396891169,-24.583051403],[-50.3979244229999,-24.581752306999899],[-50.398590626,-24.581178833],[-50.399423383999896,-24.580302042],[-50.400287986999899,-24.580093677],[-50.400784437,-24.580125148],[-50.401413464999898,-24.580401546],[-50.401777452,-24.580463326],[-50.402475373,-24.580283944],[-50.403206258999894,-24.579983743],[-50.402340127999892,-24.580799079],[-50.401210182999897,-24.581310497999898],[-50.399881277,-24.581850512],[-50.399016668999899,-24.582483586],[-50.398150517,-24.583086565],[-50.397017762999901,-24.584082801],[-50.395890998999896,-24.584079302],[-50.394896996999897,-24.583953442999899],[-50.393014214999901,-24.582459834999899],[-50.392119132999902,-24.582183864999902],[-50.391389073,-24.582422988999898],[-50.390522474999898,-24.583056928],[-50.3899219239999,-24.583902775999899],[-50.389255126,-24.584658508999897],[-50.388456424,-24.585262277],[-50.387626300999898,-24.585592243999898],[-50.386697119999901,-24.585588354],[-50.386169682999892,-24.585039719999898],[-50.385840645999892,-24.584432411],[-50.385811765,-24.583552562999898],[-50.385682828,-24.5825521199999],[-50.385389454999896,-24.581700994],[-50.3855261369999,-24.580943450999897],[-50.385729321,-24.580186711999897],[-50.385764571,-24.579549167],[-50.386218889999903,-24.578880212999898],[-50.386399159999897,-24.57815328],[-50.386360932999899,-24.5768185649999],[-50.386455426999895,-24.575646767],[-50.38668154,-24.57471716],[-50.387129525,-24.5735869919999],[-50.388021849,-24.5717303559999],[-50.388601007,-24.571085705],[-50.389442258,-24.5707258139999],[-50.390105364,-24.570728318999898],[-50.39147502,-24.571057379],[-50.392135474,-24.571463578],[-50.392800668999904,-24.571103384],[-50.3931565339999,-24.570620086999899],[-50.3938715029999,-24.569206972999897],[-50.394848561999893,-24.568078614999902],[-50.395518100999894,-24.566908293],[-50.39623261,-24.565456002],[-50.397214393999896,-24.563559462999898],[-50.398061065,-24.5623092619999],[-50.398821105,-24.560249691],[-50.399310786999898,-24.559564789],[-50.400463413999894,-24.558962565999899],[-50.402413224,-24.557999901999899],[-50.4043198359999,-24.556835315999898],[-50.405029696,-24.556069212999898],[-50.406763164,-24.5543375459999],[-50.407605999999895,-24.5535730359999],[-50.408183950999899,-24.553009484],[-50.408539914999899,-24.552444189],[-50.408634439,-24.551191396],[-50.408639573999899,-24.5501799379999],[-50.409445857,-24.547878597],[-50.410378627999897,-24.546830859999901],[-50.410605447999899,-24.545699961],[-50.410609319999899,-24.544850713999899],[-50.410126756999901,-24.544241692999901],[-50.409551999,-24.544078084],[-50.40893227,-24.544197337],[-50.408576190999895,-24.544842802999899],[-50.408616455999898,-24.545611474999898],[-50.408653826,-24.5469451],[-50.4086514789999,-24.547754274999896],[-50.408424096,-24.548925271],[-50.408021353,-24.549975706999899],[-50.407309168,-24.550983259999899],[-50.406199902,-24.551707209],[-50.40504831,-24.552308538],[-50.403852823,-24.5525466469999],[-50.402968739999892,-24.552543345999901],[-50.401599592999901,-24.552254466],[-50.400190748999897,-24.551157707],[-50.399400132,-24.549981789999897],[-50.398963125,-24.549049782999901],[-50.398967022,-24.5482014359999],[-50.399061331,-24.5471090459999],[-50.399198639,-24.546018999],[-50.399730915999896,-24.545576131],[-50.401015512999898,-24.544973699],[-50.401947740999901,-24.5442504009999],[-50.402436701999896,-24.543685814],[-50.40274878,-24.543040742],[-50.403458607999902,-24.542558083],[-50.40385816,-24.542235730999899],[-50.404082356999893,-24.54150942],[-50.404574223999894,-24.54037899],[-50.405464232,-24.539169499],[-50.406089490999896,-24.537797376],[-50.406184723,-24.536139168],[-50.406461247,-24.533957368],[-50.407050252,-24.530886343],[-50.406969579999895,-24.529147710999897],[-50.406442205999902,-24.528458],[-50.405780324,-24.528374447],[-50.4048950769999,-24.52853242],[-50.404317444,-24.529218012999902],[-50.402407830999898,-24.531110489],[-50.401034468,-24.531914118],[-50.399792003999899,-24.532798586999899],[-50.398421980999899,-24.532793089999899],[-50.397361673,-24.5326673779999],[-50.396391469,-24.532178259],[-50.395425190999894,-24.5308399379999],[-50.395031675,-24.529948609],[-50.395081271,-24.528978776],[-50.39557273,-24.527808319],[-50.395977159,-24.526354352999899],[-50.396824,-24.524942151999898],[-50.39815765,-24.523330782999899],[-50.398869807,-24.522322451],[-50.39976174,-24.520546338],[-50.400387268,-24.519012142999902],[-50.401452812999899,-24.518046329],[-50.4031809109999,-24.517325352999901],[-50.403801824,-24.516761495],[-50.40464538,-24.51579484],[-50.405137749999895,-24.514624442],[-50.405142343999898,-24.513653215],[-50.405500327,-24.512725401],[-50.406387338999892,-24.512080909999899],[-50.40713857,-24.511922252],[-50.407935326999898,-24.511724046],[-50.40882399,-24.510675025999898],[-50.409050222,-24.509585284],[-50.409587803999898,-24.507969907],[-50.4103483049999,-24.506072025],[-50.411452863,-24.504183735],[-50.4116905449999,-24.503184356],[-50.4117955359999,-24.502660814],[-50.410934707,-24.5030404779999],[-50.409999323,-24.503366404],[-50.408970349999898,-24.503316742],[-50.408252063,-24.5026475979999],[-50.407473051999894,-24.501985927999897],[-50.406755388,-24.501272145],[-50.40613903,-24.500515844999899],[-50.406195071999896,-24.499571709999898],[-50.406213727999898,-24.496729334999898],[-50.405909253999901,-24.4958346519999],[-50.405443232,-24.495026411],[-50.4053985789999,-24.494081090999899],[-50.40504365,-24.493229544],[-50.404628109,-24.492377271999899],[-50.404061638,-24.491621591],[-50.404017967999899,-24.490676294],[-50.4037633679999,-24.489782227],[-50.403307138999899,-24.48897412],[-50.403512146999901,-24.488076453999899],[-50.40408704,-24.487228774],[-50.404919751999898,-24.486474377],[-50.405797419999899,-24.486004764],[-50.406782604999897,-24.485679468999898],[-50.407505197,-24.484968393],[-50.407400904,-24.484022395999901],[-50.406944559999893,-24.483222510999898],[-50.406226336,-24.482553413999899],[-50.405294489999896,-24.482131383],[-50.404421426999896,-24.481700943],[-50.40339254,-24.481651267],[-50.4025619,-24.481122938999899],[-50.401591082,-24.479416799],[-50.400821552,-24.478853673999897],[-50.40005252,-24.478183965],[-50.399586421,-24.477384879999896],[-50.399442440999898,-24.476483071999898],[-50.398926618,-24.475674285],[-50.398251664,-24.4753436929999],[-50.3973274209999,-24.475011016999897],[-50.396295363,-24.475192675999899],[-50.395418331999899,-24.475617609],[-50.394430844999903,-24.476040301999898],[-50.393601824,-24.476598817],[-50.392929173999896,-24.477303149],[-50.392149257,-24.477916002],[-50.391223715999899,-24.478241954999902],[-50.390183473,-24.478236737],[-50.3892587919999,-24.478570894],[-50.388428760999901,-24.479130298],[-50.387698067999899,-24.479788374999899],[-50.387025405999893,-24.480491791999899],[-50.38630448,-24.481149988],[-50.385525144,-24.48171911],[-50.384072520999894,-24.483035372],[-50.383195443,-24.483460282999896],[-50.381585435,-24.484631611999902],[-50.380706130999897,-24.4851457729999],[-50.3799754,-24.4858038479999],[-50.379049815,-24.486129773999899],[-50.378009428,-24.486132712],[-50.377086897,-24.48574623],[-50.376162655999899,-24.485412564999901],[-50.375123363999897,-24.4854073079999],[-50.374146302,-24.485216034],[-50.373428776,-24.48450222],[-50.373484933,-24.48355815],[-50.373691004,-24.482661445999899],[-50.373697303,-24.4817167809999],[-50.372926962999898,-24.481145368999897],[-50.371943743,-24.481327538999899],[-50.371017416,-24.481707175999901],[-50.369981734999897,-24.482075466],[-50.369152147,-24.482599300999901],[-50.368480405999897,-24.483302695],[-50.368214682,-24.484198675999899],[-50.367740993,-24.485002863],[-50.367018763,-24.485750290999899],[-50.366082407999897,-24.486076045999901],[-50.364949464999896,-24.486265494999898],[-50.364071733999893,-24.486734078],[-50.363399956999899,-24.487438384],[-50.362776317999895,-24.488196113999898],[-50.362094768999896,-24.488899391999901],[-50.361472851,-24.489603393],[-50.360800093999899,-24.490306777999901],[-50.36001944,-24.490964212999899],[-50.357844488999902,-24.492948564],[-50.357015335999897,-24.493507013999899],[-50.356137566999898,-24.493975588999898],[-50.354214511999899,-24.494724837],[-50.353184956999897,-24.494719620999899],[-50.352414637,-24.494147215999899],[-50.352197325999896,-24.494094467],[-50.350883633,-24.500765895],[-50.342806492,-24.504690154999899],[-50.336030331999901,-24.503627176999899],[-50.322231525999896,-24.506230075999898],[-50.315834046999896,-24.513591968],[-50.314010654999898,-24.519860234],[-50.312947891,-24.523509207],[-50.308311007,-24.537775536],[-50.310044934999901,-24.547309421],[-50.316156223999897,-24.5599903849999],[-50.318177354999897,-24.561410405999897],[-50.336967544999894,-24.563511199999898],[-50.342470847,-24.568895946999898],[-50.348926934,-24.578897468],[-50.351361142999899,-24.580248568999899],[-50.3604700859999,-24.581182114999898],[-50.372494133,-24.585403409],[-50.377051024999894,-24.585422889],[-50.384194293999904,-24.589026142],[-50.38842197,-24.589937408],[-50.399253450999893,-24.588638407],[-50.399478788999893,-24.592365180999899],[-50.396370072,-24.595627278999899],[-50.384771762999904,-24.603317239],[-50.379720373999902,-24.607889412],[-50.377556941999899,-24.612013347],[-50.378442986,-24.624634061999899],[-50.3786144749999,-24.629190261999899],[-50.378922142,-24.632465596],[-50.377433787,-24.636924429],[-50.368744884999899,-24.647901927999897],[-50.352774107999899,-24.679980369],[-50.342266239999894,-24.69481753],[-50.334079406999898,-24.702071486],[-50.325908474,-24.706498883999899],[-50.318077619999897,-24.708099902999898],[-50.304237727,-24.706544746999896],[-50.298983036,-24.7074821379999],[-50.298111499999898,-24.710623687999899],[-50.296937987,-24.713596501],[-50.29438665,-24.717111329],[-50.291135363999899,-24.717953887999897],[-50.2863753829999,-24.719661387],[-50.280622416999904,-24.721134016999898],[-50.27982066,-24.72423643],[-50.288513254999891,-24.725468412999899],[-50.296429469,-24.7282417589999],[-50.298875269999897,-24.730717727],[-50.302776012,-24.7354322209999],[-50.30674305,-24.736375678999899],[-50.309982158,-24.736198461999898],[-50.31400295,-24.734035456999898],[-50.315014547,-24.733162374],[-50.315792100999893,-24.731398188],[-50.323289942999892,-24.729727333],[-50.330536026999894,-24.728274825],[-50.341773803999899,-24.726211497999898],[-50.345507701,-24.726262445],[-50.348489938999897,-24.726525801],[-50.354990115999904,-24.730247027999898],[-50.354287745999898,-24.730923362999899],[-50.354102074999901,-24.731812982999898],[-50.354235757,-24.73275117],[-50.354741540999896,-24.733605420999897],[-50.355715926999899,-24.733983852999899],[-50.356313489999899,-24.734714282],[-50.357299756,-24.735013514999899],[-50.359391096,-24.735024290999899],[-50.360415770999893,-24.734816023999898],[-50.361304993,-24.734355324],[-50.362046365999902,-24.733758775999899],[-50.362983997999898,-24.733335139],[-50.364005687999899,-24.733340218],[-50.364887709999898,-24.733815992],[-50.365122844,-24.734710724],[-50.365116636,-24.735647222999901],[-50.3646023599999,-24.736451723999899],[-50.363752647999895,-24.7369566889999],[-50.362775138999901,-24.737291392],[-50.361886773,-24.737760319],[-50.360958045,-24.738175861999899],[-50.360021627,-24.738511054999901],[-50.359000894999895,-24.738505973],[-50.357929789,-24.738463797999898],[-50.356904355,-24.738165],[-50.355883638,-24.7381589949999],[-50.354861305,-24.738198565999902],[-50.353172577999899,-24.739209489999897],[-50.352245932,-24.73954478],[-50.351356676999899,-24.7400054619999],[-50.350467928999898,-24.740429669],[-50.3485527079999,-24.741187942],[-50.346596231,-24.7420259569999],[-50.343793823999896,-24.7431637349999],[-50.342819623999901,-24.743328792999897],[-50.341787483999894,-24.7433682],[-50.340719630999899,-24.7437902029999],[-50.339830839999898,-24.744215297],[-50.338894384999897,-24.7445495209999],[-50.337919548999899,-24.744759244999898],[-50.336896059999894,-24.744878996999901],[-50.335913730999899,-24.745551914],[-50.33557717,-24.746447942],[-50.336092704999899,-24.74730239],[-50.336831914999898,-24.747980818],[-50.337622780999894,-24.748535842],[-50.337938079,-24.749431628],[-50.338028228,-24.750538992],[-50.337832713999902,-24.7514276419999],[-50.337318195,-24.752241265999899],[-50.336390981999891,-24.7526120869999],[-50.335319194,-24.752614510999898],[-50.334249127,-24.752564053],[-50.333314953999896,-24.752176893999899],[-50.332574623999903,-24.751577778999899],[-50.332017712,-24.750812181999901],[-50.331278633999901,-24.750124614999901],[-50.330395524,-24.749656907],[-50.3293242129999,-24.749695793999898],[-50.327451532999895,-24.750829318999898],[-50.3267490369999,-24.751505644999899],[-50.325531466,-24.753032052],[-50.32510547,-24.753881400999902],[-50.324640314,-24.754731185],[-50.323184785999899,-24.757235124],[-50.3227597549999,-24.758084497],[-50.32154052,-24.759655597999899],[-50.320509504,-24.761343929],[-50.319945001999898,-24.762156944],[-50.318717851,-24.763592979999899],[-50.318163883999901,-24.764352315999897],[-50.317550718999897,-24.765075357999901],[-50.316382323,-24.766646196],[-50.3157676659999,-24.767404790999898],[-50.315203778999894,-24.768172222],[-50.314778690999894,-24.769022531999898],[-50.31417479,-24.769781264999899],[-50.313659311,-24.770585776999901],[-50.313184946,-24.771389883],[-50.31261942,-24.772202906],[-50.311916814999897,-24.772880168],[-50.311452227999894,-24.7736844],[-50.310789239,-24.7743977219999],[-50.310324631999897,-24.775202868999902],[-50.309709808,-24.775970598999898],[-50.307327830999903,-24.777657894999898],[-50.306304703,-24.777741992],[-50.3052740319999,-24.777736606999898],[-50.304249144,-24.777944723],[-50.303320684999896,-24.778324588],[-50.302381943999897,-24.778738984],[-50.301542724999898,-24.779244903999899],[-50.301260252999896,-24.779629073999899],[-50.300977792,-24.780012331999899],[-50.300971352,-24.7809490009999],[-50.301155761999894,-24.781888023999898],[-50.301479279,-24.782819645],[-50.30198562,-24.783629469999898],[-50.30272597,-24.784228738],[-50.302859494,-24.785167147],[-50.302853074,-24.786102924],[-50.302986598999894,-24.787041338999899],[-50.30349245,-24.787886741999902],[-50.30390813,-24.78874016],[-50.304830694,-24.790366941999899],[-50.304734223,-24.791302542],[-50.304130873999902,-24.792016635],[-50.303744873999896,-24.792866580999899],[-50.303648397999893,-24.793802190999898],[-50.304014184,-24.7946541009999],[-50.304563413,-24.796445990999899],[-50.304566785999903,-24.797381931999897],[-50.304460524,-24.798317437],[-50.304133702999899,-24.799204620999898],[-50.303897778999897,-24.80010205],[-50.303611428999893,-24.801034436999899],[-50.303795517,-24.801928833],[-50.304393218999898,-24.802650445],[-50.304527736999901,-24.803588934999897],[-50.304520329999896,-24.804525682],[-50.304145067,-24.805376715],[-50.303581181,-24.806136033],[-50.303205925,-24.806986159999898],[-50.302365638,-24.807492128],[-50.301801741999896,-24.808251449],[-50.301137543,-24.808973045999899],[-50.300534012999897,-24.8096963029999],[-50.299782625,-24.810283641],[-50.299079896999899,-24.810960065],[-50.298515853,-24.811728511999899],[-50.298419365,-24.812663277999899],[-50.298411936,-24.813600058999896],[-50.297986213999891,-24.814486073],[-50.297195191999897,-24.8150364379999],[-50.296305581999896,-24.815497096999902],[-50.29555405,-24.816092646999898],[-50.294990115,-24.8168519819999],[-50.294435215,-24.81766434],[-50.293909792,-24.818468852],[-50.293534602999898,-24.819310801],[-50.293668112,-24.820249347],[-50.294510004999893,-24.820805277],[-50.295341638999901,-24.821325499999897],[-50.296362821999892,-24.821321677999897],[-50.297114033999904,-24.821921185999901],[-50.296820085,-24.8237986769999],[-50.296624377999898,-24.824687563999898],[-50.296388518999898,-24.82557687],[-50.295962309999894,-24.826426425999898],[-50.295685679,-24.827359938],[-50.295577135999892,-24.828384019999898],[-50.295160547,-24.829313985999899],[-50.294684392,-24.83016385],[-50.294498446,-24.831053790999896],[-50.294491993999898,-24.831989741],[-50.294535454,-24.832927223],[-50.294529001999898,-24.833863182],[-50.29480412,-24.834758825999899],[-50.295168308999898,-24.835656485],[-50.295908804,-24.836254985],[-50.296938552,-24.836341586999897],[-50.297960643999893,-24.836346894],[-50.298935855,-24.836137224],[-50.299687941999899,-24.835506042],[-50.300626398999903,-24.8351262199999],[-50.301416495999895,-24.83457579],[-50.302306796,-24.834070384],[-50.303195941999896,-24.833646158],[-50.304172271999903,-24.833909067],[-50.304397497,-24.834804088999899],[-50.304391068,-24.835740964999896],[-50.304155239999893,-24.836629405999897],[-50.304144772999898,-24.8394392649999],[-50.304038506,-24.840374016999899],[-50.304034941999895,-24.842282601],[-50.303938449,-24.843218396999902],[-50.3031375629999,-24.843768720999897],[-50.302161058,-24.844067808],[-50.300382806999899,-24.8449080779999],[-50.299442552999899,-24.845411972],[-50.298512705999897,-24.845872201],[-50.297571809,-24.84642079],[-50.2969182699999,-24.847142622],[-50.296354272,-24.847902054],[-50.296338254,-24.851648079],[-50.296101405999899,-24.852536558999901],[-50.295576896999897,-24.853341201],[-50.295235680999895,-24.853925482999902],[-50.295051793999903,-24.8541184659999],[-50.295105652999901,-24.85508262],[-50.295561077999899,-24.855901187],[-50.297616475,-24.855822529],[-50.298640404999901,-24.855703769999899],[-50.299626111999899,-24.855449500999899],[-50.300650168999894,-24.855321612999902],[-50.301671860999896,-24.855291317],[-50.3026585429999,-24.855037051],[-50.303732408999899,-24.854917977],[-50.305500064999897,-24.8540693109999],[-50.306438106,-24.853653854],[-50.307461531999898,-24.853569730999901],[-50.308492848999904,-24.853619821999899],[-50.309508245999901,-24.853964415999897],[-50.310539850999902,-24.853925089],[-50.311292436,-24.853329422999899],[-50.312134622,-24.852698361],[-50.312550051999892,-24.851848557],[-50.312556452,-24.850911618999898],[-50.312472657999898,-24.849982699999899],[-50.311865796999896,-24.849207023999899],[-50.311640403999895,-24.848321077],[-50.311556743,-24.847383045999898],[-50.311050247,-24.846573028999899],[-50.310956786999895,-24.845635795999897],[-50.311013118999895,-24.844699493999897],[-50.3113389929999,-24.8438121259999],[-50.311814602999895,-24.842998676],[-50.312378544999895,-24.842239229],[-50.3128502819999,-24.840453177],[-50.313365901999894,-24.839648439],[-50.314253952999898,-24.839232368999898],[-50.315191888999898,-24.838888982999897],[-50.316212379,-24.8389389119999],[-50.317241526,-24.839069229999897],[-50.3181247999999,-24.839545357],[-50.319006595,-24.840057045],[-50.319745896,-24.840744889999897],[-50.320252406999899,-24.841554873999897],[-50.3206178,-24.842443418],[-50.321174243,-24.843254019],[-50.321823496,-24.843940764],[-50.322522676999903,-24.8446281229999],[-50.323354572,-24.845139197],[-50.324095145999898,-24.845738562999898],[-50.324937815999895,-24.846249767],[-50.325862524999899,-24.84663698],[-50.337239229,-24.846688411999899],[-50.339620391,-24.846274956999899],[-50.340928860999895,-24.8459004179999],[-50.341905315,-24.845602115],[-50.342883871,-24.845223546999897],[-50.344662134,-24.8443027399999],[-50.345454412,-24.843661878],[-50.3460182439999,-24.842903277999898],[-50.346722555,-24.842181057999902],[-50.347610677,-24.8417566749999],[-50.348362048999896,-24.841169141],[-50.349153053999899,-24.840617671999897],[-50.349906637999894,-24.839941667999899],[-50.350696645,-24.839391097],[-50.352477070999903,-24.838380883999896],[-50.353317359999899,-24.837874712],[-50.354158258,-24.837324753999898],[-50.355183352,-24.837115506],[-50.356159235999897,-24.837414736],[-50.356899876999897,-24.838013089999901],[-50.357135065,-24.838909117999897],[-50.357267078999904,-24.839971766999899],[-50.357031427,-24.8408602649999],[-50.355616986999898,-24.843285448],[-50.355151784,-24.844134675],[-50.354202035999904,-24.845745312999899],[-50.353786241,-24.846631640999899],[-50.353220806,-24.847435865],[-50.352567418,-24.848157822],[-50.351953524999892,-24.848925876999896],[-50.351339416,-24.849639189999898],[-50.350221385999895,-24.851167518],[-50.34955819,-24.851889359],[-50.348340557,-24.853327068999899],[-50.347866149,-24.854131499999898],[-50.347311947,-24.854900292],[-50.346460842999903,-24.856592469],[-50.345708680999891,-24.857232944],[-50.345104664999901,-24.85799201],[-50.344442064999903,-24.858669161],[-50.343837561,-24.8593926409999],[-50.343362489,-24.860242696999901],[-50.342847285999902,-24.861091356],[-50.342331715999897,-24.861896214999899],[-50.341906063999893,-24.862782464999899],[-50.341859014,-24.863762748999896],[-50.341662449999902,-24.864651797999898],[-50.341336524,-24.865548396999902],[-50.340862058999896,-24.8663537689999],[-50.340435915999898,-24.867204441999899],[-50.340060807,-24.868046615],[-50.339584111999898,-24.868940474999899],[-50.338980551,-24.869663986],[-50.33846593,-24.870468878999898],[-50.337713837,-24.871100247],[-50.337060961999903,-24.871778449],[-50.336027682999891,-24.87186256],[-50.335102253999899,-24.87151913],[-50.334124146,-24.871300972],[-50.332540837999893,-24.870181214999899],[-50.331617514999891,-24.869758418999897],[-50.330632028,-24.869369531999897],[-50.32965604,-24.869071092999899],[-50.328772645999898,-24.868594943999899],[-50.328031995999893,-24.867995533999899],[-50.327055050999896,-24.867696163999899],[-50.326263834,-24.867141752999899],[-50.325287371999899,-24.86687797],[-50.324638053999898,-24.866191166999901],[-50.32389742,-24.865591751999897],[-50.3229211069999,-24.865248580999896],[-50.321941121999899,-24.8646106489999],[-50.319576520999895,-24.862935647],[-50.3186930359999,-24.862468603],[-50.317716586,-24.862205711999898],[-50.3168836689999,-24.861694574],[-50.315854433,-24.861564241999897],[-50.314833232999902,-24.8615580959999],[-50.313809273999901,-24.861677825999902],[-50.313334731999895,-24.862483143],[-50.313601936999902,-24.864360549],[-50.313836033999898,-24.865255782999899],[-50.315032637999892,-24.8667084739999],[-50.3165642929999,-24.867942644],[-50.317262533999902,-24.868630981],[-50.318146667999898,-24.869053339999898],[-50.319030043999895,-24.869529521999901],[-50.319955459,-24.869872087],[-50.320798198,-24.870383352],[-50.321538839,-24.8709827859999],[-50.3222380919999,-24.871670220999899],[-50.3229787389999,-24.872269654],[-50.323957459,-24.8724440579999],[-50.324748057,-24.873043187999897],[-50.325488083,-24.873687322],[-50.325944241999899,-24.874532374999898],[-50.326320005999897,-24.875384658],[-50.326867248,-24.876159656],[-50.327658481,-24.876714996],[-50.3283067019999,-24.877482105999899],[-50.329147874999897,-24.878038056],[-50.330122005999897,-24.87847062],[-50.331046837,-24.878857867],[-50.332822484999902,-24.879882385],[-50.333704945999898,-24.880358532999896],[-50.33458789,-24.8808702709999],[-50.336631445,-24.880880615999899],[-50.337381442,-24.881515737],[-50.337375143999893,-24.88245188],[-50.336811058999899,-24.883220621999897],[-50.336196828,-24.883934001999901],[-50.335543916999903,-24.884612235999899],[-50.334791647,-24.885252758],[-50.334138728999896,-24.885930991999899],[-50.333485306999897,-24.886644809],[-50.332959879,-24.887448703999898],[-50.332495010999892,-24.888263379],[-50.331605226,-24.888723367999898],[-50.330583906999898,-24.888718185999899],[-50.329606368,-24.888455294],[-50.328672226,-24.888031412],[-50.327696301999893,-24.887723819],[-50.326663587,-24.887763198999899],[-50.325686957,-24.888061503],[-50.324795901,-24.888610882],[-50.3231630659999,-24.889747966999899],[-50.322510106,-24.89042619],[-50.321755675999896,-24.891146970999898],[-50.321380473,-24.891989203],[-50.321234100999895,-24.892923670999899],[-50.321214024,-24.895734053],[-50.321257604,-24.896670862999901],[-50.32139223,-24.897609705],[-50.321384882,-24.89854681],[-50.321620143999894,-24.89943305],[-50.322126775,-24.900243225999901],[-50.32314962,-24.900212863],[-50.324126309999897,-24.89991364],[-50.324976631,-24.899408453],[-50.325719675999899,-24.8987322159999],[-50.327451297,-24.897676589],[-50.328203506,-24.897044265],[-50.328956175,-24.896448447999898],[-50.329699214,-24.8957712969999],[-50.330213898999901,-24.894967248999897],[-50.330966093,-24.8943349259999],[-50.331717768,-24.893739097],[-50.332697034,-24.893323993],[-50.335822844999903,-24.893332046999898],[-50.336756900999902,-24.893764126999898],[-50.337445600999892,-24.894443248],[-50.337962927,-24.895261721999898],[-50.338327976,-24.896114843],[-50.338834665,-24.896924065999897],[-50.3392008269999,-24.897768079999899],[-50.340407512999896,-24.899220982],[-50.340632920999902,-24.900116214],[-50.341048901,-24.900969969999899],[-50.341233186999894,-24.901864707],[-50.342246598,-24.9034840959999],[-50.342802611,-24.904339568],[-50.343360860999894,-24.905105633999899],[-50.344284211999891,-24.9067239409999],[-50.344882137999896,-24.907454904],[-50.345531100999899,-24.908178275999898],[-50.346321857,-24.908777436],[-50.347298350999893,-24.909121505],[-50.348233109,-24.9095088669999],[-50.349211359,-24.909727925],[-50.350190250999901,-24.909901357],[-50.351123877999903,-24.910369919999898],[-50.352931583,-24.911224178999898],[-50.353723828999897,-24.911788665999897],[-50.354658733999898,-24.912166887999899],[-50.355677644,-24.912350828999902],[-50.35661305,-24.91269346],[-50.357590822999896,-24.9129480789999],[-50.358612862,-24.912908458999897],[-50.359591134,-24.913127485999901],[-50.360290601,-24.91381495],[-50.360656741999897,-24.914667208],[-50.360982227,-24.915555480999899],[-50.361066099999903,-24.916492848],[-50.361059871999899,-24.917430037],[-50.3609126489999,-24.91836461],[-50.360726879999902,-24.919253999],[-50.360580620999897,-24.920189503],[-50.360065979999902,-24.920993686],[-50.359500899999894,-24.921762578],[-50.359494679999898,-24.922698876],[-50.359860321,-24.923587666999897],[-50.361159432,-24.924961444],[-50.361910111,-24.92556103],[-50.362599953,-24.926239279],[-50.363441355999896,-24.926795244999898],[-50.364368010999897,-24.927137763999898],[-50.365207572,-24.926632276999896],[-50.366146871999902,-24.9262083099999],[-50.367077509999895,-24.925703009],[-50.368110864999892,-24.925627897],[-50.369086340999893,-24.925418834],[-50.371140038999897,-24.925429063],[-50.372163104,-24.925389406999898],[-50.374312707999898,-24.925053051],[-50.375251367,-24.924673771],[-50.376178641999893,-24.924338157],[-50.37721199,-24.924263014999902],[-50.378232332,-24.924348338],[-50.378841292999894,-24.925070291999898],[-50.378925221,-24.926008603],[-50.378598853,-24.926941054999901],[-50.378073355999902,-24.927754287],[-50.376856505,-24.929192569999902],[-50.376341896,-24.929996811],[-50.37649386,-24.931042745],[-50.377216997999895,-24.932641361],[-50.377251105999903,-24.933569973],[-50.377255721,-24.934506445999897],[-50.377148076,-24.935486291],[-50.37677286,-24.9363378699999],[-50.376208902999899,-24.937097729999898],[-50.375933076,-24.937986108999898],[-50.375926915,-24.93892247],[-50.376525004,-24.939653467],[-50.377265473999891,-24.9402885229999],[-50.378297768,-24.9402936769999],[-50.379322005999896,-24.940173688],[-50.381281610999892,-24.939844096999899],[-50.382267554999899,-24.939589468999898],[-50.3832912949999,-24.939505057999902],[-50.384365459,-24.9393865669999],[-50.385432195,-24.939097305999901],[-50.386466331999898,-24.938969198999899],[-50.387489940999892,-24.938893898999901],[-50.388614790999895,-24.938722153],[-50.389543079,-24.938386491],[-50.390616135999892,-24.93834737],[-50.392669936999901,-24.938357454],[-50.393647353999896,-24.938576381],[-50.394678530999897,-24.938661781999901],[-50.395749991999892,-24.938667347],[-50.396771868,-24.938717035],[-50.397614001999898,-24.939228216999901],[-50.397929737999895,-24.940124634],[-50.397783613999898,-24.941059324],[-50.397268053999895,-24.94186454],[-50.396515883999903,-24.942497153],[-50.395675353999899,-24.943002749],[-50.394885115999898,-24.943554584],[-50.394082022999896,-24.944185670999897],[-50.390908312,-24.946391022999897],[-50.390067759,-24.9468966099999],[-50.389177242999899,-24.94740251],[-50.388287356,-24.947862778999898],[-50.387397947999901,-24.948288367],[-50.386420047999898,-24.948667251],[-50.385530759999895,-24.949083709],[-50.384729719999903,-24.949634488999898],[-50.384126097,-24.950358329],[-50.383930591,-24.951247731],[-50.383922856999895,-24.95222885],[-50.384108306999899,-24.95312376],[-50.384614616,-24.953978725],[-50.385406221,-24.954533178],[-50.386146755,-24.9551682499999],[-50.386939333,-24.955723625999898],[-50.387873697,-24.956155656999901],[-50.38879889,-24.956542849999899],[-50.389682818,-24.957009866999901],[-50.390618304,-24.957361580999898],[-50.391640367,-24.957403075999899],[-50.392671748999902,-24.957408169],[-50.393650847999901,-24.957581493999896],[-50.39462808,-24.957889883999897],[-50.395649798,-24.957885723999897],[-50.396680925999895,-24.957980251],[-50.397659411999896,-24.958198281999898],[-50.398635798,-24.958497522999899],[-50.399704995,-24.958672822],[-50.400737363,-24.958677898999898],[-50.401757847999896,-24.958763153999897],[-50.402641682,-24.959239264999901],[-50.403618089999895,-24.959537578],[-50.4046504619999,-24.959542640999899],[-50.405575187999901,-24.959966293],[-50.4064584159999,-24.9604871129999],[-50.407392955,-24.960909966],[-50.408328477999895,-24.961261629],[-50.409350570999898,-24.961302153],[-50.410285595999895,-24.961690315999896],[-50.411170070999901,-24.962121689],[-50.4119611409999,-24.962720809],[-50.412509926,-24.963486814],[-50.411903659999894,-24.964334859999898],[-50.411151461,-24.964967568],[-50.410399760999901,-24.965563769],[-50.409518524999896,-24.966105479],[-50.408530308,-24.96644874],[-50.407739170999896,-24.966991522999901],[-50.406986840999899,-24.967632442],[-50.4063333,-24.968354869999899],[-50.405720024999894,-24.969069567],[-50.405067081999896,-24.969748188],[-50.404363217,-24.970425287999898],[-50.403610365999903,-24.971102714],[-50.402769756999902,-24.97160839],[-50.402017401,-24.972249308],[-50.401225617,-24.972836808999897],[-50.400285587,-24.973305688],[-50.399309945,-24.973515806999899],[-50.39828498,-24.973679688999901],[-50.397346166,-24.974060031],[-50.396456820999902,-24.974475652],[-50.395615557,-24.975026949],[-50.394724349999898,-24.975576732],[-50.394071362,-24.976255347999899],[-50.3934579209999,-24.976978255999899],[-50.3927539949999,-24.977656262],[-50.391963782999895,-24.978198126999899],[-50.3911231169999,-24.978704697999902],[-50.390459349999901,-24.979382272999896],[-50.390034162999903,-24.980233422],[-50.389569433999895,-24.981039368],[-50.38928272,-24.981936005],[-50.3892638559999,-24.984783028],[-50.389358628,-24.985720781999902],[-50.390191105,-24.986231964999899],[-50.390943008,-24.986831643],[-50.391592928,-24.9875095139999],[-50.392331859,-24.988197586],[-50.392981772,-24.98887637],[-50.393681531999903,-24.9895639709999],[-50.394515008,-24.990075162],[-50.395491395999898,-24.990382666999899],[-50.396524508,-24.990343034],[-50.402728393999894,-24.990365403999899],[-50.404685608,-24.9908023939999],[-50.405762439999897,-24.990504902999898],[-50.406738140999899,-24.990294748999897],[-50.407723006999895,-24.990130345999901],[-50.4108498679999,-24.990145836999897],[-50.41163281,-24.99070111],[-50.412099751,-24.991510043999899],[-50.4124255199999,-24.9923976279999],[-50.412469431,-24.993335709999897],[-50.412447954999898,-24.996604601999898],[-50.41272786,-25.000469634999899],[-50.412808645,-25.001006494999899],[-50.413149135,-25.001608538],[-50.413154118999898,-25.0025279299999],[-50.413485281,-25.003665766],[-50.413574255999897,-25.0048892689999],[-50.413903839999897,-25.005572442999899],[-50.414497656,-25.006561878],[-50.415497847,-25.007851967999898],[-50.416505672,-25.008159801],[-50.418606055999895,-25.008384804999899],[-50.419949255999896,-25.008385306],[-50.420792887999902,-25.008307722],[-50.421637507999897,-25.008158020999897],[-50.423227433999898,-25.007170884999898],[-50.424066401999895,-25.006790133],[-50.424745707999897,-25.006335353999901],[-50.42533086,-25.006102213999899],[-50.426082767,-25.005496746999896],[-50.4271823,-25.005118179],[-50.4281068619999,-25.005568312],[-50.428609512,-25.0066369739999],[-50.428611542999896,-25.010064267999901],[-50.4286059309999,-25.010974435],[-50.428354085999899,-25.012193915999902],[-50.428273292,-25.012799173],[-50.428266579,-25.013789680999899],[-50.4281032439999,-25.014555559],[-50.428274699,-25.015699749999897],[-50.4286867369999,-25.016232363],[-50.430120226,-25.016224763],[-50.431375933,-25.0166076299999],[-50.433146158999904,-25.016836831],[-50.435240346999898,-25.016302953],[-50.43776509,-25.016381311],[-50.439104185,-25.016613578],[-50.442802822,-25.0166099519999],[-50.444315004,-25.016148544],[-50.445830229,-25.015463483999902],[-50.447257389999898,-25.0146258199999],[-50.448348639999892,-25.013489282999899],[-50.44960522,-25.0127299379999],[-50.450698097,-25.0121202089999],[-50.451454654,-25.011817828999902],[-50.452716445999897,-25.010674175999899],[-50.453051665,-25.010447154999898],[-50.453978772,-25.010138567999899],[-50.454563375,-25.010520703999898],[-50.455236026999899,-25.011056346],[-50.455737266,-25.011661176],[-50.4560788369999,-25.012191995999899],[-50.456075417999898,-25.0141731269999],[-50.455155196999897,-25.015847639999897],[-50.454735511,-25.0163776969999],[-50.454025658,-25.019224262999899],[-50.453951313999895,-25.020079784],[-50.453952447999903,-25.022373285],[-50.453595251,-25.02335056],[-50.453229955,-25.02420266],[-50.452217246,-25.025973834999899],[-50.452290901999895,-25.0275451219999],[-50.452725342999898,-25.028524467999897],[-50.453011615,-25.029376064999898],[-50.453739874999897,-25.029572757],[-50.454966337,-25.029375417],[-50.455619614999897,-25.029249826999902],[-50.456846887,-25.0296414009999],[-50.457497444999895,-25.0302927759999],[-50.4577149,-25.0310184759999],[-50.457711211999893,-25.031866656],[-50.458431988,-25.033696706999898],[-50.457926491,-25.034555410999896],[-50.4573532329999,-25.035208791999896],[-50.4564800919999,-25.035865938],[-50.45532328,-25.0361271139999],[-50.454751847999894,-25.036717515],[-50.4549667429999,-25.037631298999898],[-50.455545811,-25.038353075],[-50.457060598999895,-25.038284213999898],[-50.458004947999896,-25.038804854],[-50.459087262999894,-25.039989105],[-50.459954797,-25.040250435],[-50.460818812999896,-25.040771037],[-50.461323877,-25.041099311],[-50.461687892,-25.041496229],[-50.462632249999899,-25.042017776],[-50.463350590999902,-25.042804193999899],[-50.463708295999893,-25.043594583],[-50.464221332999898,-25.044636078999901],[-50.465045414999899,-25.045718679999897],[-50.463679482,-25.048824516],[-50.464709645999896,-25.049596364],[-50.465564914,-25.051776929],[-50.465907356999892,-25.053477557999898],[-50.466361011999901,-25.053913897],[-50.468367594999897,-25.051834568999901],[-50.470720375,-25.049803144999895],[-50.476433168,-25.046897154999897],[-50.480801310999901,-25.0474140799999],[-50.485696031,-25.047249534999896],[-50.489829955999902,-25.046387534],[-50.492692814999899,-25.044590225],[-50.493771383999892,-25.041622487],[-50.496408027,-25.037987250999898],[-50.498248268999895,-25.035717830999896],[-50.504505228,-25.0309844249999],[-50.507079716,-25.031018042],[-50.508870090999892,-25.0317300469999],[-50.511148409,-25.034053777999901],[-50.513196467999897,-25.03476876],[-50.515774058,-25.034573162],[-50.51683001,-25.032982088],[-50.516860406,-25.031147207999897],[-50.5153692169999,-25.027915997],[-50.515095921999894,-25.026591665999899],[-50.514359245,-25.026582200999897],[-50.514188088,-25.0262661309999],[-50.514188796,-25.026213184],[-50.514379274999897,-25.025377235999898],[-50.5148650349999,-25.024440635],[-50.516411843999897,-25.02336114],[-50.516594755,-25.022944186],[-50.516861911,-25.021061915999901],[-50.516877436999899,-25.020119871999899],[-50.518072966,-25.018930402999896],[-50.518953885,-25.018995398999902],[-50.519826855,-25.019582537999899],[-50.520401886999899,-25.020323258999898],[-50.522628797,-25.020771785],[-50.523215862,-25.020831540999897],[-50.525513992999898,-25.020494771],[-50.526165692999896,-25.020189151999897],[-50.527636060999903,-25.020208902],[-50.5284513759999,-25.020639226999901],[-50.528974504,-25.0210123059999],[-50.531955722999896,-25.020734513],[-50.532250185999899,-25.018558574999897],[-50.531360073999899,-25.017858979],[-50.530203721,-25.017729663999898],[-50.529044869,-25.017714440999899],[-50.527492981,-25.018152079999901],[-50.525215636,-25.015828637],[-50.525240405,-25.014338016999897],[-50.524863066,-25.013760295999898],[-50.523979551,-25.012715661],[-50.521956409,-25.010511134999899],[-50.521326495,-25.009699510999898],[-50.520076279,-25.007503954999901],[-50.519076163,-25.005656409],[-50.518185573,-25.005071835999896],[-50.517420805999897,-25.004602838],[-50.515994223999897,-25.00527191],[-50.515721399,-25.0061862589999],[-50.516199694,-25.008371038999901],[-50.516277835,-25.011467819],[-50.516980867,-25.015605388],[-50.517159545999903,-25.016531406999899],[-50.51732622,-25.017769535999896],[-50.516896875,-25.018811764],[-50.516420803,-25.01917144],[-50.515775946,-25.019111003],[-50.514670972,-25.01836321],[-50.514283354,-25.016943565],[-50.513727387999893,-25.014998831],[-50.513266384,-25.013572874],[-50.512785595999901,-25.012454368999897],[-50.512666909999894,-25.0118787279999],[-50.514114312999901,-25.009949084],[-50.514165501,-25.006853824999901],[-50.514340419999897,-25.004103310999902],[-50.513966619,-25.0034106099999],[-50.513330184,-25.002943096],[-50.510635754999903,-25.002448929],[-50.509083914999898,-25.002887357],[-50.509066182999895,-25.003918776],[-50.509440953,-25.0046114959999],[-50.511101851,-25.005321905999899],[-50.512118648999902,-25.006138032],[-50.511962978,-25.007741199999899],[-50.511296103999896,-25.00910837],[-50.5102457899999,-25.010356057],[-50.508154767999898,-25.0122782],[-50.506485734,-25.012025972999897],[-50.506239287,-25.011334722999898],[-50.506139875999899,-25.009614444],[-50.505263571999897,-25.008111547999899],[-50.505136791,-25.007995039],[-50.503597640999899,-25.007630191],[-50.502451963999903,-25.006928474999899],[-50.502341976,-25.005779609999902],[-50.501838899999896,-25.005085382999898],[-50.500557396,-25.0047235269999],[-50.499411764999898,-25.004019983],[-50.4994407229999,-25.00230125],[-50.498558880999894,-25.001142489999896],[-50.498187222999896,-25.000220656],[-50.496388421999896,-25.000080988],[-50.495222499,-25.000524756999898],[-50.494830964999899,-25.000863448],[-50.494815691,-25.00178077],[-50.495812116,-25.003743357999902],[-50.49669956,-25.004558022],[-50.498349217999895,-25.005956737],[-50.499105841999899,-25.006883994],[-50.499730102999898,-25.008037949],[-50.4995936669999,-25.008494664999898],[-50.499198057999898,-25.009063393],[-50.498057033999899,-25.008015697999902],[-50.495769395999893,-25.00626534],[-50.494113151,-25.005211625999898],[-50.4937531429999,-25.003715665],[-50.493374355,-25.003252030999899],[-50.4928672469999,-25.002786897],[-50.49131691,-25.003111133999901],[-50.490005827999894,-25.004583908],[-50.48894575,-25.006404717999899],[-50.488281287999904,-25.007656826999899],[-50.486839871,-25.009129005],[-50.485661126999901,-25.010374189999897],[-50.484761477999896,-25.010247709999899],[-50.484779319,-25.009215352],[-50.486640366999893,-25.0056857269999],[-50.48758337,-25.003175201],[-50.486833383,-25.001904741],[-50.486323784,-25.001552773],[-50.485048892999899,-25.000848582999897],[-50.484150256999897,-25.000722116],[-50.483026161999895,-25.000677908999901],[-50.482970429,-25.000161449],[-50.483495359,-24.999594278],[-50.484368442999894,-24.999290457],[-50.484645427,-24.998147978],[-50.484418430999895,-24.996310348999899],[-50.483684376,-24.994006687999899],[-50.480888351,-24.991905282999898],[-50.478821313999894,-24.992336581999897],[-50.476705161,-24.995748857],[-50.475644057999894,-24.997568628999897],[-50.4704670039999,-24.99933457],[-50.467393958999892,-24.998376366999899],[-50.465354496,-24.997202075999898],[-50.464355785999899,-24.9953544379999],[-50.463872314999897,-24.993512879],[-50.460031623999903,-24.992314613999902],[-50.457957343,-24.993203965999896],[-50.454599104999893,-24.9938471779999],[-50.4527669719999,-24.995657750999897],[-50.4519642859999,-24.997481407999899],[-50.449386035,-24.997676415999898],[-50.448703849999895,-24.997340606999899],[-50.447312155999896,-24.995295634999898],[-50.445852215999892,-24.994233982],[-50.4438742789999,-24.994591242],[-50.442253901999898,-24.995667539999896],[-50.441052785999901,-24.997463624],[-50.440295334,-24.998551065999898],[-50.437050513,-25.000922713],[-50.435748084999894,-25.001454102],[-50.434487458,-25.0030833389999],[-50.432789573,-25.005091739999902],[-50.431426902999895,-25.005512849999899],[-50.4306266299999,-25.005501508999899],[-50.429097777,-25.004822348999898],[-50.4284839009999,-25.0046498029999],[-50.427074487999896,-25.004192077],[-50.426715451999897,-25.003582518],[-50.426653090999892,-25.00241412],[-50.427205038999901,-25.000242418],[-50.4282613929999,-24.998651880999898],[-50.430983484999899,-24.997541272],[-50.432804405999896,-24.996419022999898],[-50.433729258,-24.995056072],[-50.433740632,-24.994367869],[-50.433629364999895,-24.993334959],[-50.4340250939999,-24.992766355],[-50.435955669999899,-24.99279202],[-50.436974324999902,-24.993380155999898],[-50.438272739999896,-24.992709058999896],[-50.439446931,-24.991808256999899],[-50.441128117999902,-24.991371741999899],[-50.443308072,-24.991859505],[-50.444867185999897,-24.990963247],[-50.446566910999898,-24.989381238999897],[-50.448789049999895,-24.987347143],[-50.449963192,-24.986445408999899],[-50.450657087,-24.983473074],[-50.451177942999891,-24.983135992],[-50.453359398,-24.983509575],[-50.454638213999893,-24.983984769],[-50.455780520999895,-24.9849175219999],[-50.456667775999897,-24.985732239999898],[-50.458591667999897,-24.986101835999897],[-50.460527837,-24.985784166],[-50.462487576999898,-24.984090146],[-50.463812544999897,-24.981814458],[-50.464330840999899,-24.9815923479999],[-50.465208378999897,-24.982980196],[-50.4662346759999,-24.983223235],[-50.467534524999898,-24.982437035],[-50.46832732,-24.9811875239999],[-50.469774327,-24.979371526],[-50.470206299,-24.976625278],[-50.470229821,-24.975249903],[-50.47050433,-24.974220712],[-50.471042042,-24.972852308],[-50.471966622999894,-24.971488457999897],[-50.472506644,-24.9699484839999],[-50.473292198,-24.9691571719999],[-50.474090583,-24.967561825999901],[-50.475506782,-24.967581193999898],[-50.475880431999897,-24.968273839999899],[-50.475857907,-24.9696501009999],[-50.475710198999899,-24.970793956],[-50.475814226999901,-24.972301337],[-50.476425280999898,-24.974128694999902],[-50.476412465999893,-24.974931839999897],[-50.475751122,-24.975954670999897],[-50.474835690999896,-24.976859504999897],[-50.474687961999898,-24.9780043059999],[-50.473870700999896,-24.98063103],[-50.472944552999898,-24.982109027],[-50.472005565999893,-24.984390206999898],[-50.472238088,-24.985884578],[-50.473107524999897,-24.987730599],[-50.473997378,-24.988430282],[-50.475026801999903,-24.988444197],[-50.477730723,-24.988365475],[-50.479024935,-24.987923301999899],[-50.481108787,-24.986461559999899],[-50.481500329,-24.986121994],[-50.482168838999897,-24.984640928],[-50.4818063969999,-24.983260071],[-50.481942863,-24.982802498999899],[-50.482338469999895,-24.982233854999897],[-50.483363788,-24.982477735],[-50.484384479999896,-24.983064795999898],[-50.484905862999895,-24.9826126419999],[-50.485446045999893,-24.9811291739999],[-50.485584043999893,-24.980557514999898],[-50.486240314,-24.979763707999897],[-50.486644041,-24.978736909999899],[-50.48692506,-24.977365447999897],[-50.4875838459999,-24.976456662],[-50.488227333999895,-24.976465102999896],[-50.489517392,-24.976252894],[-50.490946967999903,-24.975354941],[-50.491859265999899,-24.974678237],[-50.4931471989999,-24.974696025],[-50.493667015,-24.974357956999899],[-50.493947024999898,-24.972985589999897],[-50.493582991,-24.971719811],[-50.494378732999898,-24.970239379999899],[-50.495435534999899,-24.968648813999899],[-50.496228166,-24.9673983879999],[-50.496268373,-24.964989968999898],[-50.496409830999902,-24.964304281999897],[-50.496692894,-24.9627028949999],[-50.4974783649999,-24.961910631],[-50.498154860999897,-24.959969729999898],[-50.497659031999902,-24.958816584],[-50.496511073999898,-24.958229053],[-50.495108646999896,-24.957407619],[-50.493055635999902,-24.95703679],[-50.491378277,-24.957357654],[-50.490357101,-24.95688568],[-50.489479516999893,-24.955498055],[-50.489492278999897,-24.954695886],[-50.490018639,-24.954014732999898],[-50.491691359999898,-24.954037022999898],[-50.495009342999893,-24.955686805],[-50.496544129,-24.956279761999898],[-50.498597691,-24.956536475999901],[-50.50003063,-24.955523587],[-50.499915073999894,-24.954719008],[-50.497994430999896,-24.954120658999901],[-50.494929949,-24.9527038949999],[-50.493407395999895,-24.951421953999901],[-50.493169161999894,-24.950272762999898],[-50.493433873999898,-24.949817657],[-50.494130389999896,-24.949082820999902],[-50.495032924,-24.948979268],[-50.497720176999898,-24.949818406],[-50.499244286999897,-24.950985327999899],[-50.500382003,-24.952260925],[-50.5014041579999,-24.952732866],[-50.502068416,-24.951481009999899],[-50.501186734,-24.950322501],[-50.499916685999899,-24.949273559999899],[-50.499679417,-24.948123482],[-50.500462312,-24.947446232999898],[-50.501619870999896,-24.94746155],[-50.502381919999898,-24.948045452],[-50.502881800999894,-24.94896949],[-50.504170181999896,-24.948871315],[-50.504450109999901,-24.947499080999901],[-50.504647091,-24.947272279999897],[-50.504327815999893,-24.945151031999899],[-50.504475397,-24.944006370999897],[-50.505172606,-24.940805386999898],[-50.507765477,-24.939692851999897],[-50.510225010999896,-24.9388078389999],[-50.514632956999897,-24.936802741999902],[-50.516596573999898,-24.934764680999898],[-50.5189540639999,-24.932273941999899],[-50.521658379999899,-24.932193942],[-50.523455215999896,-24.932446574],[-50.5262192819999,-24.932660193999897],[-50.527907022999898,-24.931765217999899],[-50.528448387999894,-24.930167003999898],[-50.525141636999898,-24.927830662],[-50.523359999,-24.926661],[-50.521589516999896,-24.924803324],[-50.519569604,-24.922483702999898],[-50.517268917999893,-24.92153617],[-50.515513698999897,-24.918762397],[-50.514810962999896,-24.914625557],[-50.516385542,-24.912812232],[-50.516669405999899,-24.911211174999899],[-50.515924151,-24.909596360999899],[-50.515425278999899,-24.908672506],[-50.511052283,-24.908614414999899],[-50.508271195999903,-24.905597025999899],[-50.507514832999902,-24.904670177],[-50.507303959999902,-24.9019163319999],[-50.507841341999899,-24.900547354],[-50.508159733999896,-24.8968835169999],[-50.511870463,-24.894238315999896],[-50.513818579999899,-24.893117542],[-50.515529952999898,-24.8907319949999],[-50.515682473,-24.8893586],[-50.515459403999898,-24.887291908999899],[-50.5190533479999,-24.883843285],[-50.520497926999901,-24.882142723],[-50.521940529999902,-24.8804421419999],[-50.525299214,-24.8795694679999],[-50.531563048999899,-24.874150665999899],[-50.534237848,-24.867996079999898],[-50.534328611,-24.862495204],[-50.532105052,-24.856964076999898],[-50.532668449999903,-24.853990723],[-50.5355782769999,-24.849216102999897],[-50.542599012,-24.844608438999899],[-50.543669135999892,-24.842100869],[-50.544240398999897,-24.838669776],[-50.546222672999903,-24.835372656999901],[-50.546228206999899,-24.835028779],[-50.548588535999897,-24.832308966],[-50.551704121999904,-24.8305165209999],[-50.55303155,-24.828012018],[-50.552808227,-24.8259467839999],[-50.550043598999892,-24.822013242],[-50.548020219,-24.819923714],[-50.547010546,-24.818764486],[-50.545751481,-24.817143531999896],[-50.545263739999896,-24.815533284],[-50.54528285,-24.814386821],[-50.547366478999898,-24.812809822],[-50.548700899,-24.809847664999896],[-50.548000950999892,-24.805484721],[-50.546205955999902,-24.805231465],[-50.543074551,-24.807941167],[-50.537871507,-24.8115392069999],[-50.532410871,-24.815135149],[-50.529317552999899,-24.815552787999902],[-50.527007634,-24.815293453],[-50.525480161999894,-24.814356243],[-50.524627611,-24.811481055999902],[-50.521963925,-24.811104475],[-50.520324704999894,-24.810768025999899],[-50.517247317999896,-24.812193727999901],[-50.514045316999898,-24.813930855999899],[-50.513065175999898,-24.816431784],[-50.5107702829999,-24.820169983],[-50.505076459999898,-24.8234453799999],[-50.49859902,-24.824406245],[-50.494970457999898,-24.823624960999897],[-50.488770975999898,-24.821972466],[-50.482569734,-24.820528741],[-50.475083568999899,-24.818544354],[-50.472430013999897,-24.8156824769999],[-50.472328252999894,-24.814738022],[-50.472745754,-24.810870497999897],[-50.47373343,-24.808056952999902],[-50.474981139999898,-24.803676590999899],[-50.478923559999892,-24.799751172999901],[-50.483963568,-24.800446036],[-50.484638402,-24.802235445999898],[-50.485066511999896,-24.804753563999899],[-50.487283921,-24.80562057],[-50.488470303,-24.804902861999899],[-50.488491137,-24.803647004],[-50.492518601,-24.8016069839999],[-50.493842780999898,-24.799739696],[-50.494941453,-24.797242207999897],[-50.494968442999898,-24.795671763],[-50.495567498,-24.7949471979999],[-50.498763217,-24.793524111999897],[-50.5011447629999,-24.791567023],[-50.502346609999897,-24.789908144],[-50.507559574999902,-24.787255209],[-50.511550383,-24.787411977],[-50.5203616679999,-24.7873190359999],[-50.526688293999904,-24.788344571],[-50.530041704,-24.791528429],[-50.531985779,-24.794695099999899],[-50.534116672,-24.797509121],[-50.535285631,-24.796837572],[-50.538113273,-24.796873841],[-50.542250122,-24.795553261999899],[-50.544855496,-24.793524508],[-50.54902945,-24.789912049999899],[-50.550874533999902,-24.787185886],[-50.551682929,-24.784904812],[-50.555837601999897,-24.782437783],[-50.5561290999999,-24.780378836999898],[-50.557206833999899,-24.77741409],[-50.56109292,-24.77563079],[-50.564948913999899,-24.775681318999897],[-50.568827905,-24.774356629999897],[-50.571648296,-24.774851279],[-50.573690486,-24.775794893999898],[-50.575697775,-24.778800356],[-50.575663835999897,-24.780862241999898],[-50.574564298,-24.785203242999899],[-50.574757798999897,-24.789101176],[-50.578330642,-24.790751853],[-50.581147248,-24.791475349999899],[-50.582910255999899,-24.793790401999896],[-50.586211836999901,-24.796354655],[-50.589810735,-24.796401029],[-50.592110579999897,-24.797347524],[-50.594916354,-24.798758566999901],[-50.597703279,-24.8013159929999],[-50.600010159,-24.801803693999901],[-50.600773502,-24.80227208],[-50.6017942719999,-24.80274338],[-50.601727766999893,-24.806868499999897],[-50.601143432999898,-24.81121497],[-50.600591833999893,-24.813500237],[-50.6005362349999,-24.816937829],[-50.606174097999897,-24.818156518999899],[-50.610303027,-24.8172927439999],[-50.612628873999903,-24.816634814999901],[-50.613723945999901,-24.812522959],[-50.614024932999904,-24.8097760059999],[-50.6140516339999,-24.808172636999899],[-50.613063488,-24.805639241999899],[-50.612575363999902,-24.804028267],[-50.611333792,-24.801262177999899],[-50.610636797,-24.796668799],[-50.614056460999898,-24.791899396],[-50.616925572999897,-24.789415131999899],[-50.61950066,-24.789218839999897],[-50.622790708999894,-24.792469358999899],[-50.6280908539999,-24.7907028139999],[-50.630985447999898,-24.786614271999902],[-50.633579204999897,-24.785272441],[-50.637655381999892,-24.787615774],[-50.638628931999897,-24.791066355999899],[-50.639352961,-24.7940553719999],[-50.641651007999897,-24.795001456],[-50.643936290999896,-24.796864110999898],[-50.644674153,-24.798936601],[-50.644656471,-24.800082098],[-50.643870454999899,-24.800989141999899],[-50.641544826,-24.801647272],[-50.639980626999893,-24.803002611999901],[-50.639696657999899,-24.804603068999899],[-50.642243369,-24.806239769999898],[-50.645068169999895,-24.806504875],[-50.6484362899999,-24.804943409],[-50.657660430999897,-24.807123325],[-50.660183806999896,-24.810133423],[-50.664304601,-24.809727691],[-50.664848784999897,-24.807901104999896],[-50.664870285999903,-24.806526650999899],[-50.664145929999897,-24.803537545],[-50.664703786999894,-24.800794413999899],[-50.6660446389999,-24.797373145999899],[-50.669216626,-24.791912602],[-50.669249838,-24.789849699999902],[-50.668247552,-24.788233216],[-50.665969016999895,-24.785912089],[-50.665481571,-24.7843022509999],[-50.665770247999895,-24.782243161999897],[-50.6678675429999,-24.779749029999898],[-50.669409969999897,-24.779768881999896],[-50.672988186999895,-24.781187660999898],[-50.676829664,-24.782153262999898],[-50.679925275999899,-24.781504341999899],[-50.682003922,-24.780156426],[-50.682807255999897,-24.7781039569999],[-50.683083148,-24.776961414],[-50.682873449999903,-24.77397931],[-50.679552685,-24.772562625],[-50.678064868,-24.769105838],[-50.678651744,-24.764529254],[-50.68103439,-24.760205178],[-50.680267316999903,-24.754418138999899],[-50.679588709,-24.7506787199999],[-50.679644181,-24.747169087],[-50.679433350999894,-24.744972533999899],[-50.676770812,-24.742086784],[-50.672579914,-24.742472636999899],[-50.667223222999901,-24.746466027999897],[-50.666304043,-24.750074588999897],[-50.666126702,-24.761262126],[-50.664767249,-24.769364272],[-50.665423964999896,-24.774419898999898],[-50.662878533,-24.779654394],[-50.657695825999895,-24.780466889],[-50.655504644999901,-24.778902854999899],[-50.649937623999897,-24.772906731],[-50.647796806,-24.768272318999898],[-50.647134696,-24.763435606],[-50.642591576999898,-24.755040685],[-50.640168342,-24.75259584],[-50.634786112999898,-24.750551956],[-50.63305998,-24.750749658],[-50.628396605,-24.749812685999899],[-50.6244101999999,-24.752833122],[-50.621949026,-24.752801791999897],[-50.620499969,-24.7510280549999],[-50.6205524209999,-24.747737261999898],[-50.621344671,-24.744455751],[-50.620890581999895,-24.7420366529999],[-50.618222051,-24.739588995999899],[-50.613799840999903,-24.739092291],[-50.610796877,-24.742125330999897],[-50.607076074,-24.743832460999897],[-50.605114870999898,-24.7433688959999],[-50.603423221999897,-24.741372616],[-50.601765175,-24.73740143],[-50.597131904,-24.7347097809999],[-50.591670640999901,-24.737491276],[-50.585713208999898,-24.740485019999898],[-50.582011518999892,-24.7410967759999],[-50.57790915,-24.7359959879999],[-50.576005901,-24.732022857999901],[-50.576554961999896,-24.728519122],[-50.577581721999898,-24.725899957],[-50.581777331999895,-24.725295742999901],[-50.587194196,-24.725146718999898],[-50.588195405,-24.724171419],[-50.5891746819999,-24.7169439739999],[-50.589232342999892,-24.713434844999899],[-50.590273335999896,-24.709937848],[-50.591343123999891,-24.704685943],[-50.599788146,-24.699969112],[-50.602362823999897,-24.69298105],[-50.600965045999892,-24.688136449],[-50.600037356,-24.684614746],[-50.597141296,-24.681068049],[-50.5947163169999,-24.678842349],[-50.594766209999896,-24.675772207],[-50.601869081999901,-24.662701406999897],[-50.601462286,-24.657431012],[-50.5995947219999,-24.651265371],[-50.59174317,-24.649848091],[-50.587129305999895,-24.661194961],[-50.580197134999899,-24.663737146],[-50.567389926,-24.664449793],[-50.564487786999898,-24.661340593],[-50.559654269999896,-24.656013093999899],[-50.553807806999899,-24.6524270809999],[-50.545912808,-24.653639090999899],[-50.538546717,-24.652665401],[-50.530219014999894,-24.650362193],[-50.525813096,-24.648988462],[-50.520964982999899,-24.644537392999901],[-50.518578096999896,-24.640119431],[-50.518679672999902,-24.633979251],[-50.5241932019999,-24.62791013],[-50.526703880999897,-24.62487183],[-50.5272904179999,-24.619176985],[-50.518450421999894,-24.618183136],[-50.512437157,-24.624683649999898],[-50.507349812999898,-24.634706364999897],[-50.506689353999896,-24.644787321],[-50.506587490999898,-24.650927762],[-50.500081113,-24.657423153],[-50.4932071469999,-24.656454069999899],[-50.489800153,-24.654216257],[-50.4879057529999,-24.649803633],[-50.4869876059999,-24.645842811],[-50.484616057,-24.640546856],[-50.480240118,-24.637417129],[-50.476824623,-24.635617705999898],[-50.474907889999898,-24.632521369],[-50.474952291,-24.629889283999898],[-50.480966609999896,-24.6233893859999],[-50.488867892,-24.621739951999899],[-50.494852216999895,-24.616994302],[-50.4979355729999,-24.609138514999898],[-50.498985218,-24.605204966],[-50.500526775999901,-24.60127812],[-50.498705189,-24.592480612],[-50.487309668999899,-24.590369714],[-50.481259152999897,-24.587590141],[-50.481386792,-24.580018858],[-50.479621100999893,-24.5801777],[-50.470636649999896,-24.587289552],[-50.465431541,-24.586525622999897],[-50.463492328,-24.583393090999898],[-50.467280676,-24.573285878],[-50.473336738999897,-24.565716372999898],[-50.48620857,-24.5623404779999],[-50.50573946,-24.561813859],[-50.509487491999899,-24.560487755999898],[-50.513895185,-24.556930209],[-50.515701346999897,-24.55336434],[-50.515894799999899,-24.545476816999898],[-50.518026587999898,-24.541613253],[-50.518216739,-24.535065543],[-50.521010116999896,-24.5279313039999],[-50.520862231999899,-24.524357745],[-50.508878056,-24.510772723999899],[-50.507920984999899,-24.506155872],[-50.509077798999897,-24.501991903],[-50.518540393999892,-24.494582594999898],[-50.518245685999901,-24.487438298],[-50.516961952,-24.482969343],[-50.514139598,-24.480306455999898],[-50.513046911999893,-24.47873957],[-50.510941317999894,-24.4782678],[-50.508468706,-24.477459229],[-50.505030605999899,-24.474863854],[-50.503178784999896,-24.474063385],[-50.498805438,-24.475447243999898],[-50.497323627999897,-24.474761283999896],[-50.494773011999897,-24.471179544999899],[-50.4935429599999,-24.470387199999898],[-50.491564066999899,-24.4698074689999],[-50.488933732999897,-24.470991974999897],[-50.487214072,-24.469749314999902],[-50.485014742,-24.467682069],[-50.484748215999893,-24.4680160089999],[-50.483650673999897,-24.469072647],[-50.482220357,-24.470372263999899],[-50.481156523,-24.471248009999901],[-50.480093691,-24.471759371],[-50.478401783,-24.472300701999902],[-50.477308508,-24.472387173999898],[-50.476612095999897,-24.472263305999899],[-50.476383295999895,-24.471685782999899],[-50.476053786,-24.471108903999898],[-50.475296516999897,-24.470135279],[-50.475298537999898,-24.469407426],[-50.475699839999898,-24.468651467],[-50.476665787999899,-24.467350995999901],[-50.476669595,-24.466563048],[-50.476539734,-24.465682436999899],[-50.475978542999897,-24.465103761999899],[-50.475317746999899,-24.464950249],[-50.474388712999897,-24.465401201999899],[-50.473522753999895,-24.466248255],[-50.472623523,-24.467458396],[-50.471788965,-24.468729426],[-50.471422122,-24.469394687],[-50.470288256999893,-24.4711796459999],[-50.469586788,-24.472512379],[-50.468423178999892,-24.473387825],[-50.467528774999892,-24.4734447169999],[-50.466370686999895,-24.473046649],[-50.465379937999899,-24.472133099999901],[-50.464653676999902,-24.471615304999901],[-50.463763845,-24.470398675],[-50.463504127,-24.469003631],[-50.46324423,-24.467910127],[-50.462721592,-24.466149431],[-50.462031474999897,-24.464843167],[-50.461437749,-24.464142925],[-50.459884914,-24.463227318999898],[-50.458957800999897,-24.463103427999901],[-50.457698616,-24.463098594],[-50.456671276999899,-24.463155704],[-50.455044076,-24.4637559499999],[-50.454014766999897,-24.464388757999899],[-50.453248363999897,-24.465387235],[-50.452581573,-24.466537203],[-50.452111988999896,-24.467779691],[-50.451576611999897,-24.4688993359999],[-50.451340280999894,-24.470171919999899],[-50.4511350699999,-24.471384755],[-50.450629851999899,-24.473232655999901],[-50.450354870999895,-24.475475935999899],[-50.450014231999894,-24.477658333],[-50.449644249999899,-24.479051456],[-50.449209224999898,-24.4800511679999],[-50.448409478999899,-24.480837031],[-50.447579908999899,-24.481228067999897],[-50.446453495,-24.481375079],[-50.444929521999896,-24.481278689],[-50.444200682999892,-24.481094228999901],[-50.443404383999898,-24.480622906999901],[-50.4418545139999,-24.479630659999899],[-50.440995969,-24.478777791],[-50.440336079999895,-24.478198758999898],[-50.439379507999895,-24.47743674],[-50.438551779999898,-24.477191880999897],[-50.437491,-24.477187494],[-50.436861934,-24.477215558999898],[-50.435766164999905,-24.477696321999897],[-50.434768859,-24.478269353],[-50.433076157999899,-24.478929777999898],[-50.431481107,-24.4799557639999],[-50.429985382,-24.481010258],[-50.428222879,-24.4823385289999],[-50.426659672,-24.483606306999899],[-50.424761984,-24.4854495239999],[-50.423197251,-24.487110855],[-50.422431761,-24.487958121],[-50.421399395,-24.489014483999899],[-50.420301202999894,-24.489950712999899],[-50.419468542999894,-24.490917441],[-50.418667028999899,-24.49224988],[-50.417930498,-24.493762580999899],[-50.417194784999893,-24.495215167],[-50.416360432,-24.496516253],[-50.415460692999893,-24.497665323],[-50.414226438,-24.499176659999897],[-50.413392748,-24.5003565909999],[-50.412956042999902,-24.501749912],[-50.412751055999898,-24.5029318969999],[-50.412580284999898,-24.504114296999898],[-50.412010455999898,-24.505445912],[-50.411109563,-24.506746242999899],[-50.410473914999898,-24.507956813],[-50.410270857999897,-24.508926557999899]],[[-50.442929357,-24.726621835999897],[-50.445403256999896,-24.7261322579999],[-50.449522444,-24.725559076],[-50.451943807,-24.728208552999899],[-50.453054015999896,-24.731991587],[-50.453477871999901,-24.734718738],[-50.456359993,-24.737897180999902],[-50.456919911999897,-24.739474185999899],[-50.455582432999897,-24.742177888],[-50.450265328999897,-24.744094968999899],[-50.449381702,-24.747747060999899],[-50.450054746,-24.749640118999899],[-50.452485866999893,-24.751661585999898],[-50.456717618999896,-24.751404215],[-50.459993740999899,-24.75218159],[-50.463600254999896,-24.754218668],[-50.465063050999902,-24.758006205],[-50.462770373999902,-24.761639208],[-50.459552441,-24.764423161],[-50.455464198,-24.770019691999899],[-50.451350998999899,-24.770174493999896],[-50.44876736,-24.770139383],[-50.446900295,-24.769381246999899],[-50.444966526999899,-24.7656918449999],[-50.444894569,-24.7630733929999],[-50.443309795999902,-24.75949309],[-50.441639114999894,-24.747224017999898],[-50.440383810999897,-24.745114299],[-50.435694420999901,-24.744631851999898],[-50.431805923999896,-24.745416479],[-50.426865838999902,-24.7458729969999],[-50.425653602999894,-24.748054644],[-50.42193015,-24.752924173999901],[-50.419115680999894,-24.752676294],[-50.418420232,-24.752144502999897],[-50.419174863,-24.749223228999902],[-50.420868878,-24.746315923999898],[-50.422805887,-24.742887153],[-50.423187002999896,-24.741218219999901],[-50.4229786,-24.739644414999898],[-50.421255231,-24.737423314999901],[-50.417768135,-24.735283319999898],[-50.416738789999897,-24.733698841],[-50.41700251,-24.732028576999898],[-50.419720513999899,-24.731017748999896],[-50.429273805,-24.728635573999899],[-50.429984056999899,-24.728226359999898],[-50.430466705999898,-24.727499825999899],[-50.430842477999896,-24.726144624],[-50.433639871,-24.727334179],[-50.439627257,-24.727415275999899],[-50.442929357,-24.726621835999897]],[[-50.476918160999901,-24.926212662],[-50.470446135,-24.919633148999896],[-50.4663788189999,-24.909944464],[-50.464787176999899,-24.906780945],[-50.462001461999904,-24.90465011],[-50.461605854,-24.900245964],[-50.462332785999898,-24.898998853999899],[-50.467284768999896,-24.8980177719999],[-50.468964930999903,-24.895945982999898],[-50.466682668,-24.891935916],[-50.463281786,-24.884560173999901],[-50.460599347,-24.876356348999899],[-50.459681418999899,-24.875087234],[-50.458573331,-24.871094024999898],[-50.456261834,-24.868758261],[-50.455621884,-24.864980529],[-50.454516753999897,-24.8607776489999],[-50.454553075,-24.858683189],[-50.457664771999902,-24.855375071],[-50.4602978819999,-24.852478281999897],[-50.461977807,-24.850406918],[-50.462518243,-24.846225531],[-50.46230043,-24.845176491999897],[-50.460966127999896,-24.840760524],[-50.461030013999903,-24.8369924419999],[-50.467201207,-24.833305471],[-50.474466076999903,-24.834450067],[-50.479564396999898,-24.83870566],[-50.486109456999898,-24.840677254],[-50.490044753999896,-24.8442896359999],[-50.491123800999894,-24.849957966],[-50.491958509999897,-24.856251293],[-50.492849099999901,-24.859195061],[-50.495139078999898,-24.862784769],[-50.494596309,-24.867176323],[-50.491208313999898,-24.872994639],[-50.4864283329999,-24.877748335],[-50.484026443999902,-24.880857318],[-50.4837421289999,-24.88378582],[-50.485060968,-24.889248925999897],[-50.485505303999894,-24.890720546999898],[-50.485449350999893,-24.894071607999901],[-50.484480933,-24.895733863],[-50.480893443999896,-24.899456089999898],[-50.480141905,-24.902169444],[-50.481636952999892,-24.911195063],[-50.4827483729999,-24.914980796999899],[-50.487662696,-24.916302303999899],[-50.488336455,-24.9181965729999],[-50.488297593999896,-24.920499592999899],[-50.486620256,-24.9223618239999],[-50.485371180999898,-24.926745254],[-50.482062887,-24.927747847],[-50.476918160999901,-24.926212662]]]]}},
{"type":"Feature","properties":{"fid":112,"id1":974832,"cd_fcim":"SG22","leg_carga":"Acc+Ap+Vss.SM","cd_fito":"SM","cd_leg_2":"Ac","clas_domi":"Acc","leg_uveg":null,"nm_uveg":null,"leg_uantr":"Acc","nm_uantr":"Agricultura com Culturas Cíclicas","leg_contat":"SM","nm_contat":"Contato Savana/Floresta Ombrófila Mista","veg_pretet":"SM","nm_pretet":"Contato Savana/Floresta Ombrófila Mista","leg_sec1":"Ap","nm_sec1":"Pecuária (pastagens)","leg_sec2":"Vss","nm_sec2":"Vegetação Secundária sem palmeiras","leg_sup":"Área Antrópica Dominante em Tensão Ecológica","legenda_1":"Contato (Ecótono e Encrave)","legenda_2":"Agricultura","legenda":"4Acc - Agricultura com Culturas Cíclicas","ar_poli_km":230.903,"leg1_id":13.0,"leg2_id":44.0},"geometry":{"type":"MultiPolygon","coordinates":[[[[-50.204541201,-24.24474959],[-50.204177763999894,-24.2454230939999],[-50.2034634709999,-24.246040282],[-50.202968469,-24.247496724],[-50.202934228999901,-24.249377699],[-50.201853214,-24.250824925],[-50.200771626999895,-24.252377735],[-50.202108622,-24.256158462],[-50.203943152999898,-24.2583799],[-50.206378856999898,-24.25977333],[-50.206948815,-24.260617963999898],[-50.206929703999897,-24.261662697],[-50.206666627999901,-24.263225932999898],[-50.204536646999898,-24.264450628999899],[-50.203260944,-24.263699913],[-50.202816776999896,-24.262335273],[-50.202854054999897,-24.260245793999896],[-50.201812236,-24.259603631999898],[-50.200880136999899,-24.259275982],[-50.198866407999894,-24.260501179],[-50.196964313,-24.262041823999901],[-50.196138303999895,-24.262343578999896],[-50.19525025,-24.266092641999901],[-50.194880429,-24.267132952999901],[-50.195333165,-24.267975237],[-50.195912133,-24.268402213999899],[-50.198006381,-24.269163341],[-50.198798123999893,-24.270743611999901],[-50.1985495549999,-24.271576114],[-50.197706873,-24.272818008999899],[-50.197668574,-24.274907577],[-50.198217876999898,-24.276900826],[-50.198202747,-24.277737213],[-50.196311625,-24.278650886],[-50.194397297,-24.2808186829999],[-50.194379661999896,-24.281758828],[-50.194248289,-24.282592845999897],[-50.193174168,-24.283622470999898],[-50.190229979,-24.284520952],[-50.189194215,-24.283460009999899],[-50.188966858999898,-24.28303928],[-50.186394074999903,-24.282792682],[-50.184844924999901,-24.284234088999899],[-50.183319561999895,-24.284316660999899],[-50.182399513999897,-24.283361853],[-50.1827830289999,-24.281591582],[-50.182940199,-24.279398784999902],[-50.184479716999896,-24.278480724],[-50.1870711219999,-24.277785392999899],[-50.189207811999893,-24.2762486029999],[-50.189712522,-24.27427054],[-50.189628668999902,-24.272387887],[-50.190245030999897,-24.270724409],[-50.189444700999893,-24.269668329999899],[-50.187450039999895,-24.269847822],[-50.187214647999895,-24.269843921999897],[-50.184617222,-24.270956069],[-50.182837742999901,-24.272185104],[-50.181282095,-24.273939495],[-50.180105359,-24.274236759999898],[-50.178355261,-24.273792107],[-50.1775605509999,-24.2724220019999],[-50.177596498999904,-24.270437107999896],[-50.179552389,-24.265971581],[-50.179128555,-24.263561251999899],[-50.178553658999903,-24.262925852],[-50.176623846,-24.259553353999902],[-50.175499883,-24.256923897],[-50.175283739999898,-24.255875274999898],[-50.175315108999897,-24.254203571999902],[-50.1754500179999,-24.25326502],[-50.177336004,-24.252560855999899],[-50.180529878999899,-24.250934883999896],[-50.180560236999902,-24.249263197999898],[-50.180104093999901,-24.248525581999896],[-50.17964183,-24.248205675999898],[-50.177788364,-24.247027939],[-50.176872500999899,-24.245864867999899],[-50.175958169999895,-24.244598053999901],[-50.175992602999898,-24.242717116999899],[-50.177654139999895,-24.241592343],[-50.180610004999892,-24.240067171],[-50.180744886999896,-24.239128669],[-50.18028724,-24.238494823999901],[-50.177726051,-24.237621223999898],[-50.177288619,-24.235942757],[-50.177305335999897,-24.235002768],[-50.1800181,-24.233996976999897],[-50.181540659999897,-24.234019076],[-50.183995772999893,-24.2342632699999],[-50.186348218,-24.234447888],[-50.1871012,-24.234592156],[-50.187663728999901,-24.232330268999899],[-50.187206078,-24.231696450999898],[-50.185695623,-24.23104835],[-50.184177121999902,-24.230816988999898],[-50.183717949999895,-24.230287815999901],[-50.182806162,-24.228915555],[-50.183181536999896,-24.2275623949999],[-50.1848364109999,-24.226750652],[-50.186487249,-24.226147271999899],[-50.188280989,-24.224187785],[-50.188888208,-24.22294225],[-50.188903352999894,-24.22210695],[-50.187514733999897,-24.221146437],[-50.184120155999899,-24.2210969409999],[-50.182359245,-24.221281151],[-50.1801169129999,-24.222189144],[-50.178333714999894,-24.223626289],[-50.177275944,-24.223819421],[-50.175768631,-24.222962],[-50.175201928,-24.221908141],[-50.175251538999895,-24.2191929869999],[-50.175166284999897,-24.217414459999898],[-50.171806595999897,-24.216655389],[-50.165376556999895,-24.222230587999899],[-50.160330013999896,-24.224581564999902],[-50.155907794,-24.230360799],[-50.145174395,-24.2332731119999],[-50.142544851,-24.238019551],[-50.142686392,-24.240996758999898],[-50.144126329,-24.243833214999899],[-50.14912867,-24.2478813889999],[-50.153820766999893,-24.249992251],[-50.168265817999895,-24.250077742],[-50.172297918,-24.253971239999899],[-50.173095913999894,-24.2559102029999],[-50.171411597,-24.2648301669999],[-50.175075062999902,-24.274822673],[-50.173922068,-24.277495218999899],[-50.171313338999894,-24.278968538999898],[-50.159150902,-24.276961605999901],[-50.1520067599999,-24.276919282999899],[-50.147285329999896,-24.278677546],[-50.142839390999896,-24.287431603999899],[-50.136336758,-24.288583342],[-50.129525281,-24.287500591],[-50.126854829999893,-24.283569873],[-50.121741012,-24.289682402],[-50.11917994,-24.295341854],[-50.122448358,-24.304593659],[-50.125266004,-24.311647595999901],[-50.134518825,-24.316166140999901],[-50.139800467,-24.322817669],[-50.146179374,-24.323349392999901],[-50.150205910999901,-24.318148557],[-50.151832336,-24.309845209999899],[-50.154844092,-24.306382307],[-50.165296076999901,-24.299084352999902],[-50.172397857999897,-24.293602529999902],[-50.176346736,-24.292563134],[-50.178553147999899,-24.292814267],[-50.180259827,-24.293496913999899],[-50.181960101,-24.294617361999897],[-50.184118282,-24.297497021],[-50.188772223999898,-24.298221628],[-50.199135080999895,-24.295741110999899],[-50.203551201,-24.29602367],[-50.210448125999896,-24.295027454],[-50.213933643999894,-24.292447739999901],[-50.219312627999898,-24.29384011],[-50.221994811999892,-24.294974515],[-50.225916421999898,-24.295468099999901],[-50.227654474999902,-24.294397493999899],[-50.2289301879999,-24.291786198999898],[-50.231643585,-24.291168449999898],[-50.234103511999898,-24.290984469999898],[-50.235798893,-24.292323025],[-50.2364336589999,-24.298029019999898],[-50.243387028,-24.307550594],[-50.248743655999895,-24.310256885999898],[-50.253385626999894,-24.311637704],[-50.2600685909999,-24.308883226],[-50.264005964,-24.308500707999897],[-50.268750032999897,-24.304186080999898],[-50.271483063999895,-24.302471151999899],[-50.275827041999896,-24.3043959449999],[-50.279411040999896,-24.310144133999898],[-50.279083546,-24.314741406999897],[-50.276818189,-24.317776978],[-50.273048586999899,-24.322545637],[-50.269960872999896,-24.330390258],[-50.269613590999903,-24.336083899],[-50.2680432659999,-24.341540295999899],[-50.267488912,-24.345038996],[-50.2670641449999,-24.355114602999901],[-50.266747757999894,-24.359054444],[-50.267668788,-24.362574456999898],[-50.270984067999898,-24.369525466],[-50.273901172999892,-24.371320128],[-50.275555013,-24.375069756],[-50.275379631999904,-24.380435039],[-50.280715433999902,-24.384455364999898],[-50.288094613999903,-24.384121399],[-50.298482533999902,-24.380320975999897],[-50.303856595999896,-24.3821502539999],[-50.30918568,-24.386608968],[-50.318384097,-24.3946277709999],[-50.320749032,-24.399921705999898],[-50.320554902999895,-24.400448468],[-50.321226323999895,-24.402463071999897],[-50.321962062999901,-24.4007516839999],[-50.323702392,-24.399679197],[-50.326182625999898,-24.398399003999899],[-50.330386857999898,-24.396923119999897],[-50.336283557999892,-24.397005154999899],[-50.339409093999897,-24.400994059],[-50.342085779999898,-24.402565846],[-50.343006038999896,-24.406085290999897],[-50.343947553999897,-24.408509379999899],[-50.346616237,-24.410520069],[-50.348352476999899,-24.409666845999897],[-50.350348233,-24.40794061],[-50.351830064999902,-24.407523271999899],[-50.353784243999897,-24.408207318999896],[-50.355469841999899,-24.4102041629999],[-50.358153828999896,-24.4113369529999],[-50.362104714999894,-24.410295560999899],[-50.3628345119999,-24.410743397],[-50.3646448759999,-24.412631516],[-50.3652691899999,-24.412092603],[-50.368984075,-24.410589229],[-50.370795826999903,-24.409713108999899],[-50.374034030999894,-24.407127397999901],[-50.380000421,-24.403264009999901],[-50.377253729,-24.401297362],[-50.373874266,-24.397743847999898],[-50.373404913999899,-24.396422174999898],[-50.368605394,-24.389780598999899],[-50.368136094999898,-24.388458048],[-50.366988487999897,-24.383839710999897],[-50.365797544,-24.381631473],[-50.361884526,-24.380482167],[-50.358245098999895,-24.377801664999897],[-50.357081574999903,-24.374058417999898],[-50.358358443,-24.371228146999897],[-50.358911645,-24.367728011999901],[-50.357037716,-24.362441917],[-50.354888234,-24.3589054619999],[-50.351993017,-24.355797057999901],[-50.349079586,-24.353784773],[-50.345175168,-24.352196578],[-50.34174396,-24.35171043],[-50.336346884,-24.351197528999901],[-50.3312184689999,-24.349372962],[-50.3196478,-24.343623256999898],[-50.315839702999895,-24.336557276999898],[-50.310996773999896,-24.332543465],[-50.307096977999898,-24.330736434999899],[-50.308218917,-24.322862717],[-50.309309136,-24.316741452],[-50.312341384,-24.311962488999896],[-50.313423303,-24.306280183999899],[-50.318428995,-24.301090412999898],[-50.320478152999897,-24.296298694],[-50.326932215999896,-24.292444023],[-50.334408389,-24.286412377],[-50.334031953,-24.27983339],[-50.335557863,-24.276787000999899],[-50.338098824,-24.27200162],[-50.340093580999898,-24.270277285],[-50.3460729459999,-24.267672987],[-50.340606517999902,-24.261576826999899],[-50.34171457,-24.260169431999898],[-50.340958804,-24.25276639],[-50.339846226999896,-24.248445696],[-50.337105374,-24.245159213],[-50.325941841999899,-24.238706132999901],[-50.315690779,-24.243271584],[-50.311471032,-24.243250717999899],[-50.3090450709999,-24.241900223],[-50.306473942999894,-24.237422389],[-50.301946812,-24.2344250109999],[-50.299024187,-24.234559196999896],[-50.290885303,-24.238536305],[-50.284063112999895,-24.239694335],[-50.285042061999896,-24.238656105999898],[-50.283926532999899,-24.2352282589999],[-50.286600934,-24.2221444209999],[-50.290020591999898,-24.220227223999899],[-50.301380673,-24.220283657],[-50.302037464999898,-24.21894752],[-50.301895722,-24.215375456999897],[-50.292247744999898,-24.200445134999899],[-50.292269263,-24.1968726069999],[-50.294399583999898,-24.193014026999897],[-50.298306445,-24.190801757],[-50.309332145,-24.1918966439999],[-50.311597615,-24.193098398999901],[-50.319223111,-24.192986319999896],[-50.321835473999897,-24.190096298999901],[-50.324447765999899,-24.187207197],[-50.324954197999901,-24.183637148999896],[-50.3235152869999,-24.180059714],[-50.321420138999898,-24.177519819999901],[-50.315271733,-24.174661784],[-50.308619391,-24.174779346],[-50.299011031,-24.181281027999898],[-50.295111468999899,-24.182303062999896],[-50.283428321999899,-24.182691001],[-50.279544098,-24.181332526999899],[-50.2766194169999,-24.18206156],[-50.274013983,-24.183685400999902],[-50.270088664999903,-24.189022903999899],[-50.265817435,-24.197633168],[-50.26176635,-24.196867471],[-50.26064037,-24.195223591999898],[-50.257242618999896,-24.1937179399999],[-50.2548029209999,-24.194598445999898],[-50.251822879,-24.2042558979999],[-50.250351936999898,-24.205885646999899],[-50.241095667,-24.2070266969999],[-50.238635901999892,-24.211180407],[-50.22836597,-24.218568026999897],[-50.226413551999897,-24.219299793999898],[-50.218640345,-24.216877584],[-50.214575667,-24.2180449899999],[-50.211328614,-24.22048226],[-50.210319393999896,-24.223250847],[-50.211458635,-24.225044522999902],[-50.212945471999895,-24.227051011999901],[-50.214879517,-24.230214481999901],[-50.218266656,-24.230785051999899],[-50.218359258,-24.232145075999899],[-50.217756699999896,-24.233077675999898],[-50.215166825,-24.233771345],[-50.214087449,-24.235114788],[-50.214063809,-24.236473370999899],[-50.215324348999893,-24.238059311],[-50.215318827,-24.238372341999899],[-50.213767602999894,-24.239918292],[-50.213402467,-24.2406436529999],[-50.213385867999897,-24.241584576],[-50.214530746,-24.2430644189999],[-50.216959866999893,-24.244770708],[-50.218092763999898,-24.246876626],[-50.218182334999902,-24.248446042999898],[-50.21792734,-24.2495924309999],[-50.216500325,-24.250721325],[-50.213671297999895,-24.251726043999899],[-50.211007734999896,-24.250015815],[-50.210552494999902,-24.2492773449999],[-50.210101264999892,-24.248330489999898],[-50.209080642999901,-24.246434382999897],[-50.208277823999893,-24.245482185],[-50.207349778,-24.244946188],[-50.206767238999902,-24.244834155],[-50.204541201,-24.24474959]],[[-50.233356387999898,-24.239854314999899],[-50.232752607999899,-24.238846452999898],[-50.232426168999893,-24.236290233],[-50.231236952,-24.233278141],[-50.231637372999899,-24.231729532],[-50.232389294,-24.231407673],[-50.233505920999903,-24.231534542],[-50.233498540999896,-24.231977694],[-50.233343631,-24.233639516],[-50.233692564999899,-24.234977279999899],[-50.235019999,-24.237214738],[-50.236722135,-24.239346774],[-50.238193559,-24.240477455999898],[-50.239298677,-24.241269507],[-50.241407982999895,-24.2415216479999],[-50.243149977999899,-24.241436048],[-50.244643921,-24.241345516],[-50.246002899999894,-24.241808503],[-50.248082398999898,-24.243724961999899],[-50.248822806999897,-24.244068254999899],[-50.2506094129999,-24.248420406],[-50.250334730999896,-24.249858752],[-50.247213776999892,-24.25059071],[-50.245322638999895,-24.252006123999898],[-50.244577413999899,-24.251995892],[-50.243819671,-24.252650876999898],[-50.244172874999897,-24.253765772999898],[-50.244154581,-24.254764066999897],[-50.243261866999894,-24.255971702],[-50.239789217999892,-24.255478572999902],[-50.238915769999899,-24.255687909],[-50.237280380999898,-24.256773355999901],[-50.237449751,-24.261214756],[-50.237653822999896,-24.263658630999899],[-50.238007028,-24.2647726699999],[-50.240479689,-24.265584654999902],[-50.243452730999898,-24.266181686],[-50.243411337999895,-24.268511476],[-50.242416997999896,-24.2684972129999],[-50.238816590999903,-24.268112594999899],[-50.235433126,-24.269618578999896],[-50.234294796,-24.270712122],[-50.233528614999898,-24.271810335999898],[-50.230521420999899,-24.273098893999897],[-50.229137195999897,-24.273966323],[-50.227759722999899,-24.274501571],[-50.226398007999897,-24.274150377999899],[-50.224460216999901,-24.271347791],[-50.226217219,-24.2703749349999],[-50.227209969999898,-24.270499377],[-50.230447871,-24.270213254999899],[-50.2325799279999,-24.269245074],[-50.235593830999896,-24.267623436999902],[-50.236629620999899,-24.2653079419999],[-50.235746503,-24.259081622999897],[-50.236317572,-24.254984506],[-50.237728981,-24.252563692],[-50.239884591999896,-24.250154036],[-50.240650682999892,-24.249055897999899],[-50.240795621999901,-24.247947257],[-50.2392032939999,-24.246593861999898],[-50.238711948999892,-24.246253662999898],[-50.238985714,-24.244815334999899],[-50.238885769,-24.243482467],[-50.236427448,-24.241895234],[-50.233356387999898,-24.239854314999899]]]]}},
{"type":"Feature","properties":{"fid":113,"id1":976000,"cd_fcim":"SG22","leg_carga":"Ag+Vss+R.SM","cd_fito":"SM","cd_leg_2":"Ag","clas_domi":"Ag","leg_uveg":null,"nm_uveg":null,"leg_uantr":"Ag","nm_uantr":"Agropecuária","leg_contat":"SM","nm_contat":"Contato Savana/Floresta Ombrófila Mista","veg_pretet":"SM","nm_pretet":"Contato Savana/Floresta Ombrófila Mista","leg_sec1":"Vss","nm_sec1":"Vegetação Secundária sem palmeiras","leg_sec2":"R","nm_sec2":"Florestamento/Reflorestamento","leg_sup":"Área Antrópica Dominante em Tensão Ecológica","legenda_1":"Contato (Ecótono e Encrave)","legenda_2":"Agropecuária","legenda":"4Ag - Agropecuária","ar_poli_km":23.9153,"leg1_id":13.0,"leg2_id":45.0},"geometry":{"type":"MultiPolygon","coordinates":[[[[-50.577228533,-24.548945262],[-50.576965303999891,-24.531083920999897],[-50.575675439999898,-24.5279556589999],[-50.570796828999896,-24.527195627],[-50.563784265,-24.531938405999899],[-50.557085199999904,-24.539359157],[-50.548403624999899,-24.554811023],[-50.546753108999894,-24.561057221999899],[-50.547722115999903,-24.563142515],[-50.550966929,-24.565387029],[-50.562662789999898,-24.571525047999899],[-50.566391945999897,-24.575703447],[-50.570754936999904,-24.584350339],[-50.574327919,-24.586443593999899],[-50.578558195999904,-24.587052345],[-50.587024614999898,-24.5863320949999],[-50.592402055,-24.584413625],[-50.597137576,-24.579962364],[-50.609238959,-24.562729959999896],[-50.609426702999897,-24.555289493],[-50.606361689,-24.546944066],[-50.6026322929999,-24.542767550999898],[-50.598078056999903,-24.5429036959999],[-50.593674608999898,-24.545719641999899],[-50.587468889,-24.552100919999898],[-50.582417726,-24.553872401],[-50.579978637999893,-24.5534190569999],[-50.577228533,-24.548945262]]]]}},
{"type":"Feature","properties":{"fid":114,"id1":979096,"cd_fcim":"SG22","leg_carga":"Iu.SM","cd_fito":"SM","cd_leg_2":"Iu","clas_domi":"Iu","leg_uveg":null,"nm_uveg":null,"leg_uantr":"Iu","nm_uantr":"Influência urbana","leg_contat":"SM","nm_contat":"Contato Savana/Floresta Ombrófila Mista","veg_pretet":"SM","nm_pretet":"Contato Savana/Floresta Ombrófila Mista","leg_sec1":null,"nm_sec1":null,"leg_sec2":null,"nm_sec2":null,"leg_sup":"Área Antrópica Dominante em Tensão Ecológica","legenda_1":"Contato (Ecótono e Encrave)","legenda_2":"Influência urbana","legenda":"4Iu - Influência urbana","ar_poli_km":19.7406,"leg1_id":13.0,"leg2_id":48.0},"geometry":{"type":"MultiPolygon","coordinates":[[[[-50.621737087,-24.313246180999901],[-50.620877278,-24.313091746999898],[-50.619885950999894,-24.312756478],[-50.619093206999899,-24.312177629999898],[-50.618464349999897,-24.312146877],[-50.616908654,-24.3122331389999],[-50.615782221999893,-24.3127466669999],[-50.614820928999897,-24.313259322],[-50.613990720999901,-24.313985583],[-50.6135243619999,-24.3149845239999],[-50.613519487999895,-24.316713379],[-50.613682586,-24.317471790999896],[-50.613747202999896,-24.318138960999896],[-50.613611443,-24.318435144],[-50.613474099,-24.319003531999897],[-50.612354953999898,-24.319855828],[-50.611167603999895,-24.320316771999899],[-50.61071807,-24.321447938999899],[-50.610193412999898,-24.322194049999901],[-50.609330153,-24.322828903999898],[-50.608002897999896,-24.3239774789999],[-50.607172991,-24.324976894],[-50.605742763999899,-24.3272778699999],[-50.605012557999892,-24.32797341],[-50.604082788,-24.328910702],[-50.603583551,-24.3297281289999],[-50.603280411999897,-24.331244297],[-50.603277939999899,-24.332183893],[-50.602542349,-24.334790510999898],[-50.602109535999901,-24.335608705],[-50.601860109,-24.336001951],[-50.60518734,-24.33788701],[-50.606044364999896,-24.338786269],[-50.6066459749999,-24.340014069999899],[-50.605883572,-24.341003380999901],[-50.604517154999897,-24.340874115999899],[-50.602397489999895,-24.341180655],[-50.600126173,-24.3431489939999],[-50.600104902999895,-24.344479948999901],[-50.601199467999898,-24.346048449],[-50.602686139999896,-24.346400355],[-50.60418829,-24.3458646509999],[-50.606051093999902,-24.345999531999897],[-50.607504466999899,-24.348459854999899],[-50.608615031999904,-24.349028747],[-50.610370665999895,-24.34816352],[-50.611100263,-24.349171538999897],[-50.612593706,-24.349080037],[-50.614086680999897,-24.3490996089999],[-50.616709020999899,-24.348467204],[-50.618967265,-24.347274334],[-50.619230858,-24.346390434999901],[-50.619502627,-24.344951204],[-50.620277991,-24.343185307999899],[-50.621408744999897,-24.342423175999901],[-50.624523025999899,-24.342130417],[-50.6267797309999,-24.341049493999897],[-50.627171228999899,-24.339944881999898],[-50.627187094999897,-24.338945314999901],[-50.628833372,-24.337080871],[-50.630078591,-24.336984678],[-50.631326197,-24.336779248],[-50.63269503,-24.3367964239999],[-50.632923510999895,-24.338020888],[-50.6332718029999,-24.339578127],[-50.634262598999896,-24.3398123119999],[-50.635901675999897,-24.338502244],[-50.636665390999902,-24.337401799999899],[-50.638034681999898,-24.337307875],[-50.639278443,-24.337324531],[-50.640398584,-24.337227807],[-50.641646194,-24.3370214229999],[-50.643910912,-24.335385078999899],[-50.645278295999894,-24.335514174],[-50.64637213,-24.337081532],[-50.647237413999896,-24.337425352],[-50.647613496,-24.337208298999901],[-50.648496947999895,-24.336443324],[-50.649873882999898,-24.335906015],[-50.651134838999901,-24.3348120049999],[-50.652632014999895,-24.334498191],[-50.654490498999898,-24.334965048999901],[-50.655200656,-24.337193676],[-50.655565789,-24.337753152999898],[-50.65368246,-24.338839348],[-50.6536667069999,-24.339838004999901],[-50.654032291,-24.340286411],[-50.655519978,-24.340638057],[-50.655761476999899,-24.341085081],[-50.656480727999892,-24.342759347],[-50.656582412,-24.344202756],[-50.6560736059999,-24.3448626869999],[-50.65519878,-24.345183467],[-50.653212314999898,-24.344936426999901],[-50.649694675,-24.347111620999897],[-50.650536567999893,-24.348898397],[-50.65062913,-24.350897178],[-50.650489722,-24.351783414999897],[-50.650106933999901,-24.352444761999898],[-50.651084435999898,-24.353566552999897],[-50.65499542,-24.350064441],[-50.658010463,-24.348216824],[-50.659124961,-24.3485633979999],[-50.659354565999898,-24.3497869979999],[-50.65858852,-24.350997703],[-50.6578339329999,-24.351542922],[-50.656194872999897,-24.352854087],[-50.656181531999898,-24.353741736999901],[-50.658135616,-24.355986189999896],[-50.657943334,-24.360312036],[-50.658572523,-24.367644819],[-50.661988386999901,-24.371906275999898],[-50.663018511999901,-24.373584182999899],[-50.666913823999899,-24.378961091999901],[-50.666381201,-24.381174449999897],[-50.666121553,-24.38183635],[-50.668336557,-24.383419086999901],[-50.670319526,-24.3838873139999],[-50.673054748999903,-24.38392219],[-50.673826053,-24.382378048],[-50.670652382999897,-24.378564549],[-50.670936754,-24.376348454],[-50.671718503,-24.374138802999898],[-50.671743234999902,-24.372584627],[-50.671260124999897,-24.371690495999896],[-50.669283912999902,-24.370777077],[-50.666841726,-24.367861490999896],[-50.665395310999898,-24.364957889],[-50.664172373,-24.363609363],[-50.6626869299999,-24.3631475719999],[-50.661467824999896,-24.361577811999901],[-50.661282516999897,-24.357581017],[-50.661086757999897,-24.354247969],[-50.661371183999897,-24.352032092999899],[-50.6631294949999,-24.350945313999901],[-50.666128795999903,-24.350095398999901],[-50.666149741,-24.348763499],[-50.664686321,-24.346968954],[-50.6622129779999,-24.346050051],[-50.661018737999896,-24.342927308],[-50.659038955999897,-24.342236047],[-50.658601710999896,-24.3384580009999],[-50.658640827999896,-24.336016458999897],[-50.660910663,-24.334047722],[-50.660186149999895,-24.332707613],[-50.658455593,-24.332019149],[-50.655723754999897,-24.331762931],[-50.653001457999899,-24.330840319999897],[-50.651775878999899,-24.329714957999901],[-50.652048866,-24.328165639],[-50.654049528,-24.327525116999897],[-50.655559552999897,-24.326434810999899],[-50.659557010999897,-24.325374919],[-50.659833771,-24.323603509999899],[-50.659872874,-24.321162109999896],[-50.658668291,-24.318705072999897],[-50.659701936,-24.3162775169999],[-50.659978697,-24.314505261],[-50.660529351,-24.311183802],[-50.663779193,-24.3101146929999],[-50.663807774999896,-24.308339717],[-50.662347439999898,-24.306323337],[-50.659860189,-24.306292035999899],[-50.656560769999899,-24.310466839999897],[-50.656987436999898,-24.314910793999896],[-50.657189788,-24.317799116999897],[-50.655904129999897,-24.320446020999899],[-50.654922916,-24.319545585999897],[-50.654749232999897,-24.314882221999898],[-50.653786185999898,-24.312873110999899],[-50.652328743999895,-24.310635449],[-50.648830711999899,-24.311700757],[-50.646851188,-24.311010410999899],[-50.645384286999899,-24.3094372219999],[-50.645149519,-24.308546952],[-50.642897008,-24.309405779],[-50.639358683999895,-24.312912256999898],[-50.638108332999899,-24.313339814],[-50.636605007999897,-24.313986675],[-50.634129222999896,-24.313288857],[-50.631891035,-24.313260116],[-50.629137323999899,-24.314334465999899],[-50.626888551,-24.314972000999898],[-50.622920969999903,-24.314255503],[-50.621737087,-24.313246180999901]]]]}},
{"type":"Feature","properties":{"fid":115,"id1":979095,"cd_fcim":"SG22","leg_carga":"Iu.SM","cd_fito":"SM","cd_leg_2":"Iu","clas_domi":"Iu","leg_uveg":null,"nm_uveg":null,"leg_uantr":"Iu","nm_uantr":"Influência urbana","leg_contat":"SM","nm_contat":"Contato Savana/Floresta Ombrófila Mista","veg_pretet":"SM","nm_pretet":"Contato Savana/Floresta Ombrófila Mista","leg_sec1":null,"nm_sec1":null,"leg_sec2":null,"nm_sec2":null,"leg_sup":"Área Antrópica Dominante em Tensão Ecológica","legenda_1":"Contato (Ecótono e Encrave)","legenda_2":"Influência urbana","legenda":"4Iu - Influência urbana","ar_poli_km":4.4542,"leg1_id":13.0,"leg2_id":48.0},"geometry":{"type":"MultiPolygon","coordinates":[[[[-50.410270857999897,-24.508926557999899],[-50.409898671999898,-24.510532075],[-50.408929580999903,-24.512166909],[-50.407931134999899,-24.513163597999899],[-50.407262771,-24.514191571],[-50.405164022999898,-24.516548197999899],[-50.404496320999897,-24.517455915],[-50.403265943999898,-24.518391517999898],[-50.401837473999898,-24.518870985],[-50.401040274,-24.519382615],[-50.400839322,-24.519700938],[-50.401783644,-24.520078546],[-50.402774919,-24.520313660999896],[-50.403386565999895,-24.520988877],[-50.403622233999897,-24.521768929999897],[-50.40259959,-24.523310233999897],[-50.401455455999901,-24.524300645],[-50.399687719,-24.525268087],[-50.3975209749999,-24.526377437999901],[-50.397102141999895,-24.527176084],[-50.397216122,-24.527844446],[-50.398113558,-24.528078456999896],[-50.398771704999895,-24.527865843],[-50.4005549459999,-24.527335042999898],[-50.403415557,-24.526541962999897],[-50.404296335999895,-24.525998509],[-50.40494799,-24.524341574999898],[-50.4081842679999,-24.5243857779999],[-50.410428269,-24.524194841999897],[-50.411674874999896,-24.524211566999899],[-50.414361502,-24.52724603],[-50.416801365,-24.530166392999899],[-50.41829231,-24.530409252],[-50.418798034999895,-24.529972438],[-50.418570390999896,-24.528746891],[-50.416985556,-24.526726997],[-50.416881108,-24.5255038459999],[-50.416898757999896,-24.524504486999902],[-50.416289573,-24.523718155],[-50.416067483999896,-24.5221610349999],[-50.417072408,-24.521618125],[-50.418344267999899,-24.520080666],[-50.419016500999902,-24.517203035],[-50.420281807,-24.5159980879999],[-50.420325687999899,-24.513443751999898],[-50.421461781999902,-24.512460507],[-50.4225776319999,-24.512809105],[-50.423807108999895,-24.513713938999899],[-50.423759233999895,-24.516490550999897],[-50.42447749,-24.518165612],[-50.426303603999898,-24.52063292],[-50.426405579999894,-24.52196809],[-50.425745482,-24.524179859999901],[-50.426334047999894,-24.526186918999898],[-50.428441829999898,-24.5266593959999],[-50.431198055,-24.525698065],[-50.4331706,-24.526834978999897],[-50.435015956,-24.528191794999898],[-50.436263110999896,-24.528098169],[-50.438140143999895,-24.527568259999899],[-50.44210743,-24.528510094999898],[-50.443490793999899,-24.527751058],[-50.44374965,-24.5271992089999],[-50.443511375,-24.526529394],[-50.441651904,-24.526060877999896],[-50.4381718059999,-24.52568065],[-50.434361973999899,-24.5227406029999],[-50.431260947999895,-24.522033133],[-50.428173532999899,-24.520547656],[-50.426715358,-24.518417312999901],[-50.425625133,-24.516625754],[-50.42765094,-24.514654445],[-50.4278118349999,-24.512547061999896],[-50.424650319,-24.508061282],[-50.423528387,-24.508157254],[-50.421539922,-24.507908513],[-50.420095476999897,-24.505001224999901],[-50.418626337,-24.503537771],[-50.417405005,-24.502187519],[-50.416536971,-24.501953939],[-50.415137966999893,-24.5037120719999],[-50.414220439999902,-24.506365210999899],[-50.413331688,-24.50735227],[-50.412067921,-24.508446008],[-50.410270857999897,-24.508926557999899]]]]}},
{"type":"Feature","properties":{"fid":116,"id1":981986,"cd_fcim":"SG22","leg_carga":"Rp+Vss.SM","cd_fito":"SM","cd_leg_2":"R","clas_domi":"Rp","leg_uveg":null,"nm_uveg":null,"leg_uantr":"Rp","nm_uantr":"Florestamento/Reflorestamento com Pinus","leg_contat":"SM","nm_contat":"Contato Savana/Floresta Ombrófila Mista","veg_pretet":"SM","nm_pretet":"Contato Savana/Floresta Ombrófila Mista","leg_sec1":"Vss","nm_sec1":"Vegetação Secundária sem palmeiras","leg_sec2":null,"nm_sec2":null,"leg_sup":"Área Antrópica Dominante em Tensão Ecológica","legenda_1":"Contato (Ecótono e Encrave)","legenda_2":"Florestamento/Reflorestamento","legenda":"4Rp - Florestamento/Reflorestamento com Pinus","ar_poli_km":11.1592,"leg1_id":13.0,"leg2_id":50.0},"geometry":{"type":"MultiPolygon","coordinates":[[[[-50.442929357,-24.726621835999897],[-50.439627257,-24.727415275999899],[-50.433639871,-24.727334179],[-50.430842477999896,-24.726144624],[-50.430466705999898,-24.727499825999899],[-50.429984056999899,-24.728226359999898],[-50.429273805,-24.728635573999899],[-50.419720513999899,-24.731017748999896],[-50.41700251,-24.732028576999898],[-50.416738789999897,-24.733698841],[-50.417768135,-24.735283319999898],[-50.421255231,-24.737423314999901],[-50.4229786,-24.739644414999898],[-50.423187002999896,-24.741218219999901],[-50.422805887,-24.742887153],[-50.420868878,-24.746315923999898],[-50.419174863,-24.749223228999902],[-50.418420232,-24.752144502999897],[-50.419115680999894,-24.752676294],[-50.42193015,-24.752924173999901],[-50.425653602999894,-24.748054644],[-50.426865838999902,-24.7458729969999],[-50.431805923999896,-24.745416479],[-50.435694420999901,-24.744631851999898],[-50.440383810999897,-24.745114299],[-50.441639114999894,-24.747224017999898],[-50.443309795999902,-24.75949309],[-50.444894569,-24.7630733929999],[-50.444966526999899,-24.7656918449999],[-50.446900295,-24.769381246999899],[-50.44876736,-24.770139383],[-50.451350998999899,-24.770174493999896],[-50.455464198,-24.770019691999899],[-50.459552441,-24.764423161],[-50.462770373999902,-24.761639208],[-50.465063050999902,-24.758006205],[-50.463600254999896,-24.754218668],[-50.459993740999899,-24.75218159],[-50.456717618999896,-24.751404215],[-50.452485866999893,-24.751661585999898],[-50.450054746,-24.749640118999899],[-50.449381702,-24.747747060999899],[-50.450265328999897,-24.744094968999899],[-50.455582432999897,-24.742177888],[-50.456919911999897,-24.739474185999899],[-50.456359993,-24.737897180999902],[-50.453477871999901,-24.734718738],[-50.453054015999896,-24.731991587],[-50.451943807,-24.728208552999899],[-50.449522444,-24.725559076],[-50.445403256999896,-24.7261322579999],[-50.442929357,-24.726621835999897]]]]}},
{"type":"Feature","properties":{"fid":117,"id1":981963,"cd_fcim":"SG22","leg_carga":"Rp+Re+Vss.SM","cd_fito":"SM","cd_leg_2":"R","clas_domi":"Rp","leg_uveg":null,"nm_uveg":null,"leg_uantr":"Rp","nm_uantr":"Florestamento/Reflorestamento com Pinus","leg_contat":"SM","nm_contat":"Contato Savana/Floresta Ombrófila Mista","veg_pretet":"SM","nm_pretet":"Contato Savana/Floresta Ombrófila Mista","leg_sec1":"Re","nm_sec1":"Florestamento/Reflorestamento com Eucaliptos","leg_sec2":"Vss","nm_sec2":"Vegetação Secundária sem palmeiras","leg_sup":"Área Antrópica Dominante em Tensão Ecológica","legenda_1":"Contato (Ecótono e Encrave)","legenda_2":"Florestamento/Reflorestamento","legenda":"4Rp - Florestamento/Reflorestamento com Pinus","ar_poli_km":852.7837,"leg1_id":13.0,"leg2_id":50.0},"geometry":{"type":"MultiPolygon","coordinates":[[[[-50.376189857,-24.232860147999897],[-50.377173966,-24.2333899],[-50.380110273999897,-24.234516593],[-50.380272569999896,-24.235139275999899],[-50.382661966999898,-24.237808456],[-50.383846224,-24.239685839999897],[-50.384346633999904,-24.2409342569999],[-50.385747957,-24.240333119999899],[-50.387871031,-24.238190641],[-50.387203016999898,-24.236629859999901],[-50.387048125,-24.2355421739999],[-50.386896559,-24.23414417],[-50.386049436999897,-24.232891616],[-50.386245361,-24.231653444],[-50.388708628,-24.229980205999897],[-50.390272199,-24.230001741],[-50.391651396,-24.230640854999898],[-50.39161137,-24.232967616999897],[-50.391235186999893,-24.234668722],[-50.391208833999897,-24.236219315],[-50.392067512,-24.236851277],[-50.392767184,-24.236550227999899],[-50.395744549,-24.235350898],[-50.397300749999893,-24.235837397999902],[-50.397269165999894,-24.237698301999899],[-50.395151442,-24.239530537999897],[-50.394446693999896,-24.239986264],[-50.391328998999896,-24.239322607],[-50.389914012999895,-24.2406999839999],[-50.38989507,-24.2417856],[-50.392473304999896,-24.243526825999901],[-50.392288909999898,-24.244145358],[-50.390529338999897,-24.245362068999899],[-50.3886148489999,-24.245491048],[-50.386713072,-24.2448437749999],[-50.386009258999891,-24.245300411999899],[-50.386170407999899,-24.246077836],[-50.387029108,-24.246709837],[-50.390655752,-24.248155166999901],[-50.390986653,-24.249091194],[-50.390791726,-24.250328554],[-50.389037372,-24.251235875999896],[-50.386297942999896,-24.248716223],[-50.384236955999896,-24.247291516999901],[-50.383546819999893,-24.246972827],[-50.381807351999896,-24.246948228999901],[-50.380759942999894,-24.247244162],[-50.380902083999899,-24.249108151],[-50.381751395,-24.250205177999899],[-50.381559535999898,-24.251288748],[-50.380166567999893,-24.251423964],[-50.379115025,-24.251875492],[-50.377871613999901,-24.253409688],[-50.377508053,-24.25433464],[-50.376272050999901,-24.255404714999898],[-50.374009772999898,-24.2555285],[-50.372631677,-24.254733608],[-50.371425281,-24.254096434999902],[-50.369865875999899,-24.253765377],[-50.368976398,-24.2549934379999],[-50.369651817,-24.25608842],[-50.3696443629999,-24.25655346],[-50.369454603999898,-24.257482335],[-50.368403029,-24.257932927999899],[-50.365958426999896,-24.258519579999898],[-50.365067924999899,-24.25974855],[-50.365056337999896,-24.260369198],[-50.365742146999899,-24.2609992],[-50.366788459999903,-24.260857121],[-50.370468134999896,-24.259202199],[-50.372733577999895,-24.258923737],[-50.374650339,-24.2586392259999],[-50.375151731,-24.259886851],[-50.3751274319999,-24.261282875999896],[-50.371968349,-24.26294598],[-50.371069444999897,-24.264639121],[-50.370182077,-24.265713429],[-50.370168347999901,-24.266488808999899],[-50.371552986,-24.2668177689999],[-50.372941721,-24.266992935999898],[-50.375041807999899,-24.266245481999899],[-50.377341197,-24.263950244999897],[-50.379441246999903,-24.2632027669999],[-50.382033304999901,-24.264169760999899],[-50.381968936999904,-24.267891973],[-50.381419954,-24.269435555],[-50.378409227999896,-24.272651697],[-50.377333318999902,-24.274498444999896],[-50.376252103999903,-24.276655552],[-50.376576521999901,-24.278056787],[-50.377092855999898,-24.278373432999899],[-50.377594495,-24.279466397999901],[-50.377565906,-24.281171986999901],[-50.377354031,-24.283341461],[-50.376645795999899,-24.2841076039999],[-50.375406534,-24.285331608],[-50.374877474999899,-24.28578858],[-50.374851006999897,-24.287340388],[-50.375348334999899,-24.2887437699999],[-50.377600334999904,-24.289239778999899],[-50.379679434999893,-24.289733686],[-50.380358115,-24.290674069],[-50.381917754999897,-24.291005119],[-50.382077931,-24.291783581999898],[-50.382064236,-24.292559043],[-50.381348568999897,-24.2937894189999],[-50.379255715999903,-24.294071889999898],[-50.376492614,-24.29294794],[-50.373197304,-24.292437494999898],[-50.372674687,-24.292430269999901],[-50.370944322999897,-24.291940526],[-50.370645206999896,-24.2891439479999],[-50.37084027,-24.287905504],[-50.369470432,-24.286646327],[-50.368778066999901,-24.286481376],[-50.367566232999899,-24.2861544699999],[-50.3647851899999,-24.286116259],[-50.358814014,-24.289446763999898],[-50.356511096999895,-24.291896807999898],[-50.353685502999902,-24.294340511],[-50.352786369999897,-24.296033802999897],[-50.348575931,-24.2981475],[-50.346075683,-24.301836922999897],[-50.344127809,-24.303827007999899],[-50.3427260489999,-24.3044280989999],[-50.341504485,-24.304720931999899],[-50.337670452999895,-24.305133032],[-50.336254825999895,-24.306510504999899],[-50.333994274999895,-24.306478359],[-50.333144018,-24.3053800379999],[-50.333350922,-24.3035217],[-50.335700022999895,-24.298434893],[-50.339239532999898,-24.294915772],[-50.342054603999898,-24.293092935999898],[-50.345388113999903,-24.291432979],[-50.347547026,-24.2872743739999],[-50.351601335999895,-24.284227615],[-50.354761994999897,-24.282409846999897],[-50.356326866999893,-24.282430662999896],[-50.358745165999899,-24.283394907999899],[-50.359960101999903,-24.283568036],[-50.361381972999894,-24.281725477999899],[-50.361375633,-24.281549708999897],[-50.352020738999897,-24.278414847999898],[-50.3460729459999,-24.267672987],[-50.340093580999898,-24.270277285],[-50.338098824,-24.27200162],[-50.335557863,-24.276787000999899],[-50.334031953,-24.27983339],[-50.334408389,-24.286412377],[-50.326932215999896,-24.292444023],[-50.320478152999897,-24.296298694],[-50.318428995,-24.301090412999898],[-50.313423303,-24.306280183999899],[-50.312341384,-24.311962488999896],[-50.309309136,-24.316741452],[-50.308218917,-24.322862717],[-50.307096977999898,-24.330736434999899],[-50.310996773999896,-24.332543465],[-50.315839702999895,-24.336557276999898],[-50.3196478,-24.343623256999898],[-50.3312184689999,-24.349372962],[-50.336346884,-24.351197528999901],[-50.34174396,-24.35171043],[-50.345175168,-24.352196578],[-50.349079586,-24.353784773],[-50.351993017,-24.355797057999901],[-50.354888234,-24.3589054619999],[-50.357037716,-24.362441917],[-50.358911645,-24.367728011999901],[-50.358358443,-24.371228146999897],[-50.357081574999903,-24.374058417999898],[-50.358245098999895,-24.377801664999897],[-50.361884526,-24.380482167],[-50.365797544,-24.381631473],[-50.366988487999897,-24.383839710999897],[-50.368136094999898,-24.388458048],[-50.368605394,-24.389780598999899],[-50.373404913999899,-24.396422174999898],[-50.373874266,-24.397743847999898],[-50.377253729,-24.401297362],[-50.380000421,-24.403264009999901],[-50.385916403999893,-24.402247847999899],[-50.3908572079999,-24.400781787],[-50.391563937999898,-24.402544376],[-50.3917790839999,-24.4043019799999],[-50.392240526,-24.406061642999898],[-50.395386098999893,-24.408953766],[-50.397091084999893,-24.409854037999899],[-50.398800093,-24.410534852999898],[-50.401011724999897,-24.410565016999897],[-50.403438612999892,-24.412350992],[-50.403416545999903,-24.413666812],[-50.401402064,-24.416488898999898],[-50.398906978999896,-24.418646726999899],[-50.39763636,-24.421040574],[-50.398105879999903,-24.422362337],[-50.39955666,-24.423697696],[-50.402268023,-24.423295736999901],[-50.405749352,-24.420931966],[-50.408244403,-24.418774061],[-50.409972507999896,-24.418358455],[-50.412929088999896,-24.417961163],[-50.419056638999898,-24.418920521999901],[-50.423707389,-24.420079856],[-50.425878219,-24.422521183999901],[-50.427817753999896,-24.424081733],[-50.432475621,-24.424802016999898],[-50.436109502,-24.427920141999902],[-50.436192542999898,-24.4282098629999],[-50.436478633,-24.430665245999897],[-50.438411328999898,-24.432663813],[-50.442547949,-24.4351311829999],[-50.443471635,-24.438650790999898],[-50.44368815,-24.440407707],[-50.444640682999896,-24.44217335],[-50.444868120999899,-24.443273664999897],[-50.444335784,-24.445676677999899],[-50.444305991,-24.447430724999901],[-50.446335451,-24.448225380999897],[-50.44855233,-24.447104781999901],[-50.449414948999895,-24.447006585999898],[-50.450892891,-24.446807265999901],[-50.453107809999892,-24.446618468999898],[-50.454078723999892,-24.44739874],[-50.454428401999898,-24.448499601],[-50.453795747999898,-24.449587044999898],[-50.453412387,-24.450458817],[-50.455086649999892,-24.453221374999899],[-50.455177627999902,-24.455086209999898],[-50.453911311999896,-24.457261146999898],[-50.451429644999898,-24.458652898],[-50.447724703999903,-24.459699487999899],[-50.4464701899999,-24.461217774],[-50.445200325,-24.463502004],[-50.445428309999897,-24.464492188999898],[-50.446254268,-24.4665853559999],[-50.447927056,-24.469458339],[-50.449815238,-24.4703023829999],[-50.450085172999891,-24.469362703999899],[-50.450418425999899,-24.468727133],[-50.450520543,-24.468120717],[-50.451153481999896,-24.467303763999897],[-50.451588086999898,-24.466548237],[-50.452057920999898,-24.465215573],[-50.452490884,-24.464580278],[-50.45322379,-24.463672506],[-50.454121528999899,-24.463008998],[-50.455050194,-24.4625872579999],[-50.455880409,-24.4622873339999],[-50.456709545,-24.462138613],[-50.457902093999898,-24.462082542],[-50.459227756999901,-24.4620872479999],[-50.460287302,-24.462393982],[-50.461113495999896,-24.462821851999898],[-50.461905220999896,-24.463340409999898],[-50.463159577999896,-24.464709792999898],[-50.463748552,-24.4664093129999],[-50.464142245999895,-24.46744153],[-50.464434362999896,-24.468898893],[-50.464729727999895,-24.469324156],[-50.465091103999903,-24.470144653],[-50.465749601999896,-24.471117142],[-50.466574394999896,-24.471939455],[-50.467534672999903,-24.472215853],[-50.468495573,-24.472157921999898],[-50.468993805,-24.471826715],[-50.469694507,-24.470767275],[-50.470394319,-24.469556602999898],[-50.470930384,-24.468163638],[-50.471563816999897,-24.46737762],[-50.472264181999897,-24.466197031],[-50.472964284999897,-24.465107536999898],[-50.474031755999896,-24.463746338999901],[-50.474895381999893,-24.463143402999897],[-50.476620410999899,-24.462390248],[-50.477582477999896,-24.462243031],[-50.4784098639999,-24.462367517999901],[-50.479104693999901,-24.462823858],[-50.4793667389999,-24.463400835999899],[-50.479496861999898,-24.464190345999899],[-50.479261504999904,-24.465039338999897],[-50.478759838999899,-24.465916184],[-50.478026609,-24.466854082999898],[-50.477327852999892,-24.467700380999897],[-50.476861798,-24.468184106999896],[-50.476925948999892,-24.468790661999897],[-50.477686783,-24.469066507],[-50.478482031999903,-24.469038484999899],[-50.479211355,-24.469041573],[-50.479639789,-24.469316246999899],[-50.480003047,-24.469711318999899],[-50.480831854,-24.469804844999899],[-50.482027326,-24.469172057],[-50.482825540999897,-24.4684170959999],[-50.483824352999896,-24.467359308],[-50.484456361999897,-24.466603312999901],[-50.485287237999898,-24.465817763],[-50.486185152999902,-24.46506306],[-50.487050743999895,-24.4640948119999],[-50.487883079999897,-24.463127088],[-50.4889469519999,-24.462099217999899],[-50.489347633,-24.461313193999899],[-50.490048234999897,-24.460252838],[-50.490780163999901,-24.459406925999897],[-50.491478027999904,-24.458985114],[-50.492275948,-24.458320339999901],[-50.493108181999901,-24.457139463],[-50.493909103999897,-24.455960043999898],[-50.494675662,-24.454718285999899],[-50.495607396999901,-24.4538428299999],[-50.49644032,-24.452753975999897],[-50.49717092,-24.452149448999897],[-50.498035934,-24.451363397999902],[-50.499063627999902,-24.450911726],[-50.499761285,-24.450429787999902],[-50.500459614,-24.449824884999899],[-50.501090061999896,-24.449615434999899],[-50.501919143999899,-24.449465686999901],[-50.502517493,-24.4489525289999],[-50.503512912999902,-24.4485004709999],[-50.505968306999897,-24.447508841999898],[-50.507760428,-24.446695307],[-50.508789236,-24.446303742999902],[-50.509254777999899,-24.4458509749999],[-50.509261068999898,-24.444213259],[-50.508932983,-24.443454315999897],[-50.507975028,-24.442571456999897],[-50.507446392999896,-24.442115328999897],[-50.507415593999895,-24.441568441999902],[-50.507648977999899,-24.44129607],[-50.508412025,-24.440965186],[-50.509008809999891,-24.440785396],[-50.509474596999894,-24.4402406409999],[-50.509676102999897,-24.4395744],[-50.509878253999901,-24.438787023],[-50.510244727,-24.438211968999898],[-50.510745108,-24.437273214],[-50.511410854999895,-24.43639559],[-50.511909954,-24.436063458],[-50.512606984999898,-24.435550541999898],[-50.513171727,-24.4349149459999],[-50.513669750999902,-24.434735824],[-50.514068732999895,-24.434433499],[-50.514700335,-24.433768621],[-50.515927855999898,-24.4334986809999],[-50.516789043999893,-24.433502298999898],[-50.517318222,-24.433625026],[-50.518277033999901,-24.433931264],[-50.519103168,-24.4345101279999],[-50.520194851,-24.434969103999897],[-50.520624197999901,-24.435393985],[-50.520854353999901,-24.435728206],[-50.520687315,-24.436304667999899],[-50.520353298,-24.436940223],[-50.520152297,-24.437424296],[-50.520183296,-24.438031292999899],[-50.519487951999899,-24.437832860999901],[-50.519091847999896,-24.437407449],[-50.518531426,-24.436768808999897],[-50.518103852,-24.43591857],[-50.517841738999898,-24.434976433],[-50.5173797409999,-24.4345812279999],[-50.5165185379999,-24.434578523],[-50.515358238,-24.434938509999899],[-50.514395479999898,-24.435512106],[-50.513497027,-24.436540056999899],[-50.512964146999899,-24.437205176],[-50.511900712999896,-24.438141947],[-50.510968915,-24.439322541],[-50.510401502,-24.440229553999899],[-50.510066728,-24.441138364],[-50.510062547999901,-24.442472759999898],[-50.510158368999896,-24.443201671999898],[-50.510155642,-24.44398956],[-50.510446699999896,-24.445689027999897],[-50.510476964999896,-24.446568396],[-50.510142979,-24.447052756999899],[-50.509578699,-24.447505292999899],[-50.509047952999893,-24.447716827],[-50.50798639,-24.447925831999896],[-50.507122963999898,-24.448377616999895],[-50.5061624209999,-24.44870803],[-50.505134257999899,-24.448977533999898],[-50.504470395999896,-24.449127394],[-50.503806144999899,-24.449670759999897],[-50.503239807999904,-24.450275387],[-50.502675021,-24.450910092999901],[-50.501977270999895,-24.451180703],[-50.50164555,-24.451421874999898],[-50.501213036,-24.451815817999901],[-50.500350882,-24.452025302],[-50.499387707,-24.452841189],[-50.498889064,-24.452990231999898],[-50.498293701999899,-24.452988752999897],[-50.497862908999899,-24.453108524999902],[-50.497394303999897,-24.454077749999897],[-50.4968598,-24.455076269],[-50.495927390999896,-24.456438164],[-50.495362325,-24.456800497999897],[-50.494896738,-24.457253264],[-50.494629922999898,-24.457828595],[-50.493165587,-24.459340057999899],[-50.492400168999893,-24.460277592999898],[-50.491169381999896,-24.461577715],[-50.490303006,-24.462606078],[-50.489438252999896,-24.4635133049999],[-50.488407719999898,-24.464388530999898],[-50.487607308999898,-24.465598953],[-50.486411781,-24.466382973999899],[-50.485281243,-24.46734995],[-50.485014742,-24.467682069],[-50.487214072,-24.469749314999902],[-50.488933732999897,-24.470991974999897],[-50.491564066999899,-24.4698074689999],[-50.4935429599999,-24.470387199999898],[-50.494773011999897,-24.471179544999899],[-50.497323627999897,-24.474761283999896],[-50.498805438,-24.475447243999898],[-50.503178784999896,-24.474063385],[-50.505030605999899,-24.474863854],[-50.508468706,-24.477459229],[-50.510941317999894,-24.4782678],[-50.513046911999893,-24.47873957],[-50.514139598,-24.480306455999898],[-50.516961952,-24.482969343],[-50.515678286,-24.478498638],[-50.518952752999901,-24.473151674999897],[-50.523196680999895,-24.468998467999899],[-50.524551393999893,-24.455608525999899],[-50.528632649,-24.451603039],[-50.544899031999904,-24.449571691],[-50.552713088999894,-24.446917869999901],[-50.560697219999895,-24.442031421],[-50.563297517,-24.442187810999901],[-50.5686140729999,-24.4560452179999],[-50.576719445,-24.462916988999901],[-50.582043965,-24.474987068],[-50.584476486,-24.476631778999899],[-50.590651648999902,-24.478137713],[-50.59373255,-24.480825559],[-50.594369301,-24.484698266999899],[-50.590593014,-24.495403091999901],[-50.590339914999902,-24.497783592999898],[-50.5900868109999,-24.500164115999898],[-50.592034644999899,-24.501807065],[-50.594797882999899,-24.502262077999898],[-50.600818995999894,-24.501385502999899],[-50.607825314,-24.49768374],[-50.610438461999898,-24.494565494],[-50.612738092,-24.487427822],[-50.616663541,-24.48044349],[-50.619922889999899,-24.478516055999901],[-50.626917240999902,-24.478088199],[-50.638167209,-24.468443094999902],[-50.641270123,-24.4638364569999],[-50.640790433999896,-24.461305931],[-50.638681295,-24.459662664999897],[-50.638683070999903,-24.458918447],[-50.634945532999893,-24.458612407],[-50.623221868,-24.4637906899999],[-50.617854716999901,-24.464371591],[-50.613475320999903,-24.460638332],[-50.613817684,-24.455281329999899],[-50.621337152999899,-24.442503168],[-50.625110482,-24.431796526],[-50.634246878999896,-24.4208061749999],[-50.635237947999897,-24.416045631],[-50.631683338999892,-24.408893540999898],[-50.632348014999899,-24.404430110999897],[-50.6385387999999,-24.399534154],[-50.639521376999895,-24.396709164],[-50.643761045999895,-24.391957153999897],[-50.6536763289999,-24.391385718],[-50.656279678,-24.390201675999897],[-50.659867751,-24.385926785],[-50.668143023,-24.390378187999897],[-50.674634725,-24.393072972],[-50.677396915999893,-24.393376764],[-50.691858448999895,-24.393854292999897],[-50.695752576,-24.396542786999902],[-50.699317213999898,-24.4008660329999],[-50.704837605999899,-24.402811889999899],[-50.706954708999895,-24.400880685999898],[-50.7076121919999,-24.398353347999901],[-50.703744093999902,-24.385247863999901],[-50.704421722999896,-24.373937695999899],[-50.7083349339999,-24.3682910479999],[-50.710938488999901,-24.366510197],[-50.731105278,-24.357619982],[-50.736473343999897,-24.354505047],[-50.737454711999902,-24.351678411],[-50.736977753,-24.346765388999899],[-50.734391046,-24.341849553],[-50.720295779999901,-24.325303445],[-50.707578155999897,-24.312616580999897],[-50.705870706,-24.310255358999896],[-50.705666823999898,-24.306131734999902],[-50.709310385,-24.301021643999899],[-50.711112584,-24.294477663999899],[-50.710647863999895,-24.285546718],[-50.712122963999903,-24.279596696999899],[-50.710870493999899,-24.274407971999899],[-50.710121543999904,-24.274377919],[-50.7091636339999,-24.273952332999897],[-50.708205463999903,-24.273160807999897],[-50.707511855999897,-24.272462303999898],[-50.706524805999898,-24.270245889],[-50.706228676,-24.269791148],[-50.705569140999899,-24.268484966],[-50.704910910999899,-24.266998570999899],[-50.704550399,-24.265996064],[-50.703988393,-24.265631255999899],[-50.703326425999897,-24.265600321],[-50.702134848999904,-24.265810246999898],[-50.701175357999901,-24.265898923999899],[-50.700480778,-24.265897663],[-50.699124458,-24.265924626],[-50.698265088,-24.265590216],[-50.697604082999895,-24.2654063579999],[-50.697073683,-24.265709097999899],[-50.696940325999897,-24.266133629999899],[-50.696939631,-24.2664968139999],[-50.697136383,-24.267468402],[-50.696836006999895,-24.268044022],[-50.696670022,-24.268499146999897],[-50.696602184999897,-24.269226611],[-50.69670043,-24.269954084999899],[-50.696896912999897,-24.270561573999895],[-50.697457793999902,-24.271169433],[-50.698018485,-24.271715392],[-50.698843204999896,-24.272627452999899],[-50.69980049,-24.273872315999895],[-50.700031172999893,-24.274480187999899],[-50.699862572999898,-24.2754505199999],[-50.699762537999902,-24.276329668],[-50.699263105999897,-24.277117040999901],[-50.698567478999898,-24.27781305],[-50.697638944999895,-24.2785392669999],[-50.696776788999898,-24.278961264],[-50.6959834889999,-24.278960728],[-50.694627595,-24.278563478],[-50.691750414999902,-24.278254148],[-50.691023327,-24.278040409],[-50.690131073,-24.277523539999898],[-50.689271844999901,-24.276945133],[-50.687585407,-24.2767289979999],[-50.685766079999901,-24.276361189999896],[-50.684608394999898,-24.276359332],[-50.683418253999896,-24.276144101999897],[-50.682425263999896,-24.276021166],[-50.681236043999895,-24.2755037219999],[-50.679879672,-24.2755306],[-50.6792828069999,-24.275832587],[-50.678654451999897,-24.275922126999898],[-50.677528664999898,-24.2762537589999],[-50.676336861,-24.276705728],[-50.674644965,-24.278066999],[-50.674147010999896,-24.278732373],[-50.672291725,-24.280033573],[-50.67136405,-24.280456593999897],[-50.6693775849999,-24.281088164],[-50.668449703999897,-24.281450185],[-50.666960831,-24.281598426],[-50.665671038999896,-24.281534947999901],[-50.664976792999894,-24.281351546999897],[-50.664348194999896,-24.281076933999898],[-50.663786805,-24.2807420739999],[-50.663025747999896,-24.280740899999898],[-50.662428857999899,-24.281194879999898],[-50.661963686,-24.281738624999896],[-50.661600641999897,-24.281860211],[-50.661071886999899,-24.281494758999898],[-50.660543328,-24.281190299999899],[-50.660048362999895,-24.280704150999899],[-50.659488122,-24.279975136],[-50.659489261,-24.279428966999898],[-50.659259817999896,-24.278578925],[-50.658797686999897,-24.278123184],[-50.658234954,-24.277970363999898],[-50.657010456,-24.278149713999898],[-50.656149996999901,-24.278662643999901],[-50.655387413999897,-24.2792376519999],[-50.655152796,-24.280086172],[-50.655184686,-24.280874852],[-50.6555458059999,-24.28151245],[-50.655542552,-24.282755898999898],[-50.654875578999899,-24.284634646],[-50.654145624999899,-24.285482213999899],[-50.653215595999896,-24.286693505999899],[-50.652487375,-24.287024938999899],[-50.651957275999898,-24.287296678],[-50.651525465999896,-24.28775067],[-50.651524902999896,-24.288326904],[-50.651388750999899,-24.289722749999896],[-50.650889159999899,-24.290661201],[-50.649925883,-24.291872135999899],[-50.648300203,-24.29323226],[-50.646843303,-24.293774948],[-50.645650775,-24.2941967749999],[-50.644723394,-24.2945897],[-50.643929278,-24.294952250999899],[-50.643299317999897,-24.295161872999902],[-50.641908835,-24.2954012239999],[-50.64074971,-24.295883493],[-50.639953035,-24.296367992999901],[-50.639093455,-24.296426649999901],[-50.63836559,-24.296423962999896],[-50.637504238999902,-24.29669562],[-50.636939315999896,-24.297543215],[-50.636670426999892,-24.298694549999897],[-50.636107637999892,-24.2994520469999],[-50.635411008999895,-24.299753768],[-50.634748588,-24.299751806],[-50.634019726999895,-24.29990113],[-50.632927574999897,-24.300415081],[-50.632230533,-24.301202024],[-50.631433440999899,-24.30216992],[-50.630901901999891,-24.302775734],[-50.630500482999899,-24.3041996279999],[-50.630663622,-24.304806868999901],[-50.631192172999896,-24.305566606],[-50.631452613999897,-24.306961525999899],[-50.631449254999893,-24.30805306],[-50.6313479989999,-24.308781157999899],[-50.6308170349999,-24.3094170379999],[-50.629920451,-24.310142587],[-50.628992799999899,-24.3106256149999],[-50.626704414999899,-24.312287823999899],[-50.625610251999895,-24.31295197],[-50.6245827219999,-24.313374691],[-50.621737087,-24.313246180999901],[-50.622920969999903,-24.314255503],[-50.626888551,-24.314972000999898],[-50.629137323999899,-24.314334465999899],[-50.631891035,-24.313260116],[-50.634129222999896,-24.313288857],[-50.636605007999897,-24.313986675],[-50.638108332999899,-24.313339814],[-50.639358683999895,-24.312912256999898],[-50.642897008,-24.309405779],[-50.645149519,-24.308546952],[-50.645384286999899,-24.3094372219999],[-50.646851188,-24.311010410999899],[-50.648830711999899,-24.311700757],[-50.652328743999895,-24.310635449],[-50.653786185999898,-24.312873110999899],[-50.654749232999897,-24.314882221999898],[-50.654922916,-24.319545585999897],[-50.655904129999897,-24.320446020999899],[-50.657189788,-24.317799116999897],[-50.656987436999898,-24.314910793999896],[-50.656560769999899,-24.310466839999897],[-50.659860189,-24.306292035999899],[-50.662347439999898,-24.306323337],[-50.663807774999896,-24.308339717],[-50.663779193,-24.3101146929999],[-50.660529351,-24.311183802],[-50.659978697,-24.314505261],[-50.659701936,-24.3162775169999],[-50.658668291,-24.318705072999897],[-50.659872874,-24.321162109999896],[-50.659833771,-24.323603509999899],[-50.659557010999897,-24.325374919],[-50.655559552999897,-24.326434810999899],[-50.654049528,-24.327525116999897],[-50.652048866,-24.328165639],[-50.651775878999899,-24.329714957999901],[-50.653001457999899,-24.330840319999897],[-50.655723754999897,-24.331762931],[-50.658455593,-24.332019149],[-50.660186149999895,-24.332707613],[-50.660910663,-24.334047722],[-50.658640827999896,-24.336016458999897],[-50.658601710999896,-24.3384580009999],[-50.659038955999897,-24.342236047],[-50.661018737999896,-24.342927308],[-50.6622129779999,-24.346050051],[-50.664686321,-24.346968954],[-50.666149741,-24.348763499],[-50.666128795999903,-24.350095398999901],[-50.6631294949999,-24.350945313999901],[-50.661371183999897,-24.352032092999899],[-50.661086757999897,-24.354247969],[-50.661282516999897,-24.357581017],[-50.661467824999896,-24.361577811999901],[-50.6626869299999,-24.3631475719999],[-50.664172373,-24.363609363],[-50.665395310999898,-24.364957889],[-50.666841726,-24.367861490999896],[-50.669283912999902,-24.370777077],[-50.671260124999897,-24.371690495999896],[-50.671743234999902,-24.372584627],[-50.671718503,-24.374138802999898],[-50.670936754,-24.376348454],[-50.670652382999897,-24.378564549],[-50.673826053,-24.382378048],[-50.673054748999903,-24.38392219],[-50.670319526,-24.3838873139999],[-50.668336557,-24.383419086999901],[-50.666121553,-24.38183635],[-50.666381201,-24.381174449999897],[-50.666913823999899,-24.378961091999901],[-50.663018511999901,-24.373584182999899],[-50.661988386999901,-24.371906275999898],[-50.658572523,-24.367644819],[-50.657943334,-24.360312036],[-50.658135616,-24.355986189999896],[-50.656181531999898,-24.353741736999901],[-50.656194872999897,-24.352854087],[-50.6578339329999,-24.351542922],[-50.65858852,-24.350997703],[-50.659354565999898,-24.3497869979999],[-50.659124961,-24.3485633979999],[-50.658010463,-24.348216824],[-50.65499542,-24.350064441],[-50.651084435999898,-24.353566552999897],[-50.650106933999901,-24.352444761999898],[-50.650489722,-24.351783414999897],[-50.65062913,-24.350897178],[-50.650536567999893,-24.348898397],[-50.649694675,-24.347111620999897],[-50.653212314999898,-24.344936426999901],[-50.65519878,-24.345183467],[-50.6560736059999,-24.3448626869999],[-50.656582412,-24.344202756],[-50.656480727999892,-24.342759347],[-50.655761476999899,-24.341085081],[-50.655519978,-24.340638057],[-50.654032291,-24.340286411],[-50.6536667069999,-24.339838004999901],[-50.65368246,-24.338839348],[-50.655565789,-24.337753152999898],[-50.655200656,-24.337193676],[-50.654490498999898,-24.334965048999901],[-50.652632014999895,-24.334498191],[-50.651134838999901,-24.3348120049999],[-50.649873882999898,-24.335906015],[-50.648496947999895,-24.336443324],[-50.647613496,-24.337208298999901],[-50.647237413999896,-24.337425352],[-50.64637213,-24.337081532],[-50.645278295999894,-24.335514174],[-50.643910912,-24.335385078999899],[-50.641646194,-24.3370214229999],[-50.640398584,-24.337227807],[-50.639278443,-24.337324531],[-50.638034681999898,-24.337307875],[-50.636665390999902,-24.337401799999899],[-50.635901675999897,-24.338502244],[-50.634262598999896,-24.3398123119999],[-50.6332718029999,-24.339578127],[-50.632923510999895,-24.338020888],[-50.63269503,-24.3367964239999],[-50.631326197,-24.336779248],[-50.630078591,-24.336984678],[-50.628833372,-24.337080871],[-50.627187094999897,-24.338945314999901],[-50.627171228999899,-24.339944881999898],[-50.6267797309999,-24.341049493999897],[-50.624523025999899,-24.342130417],[-50.621408744999897,-24.342423175999901],[-50.620277991,-24.343185307999899],[-50.619502627,-24.344951204],[-50.619230858,-24.346390434999901],[-50.618967265,-24.347274334],[-50.616709020999899,-24.348467204],[-50.614086680999897,-24.3490996089999],[-50.612593706,-24.349080037],[-50.611100263,-24.349171538999897],[-50.610370665999895,-24.34816352],[-50.608615031999904,-24.349028747],[-50.607504466999899,-24.348459854999899],[-50.606051093999902,-24.345999531999897],[-50.60418829,-24.3458646509999],[-50.602686139999896,-24.346400355],[-50.601199467999898,-24.346048449],[-50.600104902999895,-24.344479948999901],[-50.600126173,-24.3431489939999],[-50.602397489999895,-24.341180655],[-50.604517154999897,-24.340874115999899],[-50.605883572,-24.341003380999901],[-50.6066459749999,-24.340014069999899],[-50.606044364999896,-24.338786269],[-50.60518734,-24.33788701],[-50.601860109,-24.336001951],[-50.601609706,-24.336395185],[-50.601012355,-24.337091334],[-50.600414625,-24.337666381999899],[-50.598557628,-24.338813534999897],[-50.597197465999891,-24.339628513],[-50.596500049,-24.340203339],[-50.595105379,-24.341564232999897],[-50.594376719,-24.341986645999899],[-50.593878924,-24.342016509],[-50.5933174729999,-24.341832586999899],[-50.592357733,-24.3416168279999],[-50.591596497999895,-24.34161547],[-50.590635466,-24.341946916],[-50.590005673999897,-24.342430536999899],[-50.589407705,-24.343095714],[-50.589405444,-24.343642008],[-50.589568308999901,-24.344339503999898],[-50.590096247999895,-24.345068465999898],[-50.590720651,-24.346192786],[-50.591183355999902,-24.346679716],[-50.591943326,-24.347227384999901],[-50.592371656999902,-24.347652918999898],[-50.592700862999898,-24.348260347999901],[-50.592631684999894,-24.349291213999898],[-50.592266111999898,-24.349745984],[-50.591469150999899,-24.3505318489999],[-50.591070331,-24.351137395],[-50.5911005419999,-24.351592105999899],[-50.591529799999897,-24.352320876],[-50.591593593,-24.352897986],[-50.591592325,-24.3534433999999],[-50.591358219,-24.354232024999899],[-50.5916213799999,-24.354808670999898],[-50.59224871,-24.355113548999899],[-50.592477866,-24.355749908999901],[-50.592670415,-24.357691622999898],[-50.592654624,-24.362787103],[-50.5922859349999,-24.3641515539999],[-50.592019014999899,-24.364907968],[-50.591850571999899,-24.365756564],[-50.591844767999895,-24.3675458509999],[-50.591908297,-24.3685172909999],[-50.591937603,-24.369639506999899],[-50.592690599,-24.372370831999898],[-50.592753984999895,-24.373129198999898],[-50.592752719,-24.373674654999899],[-50.592352876999897,-24.374281156999899],[-50.591687774,-24.375067685],[-50.590857531,-24.375702083999901],[-50.5898959559999,-24.376214784999899],[-50.589333363,-24.376486142],[-50.588932485,-24.377394968],[-50.588472864,-24.378908715999899],[-50.588705632,-24.379718203],[-50.588822099999902,-24.380527282999896],[-50.588642006,-24.381443184],[-50.588226531,-24.382197049],[-50.587870461,-24.383489797],[-50.587569765999895,-24.385106471],[-50.588152969999904,-24.386995476],[-50.587257629999904,-24.386178435],[-50.586912646,-24.385130874],[-50.586667471999895,-24.384447811],[-50.585004566999899,-24.384477166999901],[-50.5818017449999,-24.383504547],[-50.579868172,-24.3847210439999],[-50.577161921999895,-24.385307643],[-50.574705475,-24.386593741],[-50.571345884,-24.389886696999902],[-50.56873569,-24.389853233999897],[-50.567107494,-24.3883574769999],[-50.5669558499999,-24.386958748],[-50.567691106,-24.384563866999901],[-50.5678792309999,-24.383711804],[-50.567458544,-24.382852784],[-50.5672997839999,-24.381920265],[-50.569514542,-24.379466753],[-50.573426165999898,-24.379672608999901],[-50.575933154,-24.38063555],[-50.579306843,-24.381765893999898],[-50.58148312,-24.381716006],[-50.581670172,-24.380942248999897],[-50.581682299999898,-24.380166502999899],[-50.581349547999899,-24.379232020999897],[-50.581458708999897,-24.3779137249999],[-50.584282120999895,-24.375390581],[-50.586481509999899,-24.37394491],[-50.587367340999897,-24.3729469049999],[-50.587383468,-24.371939016999896],[-50.585658219,-24.37106341],[-50.584598462,-24.372058512999899],[-50.582224134999898,-24.373578661],[-50.581355422999899,-24.373567861],[-50.580753725,-24.373094764],[-50.581031815,-24.372011544],[-50.581847815999893,-24.370004703999896],[-50.583958213999892,-24.368635471999898],[-50.586206612999895,-24.3667268959999],[-50.586432617,-24.366185830999896],[-50.586830843,-24.363165325999898],[-50.585805438999898,-24.361988100999902],[-50.5817060319999,-24.362632598999898],[-50.579678563999899,-24.364313244],[-50.577736032999894,-24.366073167],[-50.575988622999894,-24.366592327],[-50.575131105,-24.365805794],[-50.576121054999902,-24.363801913],[-50.581617843999894,-24.357433951],[-50.5819171099999,-24.355032526999899],[-50.581511555999896,-24.353243194999898],[-50.578755054999903,-24.3515782479999],[-50.576829768,-24.352329369],[-50.576084576999897,-24.3553448659999],[-50.575972346999897,-24.356895207],[-50.576046151,-24.357749263],[-50.57575294,-24.359685463999899],[-50.573277521999898,-24.362134943999898],[-50.568967681999901,-24.365027879],[-50.5670311699999,-24.366398976],[-50.566495194999895,-24.367246092999899],[-50.5654272949999,-24.3687063479999],[-50.563748571,-24.3703135129999],[-50.560047278999896,-24.3732133789999],[-50.558123835999893,-24.373808747999899],[-50.557097497999898,-24.372708767999899],[-50.557379727999894,-24.371393408],[-50.561968919,-24.367419217999899],[-50.5621712109999,-24.365715956],[-50.561238938,-24.364228273],[-50.559853587999896,-24.363822663999898],[-50.559259024999896,-24.362961705],[-50.558486493,-24.362330911999901],[-50.5581498029999,-24.361628622999898],[-50.5571993,-24.361227991],[-50.555531744999897,-24.3621376729999],[-50.553743718999897,-24.365062044],[-50.553449265,-24.367153071999898],[-50.551061547,-24.369526957999902],[-50.55010594,-24.369436753999899],[-50.549245464,-24.368804909999898],[-50.549262717,-24.367797052],[-50.549095929,-24.367328899],[-50.547981603,-24.366383619],[-50.545826839,-24.365114031],[-50.545045123999891,-24.365104125],[-50.541649420999903,-24.3652917709999],[-50.539742304999898,-24.364879146],[-50.538791819,-24.364478451],[-50.538633174,-24.363545982999899],[-50.539445416,-24.36177148],[-50.540594262999896,-24.360701111],[-50.541474099999903,-24.360091134],[-50.541750261999901,-24.3591646029999],[-50.541761481,-24.358466312999902],[-50.542214623999897,-24.357385205],[-50.544827553999895,-24.3571876419999],[-50.547519341999902,-24.35745536],[-50.548219097999898,-24.357232117],[-50.550160725999895,-24.355550743],[-50.551734209999893,-24.355027938],[-50.553908256999897,-24.355056541999897],[-50.555640372,-24.355544452999897],[-50.558322001,-24.356432969],[-50.5592836269999,-24.356211792999897],[-50.561376814999896,-24.355851512],[-50.563631786,-24.356191479],[-50.566252796999898,-24.355526696],[-50.566357964999895,-24.354442498],[-50.565857472999902,-24.353117359999896],[-50.5644671169999,-24.353021323999897],[-50.563438781999899,-24.352077139],[-50.563193106,-24.3511428219999],[-50.563217427,-24.349668911],[-50.562538984999897,-24.348574857],[-50.560284138,-24.348156585],[-50.559245684999894,-24.347833277999896],[-50.558658236,-24.346584563],[-50.557891851,-24.345565986999901],[-50.555890814999898,-24.345540307],[-50.553703614,-24.346364743],[-50.552897635,-24.347750445],[-50.55026851,-24.348957684],[-50.548355386999901,-24.348932964],[-50.545999361,-24.349366608],[-50.544172171999897,-24.349420246],[-50.543226768999894,-24.348787457],[-50.542628276999899,-24.348082173],[-50.541942739,-24.347529769999898],[-50.540641448999899,-24.3472789479999],[-50.5387089809999,-24.348417624],[-50.536505405,-24.350174163999899],[-50.534155417999898,-24.350298198],[-50.533126238999898,-24.349352995999901],[-50.532801842,-24.347953375],[-50.534487735999896,-24.345957804],[-50.535198721,-24.345035438],[-50.535568956999896,-24.343722165],[-50.535237469,-24.342708559999899],[-50.532993932999901,-24.341593668],[-50.531448094,-24.340409432999898],[-50.530771828999896,-24.339237065],[-50.530442359999903,-24.338147012],[-50.530628555,-24.337373407],[-50.530646918999899,-24.336287382],[-50.529795776999897,-24.335113007999901],[-50.528838242999903,-24.335177511],[-50.5269170709999,-24.335617828999901],[-50.525615789,-24.335445256],[-50.524674621,-24.334502008],[-50.524257195999901,-24.3334883429999],[-50.523482825,-24.332934898999898],[-50.522449544,-24.332378456999898],[-50.521598452,-24.331204077999899],[-50.521609724,-24.330505864],[-50.524592707999901,-24.328992585],[-50.530001188999897,-24.327978044999899],[-50.531899864,-24.3288567449999],[-50.533020053999898,-24.329491542],[-50.533963239999899,-24.330357376999899],[-50.535344348999892,-24.330918701],[-50.537875176999897,-24.330408887],[-50.539780999,-24.330899757999898],[-50.541439255999897,-24.330532818999899],[-50.543634424999894,-24.329321659999898],[-50.545287586999898,-24.329264207999898],[-50.546756634,-24.329827397],[-50.547698902,-24.330692268999901],[-50.548208447,-24.331397383],[-50.548629954,-24.3322571799999],[-50.549571199999903,-24.333200345],[-50.550182920999902,-24.33305259],[-50.550449899999897,-24.332667785999899],[-50.550471252999891,-24.3313496399999],[-50.550914130999899,-24.3308903779999],[-50.551981957999899,-24.32943039],[-50.553373263999902,-24.329370796],[-50.554672487999895,-24.329698003],[-50.556406481999893,-24.330031102999897],[-50.558417538999898,-24.329436855],[-50.559740130999899,-24.328290240999898],[-50.562272884,-24.327702857999899],[-50.563049416999903,-24.328023131999899],[-50.564004875999899,-24.328113279],[-50.56524044,-24.327043041],[-50.566306174,-24.3256603899999],[-50.567196918,-24.324431430999901],[-50.567644872999892,-24.323583449999898],[-50.569227181,-24.322595476999901],[-50.571076444,-24.321146219],[-50.5726607719999,-24.320002573999897],[-50.573786068999901,-24.320327701999901],[-50.574727325,-24.321348132],[-50.574792058,-24.3226681209999],[-50.572063203,-24.324650005],[-50.571698196999897,-24.325730203],[-50.571581911999893,-24.327513399999901],[-50.571570773999902,-24.328211607],[-50.571725473999898,-24.329376967],[-50.573638455,-24.329401536],[-50.574943778,-24.329340859999899],[-50.575984208,-24.329509330999898],[-50.577976033999903,-24.3300783289999],[-50.580051805,-24.330803965],[-50.581594800999895,-24.332142656],[-50.582450223999892,-24.333007347],[-50.5844551859999,-24.332800717999898],[-50.585594708,-24.332194544999897],[-50.587262967999898,-24.3312083329999],[-50.589375023999899,-24.329760989999901],[-50.591222202,-24.328466324],[-50.592343547,-24.329023519],[-50.593537773,-24.330434661],[-50.594665118,-24.330683265999902],[-50.595210001999895,-24.329216286],[-50.594967243,-24.328126421],[-50.5933252029999,-24.327484119],[-50.592120966,-24.326615519],[-50.590057247999894,-24.325192697],[-50.587964335,-24.325554046],[-50.585360814999895,-24.325209426],[-50.583643982999895,-24.323790512],[-50.582974564,-24.322230562999898],[-50.582912832,-24.320678448],[-50.582152489999899,-24.319272256],[-50.579908916999898,-24.318235204],[-50.579318466999901,-24.317064025],[-50.578287171999897,-24.316352149],[-50.577949472999897,-24.315727383],[-50.577783670999899,-24.315182875999898],[-50.577973706999899,-24.314253671999897],[-50.581151299999895,-24.311347386999898],[-50.583534180999898,-24.3092068179999],[-50.584950555,-24.3076725089999],[-50.58324993,-24.305324357999901],[-50.582405702999893,-24.303761617999896],[-50.582458187,-24.300503948],[-50.585256487,-24.2996099329999],[-50.586649615999896,-24.299472831999896],[-50.587531154,-24.298709034],[-50.589124325999897,-24.297022925999897],[-50.590278756,-24.295563071999897],[-50.590904474999896,-24.294485939],[-50.590908499,-24.2942529329999],[-50.591018623999901,-24.29278032],[-50.591317693999898,-24.2904568669999],[-50.591419731999892,-24.289527656],[-50.592918066,-24.28709313],[-50.595076954,-24.286518623999896],[-50.596919289,-24.286542242999897],[-50.59775927,-24.287758862],[-50.597719995,-24.290168992],[-50.598430225999898,-24.291821121999899],[-50.598901955,-24.2930326799999],[-50.598882335,-24.294236855999898],[-50.598742014,-24.295331339],[-50.598966157999897,-24.296648440999899],[-50.601106893999898,-24.297995446999899],[-50.602986265,-24.297132749999896],[-50.604475083999901,-24.2973735419999],[-50.606072052999899,-24.298613314],[-50.607920028999899,-24.2996365189999],[-50.609538233999899,-24.299546462],[-50.610187041999893,-24.29789054],[-50.609958702,-24.296666249999898],[-50.6101054169999,-24.295226802999899],[-50.611099888999895,-24.295238939999898],[-50.612082303,-24.296028387],[-50.612390858999895,-24.300027478999901],[-50.612616337999896,-24.3014729719999],[-50.613342939999896,-24.3027019949999],[-50.614081577,-24.303155504],[-50.61786777,-24.299764222],[-50.6203549539999,-24.299795871],[-50.6209579699999,-24.300913318],[-50.620550614,-24.303017178999902],[-50.620792029999897,-24.303463255999898],[-50.623509096999896,-24.3046081419999],[-50.623484084,-24.3061619049999],[-50.6216109759999,-24.306692534],[-50.617757018999896,-24.3066427699999],[-50.614256945,-24.307707637],[-50.612238985,-24.309457434999899],[-50.612472501999896,-24.310510683999897],[-50.612630372999895,-24.311520295],[-50.6128872049999,-24.31175717],[-50.613965864,-24.312965628],[-50.615785937999895,-24.311707919999897],[-50.616432110999895,-24.311458464999898],[-50.617434901,-24.311135642999901],[-50.618514143999896,-24.310944777],[-50.619209215999895,-24.311068228],[-50.619769636999898,-24.311403196999898],[-50.620464316,-24.311707813999899],[-50.621126767999897,-24.3117098079999],[-50.622018636999897,-24.311802692],[-50.622515174999897,-24.312015852999899],[-50.623342352999899,-24.312199957],[-50.624070677999896,-24.3120196909999],[-50.624965701999898,-24.311567262],[-50.626060650999896,-24.310842131999898],[-50.627054767999901,-24.310055781],[-50.627719797999902,-24.309178333],[-50.629079730999898,-24.307908112999897],[-50.629777788999895,-24.3069691319999],[-50.629681095,-24.306059468999898],[-50.629254172999893,-24.305147922999897],[-50.6290238059999,-24.304450705999898],[-50.629026385,-24.3037224229999],[-50.629294336,-24.302722186],[-50.630389046999902,-24.3016338209999],[-50.631383903,-24.300786496999898],[-50.632411579999896,-24.299969582],[-50.633142032,-24.299091980999901],[-50.634105594999895,-24.2980940949999],[-50.635133450999895,-24.297186145],[-50.636328563999896,-24.295884973999897],[-50.637057426999895,-24.2954315859999],[-50.638548542999899,-24.294738204999899],[-50.639542352,-24.294346952],[-50.640569592999903,-24.294166364],[-50.642787197,-24.293504761999898],[-50.643680570999898,-24.293476516999899],[-50.644940515999899,-24.29305454],[-50.646231707999902,-24.292481790999897],[-50.647889264,-24.291454314],[-50.6493476959999,-24.290335397],[-50.650309221,-24.28933656],[-50.650412347,-24.288154274999897],[-50.650480327999894,-24.287577883],[-50.6506485419999,-24.287032650999901],[-50.651244091,-24.28660962],[-50.651908981,-24.285732197],[-50.652837666,-24.284854078],[-50.653501964,-24.283793678999899],[-50.654234410999898,-24.282218804],[-50.654235161,-24.281551555],[-50.653973294,-24.280793080999899],[-50.653315545999902,-24.279365674],[-50.6533176619999,-24.278820428],[-50.653516940999893,-24.278213659],[-50.654048174,-24.277699801],[-50.654975467,-24.2771557639999],[-50.656333397999894,-24.276855929],[-50.657127669,-24.276856579],[-50.658317198999896,-24.277041867],[-50.65911089,-24.277316506],[-50.659804161999901,-24.277651015999897],[-50.660200236,-24.2779248699999],[-50.661026385999897,-24.278563984],[-50.661522326999901,-24.279050137999899],[-50.662347687999898,-24.279446192],[-50.663604037,-24.279450143],[-50.664993675999895,-24.279573909],[-50.665788514,-24.279454384],[-50.666549172,-24.279486499],[-50.667541178999898,-24.279610388],[-50.66912877,-24.279916570999902],[-50.670088147999898,-24.27991811],[-50.671247915,-24.279375686],[-50.672407848,-24.278437282],[-50.673271337,-24.277378164],[-50.674398465,-24.276712481999901],[-50.675358687,-24.275957562],[-50.67615518,-24.275170789],[-50.677281346,-24.274809128],[-50.678605261999898,-24.274568896999899],[-50.6807887209999,-24.274573017999899],[-50.681780534,-24.274787885],[-50.6829382129999,-24.274789754],[-50.684294237999893,-24.275096932999897],[-50.685484949999896,-24.275190187],[-50.688428905999892,-24.275469359999896],[-50.689288260999895,-24.275652702999896],[-50.6902470859999,-24.275927258],[-50.691371188999895,-24.276111692],[-50.692396976999895,-24.276113891],[-50.693156713999898,-24.276449054],[-50.694942485999896,-24.276998508],[-50.696364034999895,-24.277456555],[-50.697258716999897,-24.277397215999901],[-50.697821513999898,-24.276852679999898],[-50.698187084,-24.27591273],[-50.698024527,-24.275094414999899],[-50.697595842999903,-24.274153019],[-50.697399317,-24.273394412999899],[-50.697203144999897,-24.272453759],[-50.696543700999896,-24.271451575],[-50.69575294,-24.270327790999897],[-50.695555649,-24.269630176],[-50.695689364,-24.26902359],[-50.695855695,-24.268387326],[-50.695791514999897,-24.267901450999897],[-50.695428222,-24.267506040999898],[-50.695099043,-24.266808802],[-50.695167339,-24.266353516],[-50.695465585999898,-24.265868902999898],[-50.695865298999898,-24.26477827],[-50.696629013999896,-24.263718044],[-50.697191820999898,-24.263324638],[-50.697722437,-24.263235807999898],[-50.6990111799999,-24.2632982229999],[-50.699738409999895,-24.263420908999901],[-50.700664166,-24.263604030999897],[-50.701823314,-24.263485691],[-50.702749235999896,-24.2635786939999],[-50.704532495999899,-24.264553120999899],[-50.705589834,-24.265069912999902],[-50.7064817179999,-24.265769668999898],[-50.707043080999895,-24.266649669999897],[-50.707997774,-24.268410565999901],[-50.70819412,-24.269108158999899],[-50.708325459,-24.270079940999899],[-50.708488422999899,-24.270868200999899],[-50.7089495479999,-24.271718897],[-50.709313304,-24.272234458999897],[-50.709708996,-24.272387169999899],[-50.710602325,-24.272510742999902],[-50.712721604999892,-24.271482589],[-50.713286272999895,-24.270786040999898],[-50.714083364,-24.269088926999899],[-50.714650483,-24.267422074],[-50.715114931999899,-24.266847323],[-50.715776424999895,-24.26660606],[-50.71686865,-24.26606184],[-50.717731967999903,-24.265153745999896],[-50.718891957,-24.263882065999898],[-50.719456718999901,-24.262942494999898],[-50.719457511,-24.262336284],[-50.7190945689999,-24.261910876999899],[-50.718399737999896,-24.26169757],[-50.717308928,-24.26166562],[-50.714034399999896,-24.2616589269999],[-50.711552067999897,-24.262200646999901],[-50.709368159999897,-24.262317805999899],[-50.707647648,-24.262253432],[-50.706327809,-24.261250437999902],[-50.704452223,-24.26070283],[-50.703660241999899,-24.260216263],[-50.702294658,-24.259201833],[-50.700355595999895,-24.258268481],[-50.698944516,-24.258225663],[-50.698018018999896,-24.258102606999898],[-50.697401290999899,-24.2578182039999],[-50.696652182,-24.257573304999898],[-50.6949354079999,-24.256600498999898],[-50.694185277,-24.256436592999897],[-50.693348917,-24.255908557999899],[-50.692115713999904,-24.254936514999898],[-50.691588711999898,-24.254126079999899],[-50.691238254,-24.252952596999901],[-50.690755823,-24.251940593],[-50.690184855,-24.251131501],[-50.689923872999898,-24.2498361409999],[-50.689925449,-24.248865889999898],[-50.690282235,-24.247693855999898],[-50.690989133999892,-24.24664401],[-50.691476505999894,-24.245957641],[-50.692405693999902,-24.244787373999898],[-50.693244721,-24.244101239],[-50.685537363,-24.243795990999899],[-50.678125715999897,-24.243360019],[-50.671300813,-24.24647097],[-50.661536279,-24.255078637999897],[-50.657964998999901,-24.255517679],[-50.652614179999901,-24.253569374999898],[-50.649542625,-24.248799327],[-50.646812719,-24.238969878],[-50.647006223999895,-24.22825603],[-50.649319308,-24.214271798],[-50.645934972,-24.206524886],[-50.639779180999895,-24.203235415999899],[-50.634752034999899,-24.202031557999899],[-50.631343605,-24.202618526],[-50.623854967999897,-24.210635658999902],[-50.610698476,-24.2149167369999],[-50.60437511,-24.213112504],[-50.602758494999897,-24.211173061999897],[-50.602774656999898,-24.206410918],[-50.6057062739999,-24.202996835],[-50.612698587999894,-24.1984019],[-50.622797856,-24.1854817789999],[-50.632556290999901,-24.177322579999899],[-50.644414367,-24.171845591],[-50.648485218999902,-24.166796432999899],[-50.644125297999892,-24.160089105999898],[-50.638945173,-24.156801996999899],[-50.633263374999899,-24.158721869],[-50.624810802999896,-24.164205507],[-50.615554909999894,-24.167901082999901],[-50.601768190999898,-24.167417784999902],[-50.594952094999897,-24.168588961999898],[-50.582599054999896,-24.175845427999899],[-50.570908577999894,-24.1789351699999],[-50.559517151999898,-24.188425057999901],[-50.555788508,-24.187967354],[-50.551435586,-24.180661259],[-50.54966447,-24.177084808],[-50.548558983,-24.168896344],[-50.533307319999899,-24.1700372829999],[-50.528088236999899,-24.177461208999897],[-50.524669683999896,-24.180277099],[-50.522044996,-24.187708486999902],[-50.520084214999898,-24.1909762989999],[-50.515688505999897,-24.194831967],[-50.513231806999897,-24.200627584999896],[-50.507868474,-24.202692003],[-50.492120090999897,-24.205018314],[-50.489679834999897,-24.2066460849999],[-50.487702515999899,-24.213782452],[-50.485261114,-24.215559484],[-50.483317852,-24.214511064],[-50.479782272,-24.206610284999897],[-50.479961487,-24.202741955999901],[-50.483399968999898,-24.195611228],[-50.482440175,-24.192333959999896],[-50.480190012,-24.187266215],[-50.489292302,-24.183280609999901],[-50.495340847,-24.172437295999899],[-50.496987855,-24.171166232999898],[-50.496194041999892,-24.171155149999898],[-50.494087839,-24.172368070999898],[-50.493654378,-24.172284754],[-50.491330683999898,-24.170935477999901],[-50.491355394,-24.169462595],[-50.493312482,-24.1667748099999],[-50.4934855549999,-24.165669465999898],[-50.490499215999897,-24.1664680539999],[-50.486932095,-24.166157911],[-50.486298636,-24.162583663999897],[-50.489075456999899,-24.157980247],[-50.488115685,-24.154851777],[-50.485361160999901,-24.1545438529999],[-50.481133116,-24.156909141],[-50.472052978,-24.156430439],[-50.466832772,-24.163106797999898],[-50.461317468999901,-24.1630864269999],[-50.459060059999899,-24.160398358999895],[-50.458457488,-24.149980452],[-50.45700635,-24.148188203999897],[-50.452954382999899,-24.147577162999898],[-50.449705009999896,-24.149052750999896],[-50.447583775999895,-24.151723572],[-50.4444383579999,-24.165401994],[-50.439860150999898,-24.173272283999896],[-50.439507276,-24.179372954],[-50.441416061,-24.187564429999899],[-50.448515566,-24.196075130999901],[-50.449636075999898,-24.199354459999899],[-50.446838617,-24.207824826],[-50.440652042999901,-24.212117137999901],[-50.437063461,-24.216121707999896],[-50.435583519,-24.220133136],[-50.432002495999896,-24.222501474999898],[-50.425028234,-24.221580299],[-50.418229342999894,-24.218278411],[-50.412734401999899,-24.213641428],[-50.408871937,-24.207078242],[-50.406019349999902,-24.205418748999897],[-50.402281305999892,-24.206420541999897],[-50.400053294,-24.207984617999898],[-50.399935078999903,-24.211593443],[-50.398411943,-24.213530933],[-50.3949852229999,-24.212775393],[-50.393178191999901,-24.210732412],[-50.392965122999897,-24.208201684999899],[-50.378725032,-24.200848144],[-50.37926866,-24.1898380109999],[-50.377816748,-24.188194333999899],[-50.3744045769999,-24.189369814],[-50.364460359999903,-24.198255060999898],[-50.359064663999895,-24.206118885],[-50.357421828,-24.209682787999899],[-50.357565291999904,-24.213255666999899],[-50.361882968,-24.225329573999897],[-50.376137376,-24.230452178999901],[-50.376189857,-24.232860147999897]],[[-50.524449320999899,-24.246103020999897],[-50.525324392999899,-24.2452384589999],[-50.525714035,-24.243928659999899],[-50.525981574999896,-24.242618365999899],[-50.5272321429999,-24.24121023],[-50.5296014299999,-24.239049579],[-50.530375275,-24.236760364],[-50.530413712,-24.234459941999898],[-50.529956990999899,-24.232373159],[-50.530841731999892,-24.23085071],[-50.532835888,-24.229124468999899],[-50.534190936999899,-24.228813375999898],[-50.535166626,-24.229264231999899],[-50.53498769,-24.232657886],[-50.535330614,-24.234196348999898],[-50.533934703999897,-24.236917068],[-50.532407449999901,-24.240183303],[-50.532612728999901,-24.242595811999898],[-50.532701281999898,-24.24467751],[-50.533159487,-24.246656089999899],[-50.536088682999896,-24.247790322999897],[-50.536727308,-24.246264926],[-50.53788489,-24.243102640999901],[-50.538818649999897,-24.238623532],[-50.543193558,-24.233861035],[-50.544794255999896,-24.233662846],[-50.5457568859999,-24.234880779],[-50.546227300999895,-24.236091233],[-50.542473995,-24.2403148719999],[-50.541219638,-24.241941464],[-50.540910919999895,-24.245771593],[-50.540838041,-24.246920324],[-50.539767829,-24.248212301],[-50.538794295999892,-24.249285126],[-50.537129448,-24.250039601],[-50.535383802999895,-24.250404477],[-50.535465577999894,-24.250793169],[-50.536235709,-24.251502005],[-50.5374363809999,-24.252525277],[-50.538473447999898,-24.252848528999902],[-50.539530832,-24.252009669999897],[-50.540229285999899,-24.2518638939999],[-50.540661867,-24.252024524],[-50.540830618,-24.252337761],[-50.541085347,-24.252650167999899],[-50.543322022,-24.254153206999899],[-50.545062639,-24.254021236],[-50.547614074999899,-24.252192839],[-50.548680574999899,-24.250810660999896],[-50.549138620999898,-24.249343218],[-50.550548740999901,-24.248198918999897],[-50.551169437999896,-24.247431472999899],[-50.551527256,-24.246893108999899],[-50.554698234999897,-24.244374616],[-50.556519609999896,-24.244631249999898],[-50.556863264,-24.2448681989999],[-50.557539388999899,-24.24604099],[-50.556871693999902,-24.2482232569999],[-50.556122602999892,-24.249319646999901],[-50.555446267,-24.250823735],[-50.554946344999898,-24.252135981],[-50.555503775,-24.252607493],[-50.556237087999897,-24.252928109],[-50.557229160999903,-24.253405515999898],[-50.55800541,-24.253803988],[-50.558428878,-24.2545078899999],[-50.5584258579999,-24.254662591999899],[-50.557618087,-24.256280809],[-50.555143513999901,-24.258652699],[-50.553388652,-24.259638368],[-50.5509281759999,-24.261234889],[-50.550723821999895,-24.263093994],[-50.550708582999903,-24.264024095],[-50.554688155999898,-24.265239465],[-50.55562816,-24.266259728],[-50.556307413999896,-24.267199627],[-50.557782188,-24.267452297],[-50.558134025999898,-24.267145931],[-50.558318043,-24.266527240999899],[-50.5579865079999,-24.265592246],[-50.557137483999895,-24.264340013],[-50.556741406999897,-24.2619315049999],[-50.558076801,-24.260086283],[-50.559220061,-24.259325685999901],[-50.560171259999898,-24.259571427],[-50.560773679,-24.259966999],[-50.5610283709999,-24.260358588],[-50.561793542,-24.261376808999898],[-50.562922622,-24.261468926999896],[-50.563458391,-24.260622164],[-50.563387672,-24.259613722],[-50.563572693,-24.258917688999901],[-50.563674829,-24.257987691],[-50.563426168,-24.257286698],[-50.563268531999903,-24.256276363],[-50.563283725999895,-24.255346291],[-50.564167179,-24.254505346],[-50.564699902,-24.253814215],[-50.564714083999895,-24.252960597],[-50.564463427999897,-24.252336965],[-50.563177730999897,-24.251234551],[-50.562851322,-24.249911016999896],[-50.562884740999898,-24.247895309999901],[-50.562993972999898,-24.246501235],[-50.563003089999896,-24.245957957],[-50.562929317999895,-24.245181633],[-50.562942515,-24.244328942],[-50.563299328,-24.243790557999901],[-50.563649073999898,-24.243639830999896],[-50.564690131999896,-24.243808294999898],[-50.565378472,-24.244204818],[-50.565972729999892,-24.245143643999899],[-50.566823782999897,-24.246240139999902],[-50.567335209,-24.246867648],[-50.568451089999897,-24.247735075],[-50.569833829999894,-24.248218715999897],[-50.570182547999899,-24.248146243999898],[-50.571080126,-24.246450794999898],[-50.572295044,-24.246622131],[-50.5735888359999,-24.24725856],[-50.57410028,-24.247886057999899],[-50.574343892999899,-24.2488982459999],[-50.573804127999892,-24.250053502],[-50.572147445,-24.250343151],[-50.570300738,-24.251636397],[-50.570292653999893,-24.252102331999897],[-50.57046144,-24.252415551999899],[-50.571142718,-24.253277112],[-50.571750239,-24.25328496],[-50.573847598,-24.2526917769999],[-50.575499228999902,-24.252713350999901],[-50.577078069,-24.251880308999901],[-50.578560896999896,-24.251588651],[-50.579616153999893,-24.250826999],[-50.580511664999896,-24.24921067],[-50.582194563,-24.247292935],[-50.582458351999897,-24.247141204999899],[-50.583496431999897,-24.247464306],[-50.583747114999895,-24.2480888209999],[-50.583565209999897,-24.24855186],[-50.5823270389999,-24.249854827],[-50.582313942,-24.25063017],[-50.582474665999897,-24.251484863],[-50.582721331999899,-24.252341445],[-50.58349157,-24.253126622],[-50.583741295,-24.253750228999902],[-50.583644276,-24.2543698919999],[-50.581718708,-24.2551981189999],[-50.581704594,-24.256050835999897],[-50.582294954999895,-24.257144364999899],[-50.583493792999896,-24.258323102],[-50.583130943,-24.25924923],[-50.5820857799999,-24.259313794],[-50.581490417999895,-24.258452307],[-50.580808078999901,-24.257668110999898],[-50.579257481999896,-24.256793924999897],[-50.577599747,-24.257160967999898],[-50.5753294619999,-24.257753125],[-50.572971240999898,-24.2584198119999],[-50.570960724,-24.259091363],[-50.569555673,-24.259927293],[-50.567969671,-24.261224463999898],[-50.566563578999897,-24.262137744],[-50.5642012489999,-24.263037351],[-50.563037721999898,-24.2650384209999],[-50.561454673999897,-24.2661808729999],[-50.560384129999896,-24.2677961589999],[-50.559313526,-24.2694888239999],[-50.557569793,-24.269775595999899],[-50.555656273999901,-24.269750918999897],[-50.554249023999901,-24.270818908],[-50.552510345999899,-24.270796216999898],[-50.550771714999897,-24.270696142999899],[-50.549294820999897,-24.270676443],[-50.546507851999898,-24.270950249999899],[-50.543860142,-24.273320193],[-50.542891626,-24.274082785999902],[-50.540194631,-24.274125452],[-50.539407125999894,-24.274424965],[-50.538346557999894,-24.275496894],[-50.537802493999898,-24.276886104],[-50.537089711,-24.2778846739999],[-50.536382988999897,-24.278573814],[-50.534560356,-24.2783952999999],[-50.533955940999896,-24.278076089],[-50.533028193999897,-24.276357655],[-50.532017599999897,-24.27440524],[-50.531686201999904,-24.273392814],[-50.530408736,-24.271747736999899],[-50.529120062999901,-24.270798894999899],[-50.528358018999896,-24.269626753999898],[-50.52769224,-24.267755732999898],[-50.527544892,-24.266202941],[-50.527553106999896,-24.265659610999901],[-50.529238495999898,-24.263665613999901],[-50.532798429,-24.258671282999899],[-50.533512216,-24.257594527],[-50.533525458,-24.256819166],[-50.533112263,-24.255494568],[-50.532333964999893,-24.2552525629999],[-50.531725463,-24.255244623999896],[-50.529606534,-24.257155279],[-50.527560148999903,-24.259997944],[-50.526033285,-24.262925831],[-50.523124680999892,-24.265291589],[-50.521989405999896,-24.265663479],[-50.521377825999899,-24.265811137999901],[-50.520597124999895,-24.264064412],[-50.521106097,-24.262601165],[-50.523101028,-24.260766464],[-50.525485139999894,-24.257729297],[-50.526147227,-24.254889771999899],[-50.525314497999894,-24.253235371999899],[-50.524491026999897,-24.251034051],[-50.523160224,-24.249810801],[-50.522194719999902,-24.248812049],[-50.521842577999898,-24.247822224999901],[-50.524449320999899,-24.246103020999897]],[[-50.499956585999897,-24.247764484],[-50.500403588,-24.246994209],[-50.500411786,-24.246529194999898],[-50.500181853,-24.244665176999899],[-50.50022195,-24.242260943],[-50.500171016,-24.2400886739999],[-50.500190538999895,-24.238925707],[-50.501508836,-24.238011792999899],[-50.502191837999895,-24.238797942],[-50.502247941999897,-24.24065898],[-50.502311251,-24.242055926],[-50.502557645,-24.242912544],[-50.502807104999896,-24.243613559],[-50.502966586999904,-24.244468258],[-50.50407813,-24.245569787999901],[-50.50415069,-24.246423481999901],[-50.504139375,-24.2471214669999],[-50.503059248999904,-24.24935708],[-50.49909925,-24.252174443999902],[-50.495919382999901,-24.25523391],[-50.496175013999903,-24.255548189],[-50.496417304,-24.256636917],[-50.497450155,-24.2572715649999],[-50.498058659,-24.257279572999902],[-50.499019056999899,-24.2569812959999],[-50.500683974,-24.256306202],[-50.5012894219999,-24.256468905999899],[-50.501454049999893,-24.257013320999899],[-50.501429377,-24.25848761],[-50.499928999999895,-24.259785414],[-50.498437760999899,-24.260620011],[-50.4981625899999,-24.261468791],[-50.498243337,-24.261857496999898],[-50.499527761,-24.263038503],[-50.500827638,-24.263287590999898],[-50.502155215999892,-24.2619094689999],[-50.503539982999897,-24.262238725],[-50.504054364999895,-24.26270985],[-50.504291543999898,-24.264109849],[-50.503391407,-24.265959024],[-50.503630598999898,-24.267281690999901],[-50.505786496,-24.268318097],[-50.506742765999896,-24.2683301349999],[-50.506831712999897,-24.268253796999897],[-50.507621320999903,-24.267798746],[-50.508071373999904,-24.266874598999898],[-50.508359909,-24.265172127],[-50.508732192,-24.263781034],[-50.509539253,-24.262240262],[-50.510329815,-24.261785226],[-50.510430059,-24.261010863],[-50.509226406,-24.260142153999897],[-50.508803002,-24.259515537],[-50.508815340999895,-24.258740158],[-50.509607966,-24.258130415],[-50.509957762999903,-24.257979742],[-50.5099710759999,-24.25720438],[-50.508954558999896,-24.255639715],[-50.508705084,-24.254937762999898],[-50.508293029,-24.253537604],[-50.508055839999898,-24.252137665999896],[-50.509288222999899,-24.251222670999898],[-50.510323096,-24.251779918999897],[-50.510664704999897,-24.252094269999901],[-50.510904969,-24.253338594999899],[-50.511922464999898,-24.254903251],[-50.512692555999898,-24.255611248],[-50.512942054999897,-24.256312288999897],[-50.5128253869999,-24.258095893999897],[-50.512810013,-24.259025976],[-50.512970572999897,-24.259803362999897],[-50.513651620999894,-24.260742448],[-50.51423865,-24.261991747],[-50.515619295999898,-24.262630382999898],[-50.517276094999893,-24.262342852],[-50.517869256,-24.263280918],[-50.516202201999903,-24.264189126],[-50.514092283,-24.265558238],[-50.512507005,-24.266777783999899],[-50.510741677999896,-24.268383007999901],[-50.509574656,-24.270539533],[-50.509737226,-24.271239605999899],[-50.510426519,-24.271637218],[-50.512686802,-24.271667120999897],[-50.514166755999895,-24.2715313809999],[-50.515124003,-24.271544314],[-50.51572437,-24.272017345999899],[-50.516144709999899,-24.272876068999899],[-50.51683403,-24.273272758999898],[-50.517707528,-24.272973394999902],[-50.519131198999894,-24.271053735999899],[-50.5195055,-24.269507874999896],[-50.52022247,-24.268199024999898],[-50.521788302999902,-24.268141617],[-50.522564609999897,-24.268461921],[-50.522562545999904,-24.268616644],[-50.523673242,-24.269795563999899],[-50.524623371999901,-24.270195251],[-50.525475351999901,-24.271215518999899],[-50.525551027999903,-24.271914578999898],[-50.525525471,-24.273465406],[-50.525148094,-24.275244294999897],[-50.524514958999895,-24.276787199999898],[-50.524759451,-24.277721266999901],[-50.524396376999896,-24.2786464829999],[-50.523936119,-24.280192317999898],[-50.524522165999898,-24.281595522],[-50.525278046,-24.283158183],[-50.526229257999901,-24.283480519999898],[-50.526924763999901,-24.2834894769999],[-50.528063119,-24.283038379999898],[-50.5292086279999,-24.2821230989999],[-50.531148843,-24.280442326],[-50.53236901,-24.280302579],[-50.532890631,-24.280309513999899],[-50.533662858999897,-24.280940171999898],[-50.534341030999897,-24.281958449999898],[-50.534493466999898,-24.28327926],[-50.533874247999897,-24.283851988],[-50.5332175939999,-24.284153914999902],[-50.532259790999895,-24.284179266999899],[-50.531391379999903,-24.284168325999897],[-50.530729158,-24.2847414609999],[-50.529894562,-24.285272549999899],[-50.528891167,-24.285493084999899],[-50.527099252999896,-24.286012188],[-50.52708955,-24.286593776999901],[-50.526771449999899,-24.2874430799999],[-50.525497526,-24.288241270999901],[-50.524493618999898,-24.288499111999897],[-50.523535265999897,-24.288564483999899],[-50.522053222999901,-24.288776726],[-50.520516909,-24.289687473999898],[-50.519503270999898,-24.290526896],[-50.518890599,-24.290751932],[-50.517633562999897,-24.290502486],[-50.517463769,-24.290267467],[-50.517429999999898,-24.289723599999899],[-50.518105599,-24.288298557999898],[-50.519169868999896,-24.287032786999902],[-50.519758534999895,-24.285604928999899],[-50.519294204999895,-24.284745658],[-50.518519409999897,-24.284308822],[-50.517302274,-24.2842928849999],[-50.515210634999896,-24.284575394999901],[-50.512265397999897,-24.286513879],[-50.511325875999901,-24.288092408999898],[-50.511137123,-24.288982347999898],[-50.510858856999896,-24.290063333],[-50.508261271,-24.292007681],[-50.506971871999902,-24.293736012999901],[-50.506147854999895,-24.296168926999897],[-50.505776489,-24.297560200999897],[-50.504979120999899,-24.298441264999902],[-50.504542321999899,-24.298590943999898],[-50.503547134,-24.298267096999901],[-50.502960588999898,-24.2969793719999],[-50.502930487999897,-24.296164242],[-50.503120824999897,-24.295158684999898],[-50.502264738999898,-24.2943721739999],[-50.500922847,-24.293965993],[-50.500401650999898,-24.293998153],[-50.498901577999895,-24.2952579019999],[-50.497547235999896,-24.29570548],[-50.496516301,-24.294916912],[-50.496149273999897,-24.293437846],[-50.496296137999899,-24.292470029999897],[-50.497747638999897,-24.291480115],[-50.498712708,-24.290988859],[-50.5004029259999,-24.29128349],[-50.501236049999896,-24.290868067],[-50.501461112999898,-24.290405502999899],[-50.50096877,-24.288652815],[-50.500976957,-24.288188637],[-50.502217803999898,-24.286730170999899],[-50.502789563,-24.286350850999899],[-50.504377030999898,-24.285053],[-50.505082817999892,-24.284441285],[-50.506507695,-24.282443325],[-50.506601831999895,-24.281980157999897],[-50.506521077999899,-24.281590513],[-50.506451553,-24.280581987999899],[-50.506461825,-24.279961274999899],[-50.5079643709999,-24.278507696999899],[-50.508412439,-24.277659954999901],[-50.508770446,-24.2770442039999],[-50.508779677999897,-24.276500863],[-50.508522951,-24.276265752],[-50.508446282,-24.2756440389999],[-50.5088104559999,-24.274640577999897],[-50.508824821999895,-24.273786894999898],[-50.50840042,-24.273160232999896],[-50.507634375999899,-24.272220102999896],[-50.507207965999903,-24.271670792999899],[-50.506514505,-24.271584441],[-50.504775825999893,-24.271561473999899],[-50.50407625,-24.271785451],[-50.502333478999901,-24.271994543999899],[-50.501470250999901,-24.2716731689999],[-50.501131755,-24.2711257879999],[-50.500535582999902,-24.270342372999899],[-50.500115311999899,-24.269482727],[-50.500043796999897,-24.268551595],[-50.500224874999894,-24.268089468],[-50.5001471899999,-24.267545132999899],[-50.499458961999899,-24.267070142999902],[-50.497466673999895,-24.266656404999896],[-50.49678047,-24.266104062],[-50.496359165999898,-24.265322693],[-50.495516628999894,-24.263682591],[-50.495091223999893,-24.263134205],[-50.494576868999893,-24.262662152],[-50.494502255,-24.26196312],[-50.494513597,-24.261265093999899],[-50.494181319999896,-24.260330036],[-50.493933884999898,-24.259551621],[-50.493860325999897,-24.258774330999898],[-50.493893302999901,-24.25675855],[-50.493737966,-24.255669924999896],[-50.493749308999902,-24.254971915999899],[-50.494914363,-24.252893836999899],[-50.495887049,-24.251898493999899],[-50.495925095,-24.249649814999898],[-50.495181842999898,-24.247313758],[-50.495194158999901,-24.246615783],[-50.495119611999897,-24.245839427999901],[-50.496693519999901,-24.245317145999898],[-50.497382811999891,-24.245635562999901],[-50.497806103999899,-24.246339527],[-50.498136346,-24.247352783999901],[-50.499343031999899,-24.247988521],[-50.499956585999897,-24.247764484]],[[-50.4234155669999,-24.26999066],[-50.425015834999897,-24.267995281],[-50.426596296999897,-24.267086531999897],[-50.4273640709999,-24.267949502],[-50.427959041999891,-24.268733043999898],[-50.427939181999896,-24.269897049999901],[-50.427744415999896,-24.271134533999899],[-50.428080624999893,-24.271837631],[-50.429287335999895,-24.272396337],[-50.431374721999902,-24.272424795999896],[-50.4331321539999,-24.271363350999899],[-50.434519989999892,-24.2715373149999],[-50.43702232,-24.272656632999897],[-50.439435621999898,-24.273929628999898],[-50.441502245,-24.275122036],[-50.441922344,-24.275980874],[-50.440428819,-24.276890765999898],[-50.434941451,-24.27743738],[-50.433724351,-24.277421106],[-50.432347015999902,-24.276549057999901],[-50.4307181779999,-24.275208855],[-50.42975978,-24.275350389],[-50.430158944,-24.277449735999898],[-50.432042296999896,-24.279182591999898],[-50.433071985,-24.279972233],[-50.432693968999899,-24.28175105],[-50.431798476,-24.283290688],[-50.429408297999892,-24.285817564999899],[-50.429030331,-24.2875190399999],[-50.426657893999902,-24.288961016],[-50.425618794999899,-24.288713777999899],[-50.424587055999893,-24.288001439],[-50.424184725,-24.286135005999899],[-50.424206726,-24.284816195999898],[-50.425369283999899,-24.282970242],[-50.426785359999897,-24.28151602],[-50.428031714,-24.27982674],[-50.428047405,-24.278895679],[-50.42754776,-24.277570699],[-50.424948032,-24.277070036999898],[-50.422839676,-24.278282029],[-50.421354411,-24.278726764999899],[-50.421085245999897,-24.279189636],[-50.421060139999895,-24.280662223],[-50.418651042999898,-24.284275695],[-50.413096439999897,-24.288699165],[-50.410481951999898,-24.289051173],[-50.407846439999901,-24.290644624],[-50.407180168,-24.293971290999899],[-50.404789653999899,-24.296498077],[-50.403048773,-24.296551876],[-50.402447576,-24.296078563],[-50.401874644,-24.294053412],[-50.402181729999896,-24.291342401999898],[-50.402208022999893,-24.289791477999898],[-50.4035719929999,-24.286319386999899],[-50.404379643,-24.284857051],[-50.404435312,-24.281600571999899],[-50.404814511,-24.279820893],[-50.405024097999899,-24.277729689999898],[-50.405746923,-24.276110720999899],[-50.406977635,-24.275351697999902],[-50.408546643999898,-24.275140166],[-50.41022358,-24.273689185999899],[-50.411539160999901,-24.27300854],[-50.412672409,-24.272869154],[-50.414332492999897,-24.272427469],[-50.415565388999902,-24.271435416],[-50.416545731,-24.270052568],[-50.418913801999899,-24.268920219999899],[-50.420041875,-24.269013776999898],[-50.420644103999898,-24.2694096449999],[-50.421419214,-24.269808483999899],[-50.422541983,-24.270288836999896],[-50.4234155669999,-24.26999066]],[[-50.479638585,-24.308459959999897],[-50.478446133,-24.306970202999899],[-50.477428635,-24.3054051189999],[-50.477273312999898,-24.304318101],[-50.478157224,-24.303476341],[-50.480004766,-24.302182491999897],[-50.480964303999897,-24.301961590999898],[-50.4828955569999,-24.300979154999897],[-50.485719102,-24.29845678],[-50.486967174,-24.296689786999902],[-50.487744499,-24.297010228],[-50.488513607,-24.297795772],[-50.488413283999897,-24.298570238],[-50.486113511,-24.300944913999899],[-50.485395302999898,-24.302253837],[-50.484494899999895,-24.304103226999899],[-50.484572563,-24.3046476429999],[-50.485585983,-24.306445713],[-50.487288861,-24.3085623109999],[-50.488151074999898,-24.3090394389999],[-50.489108457,-24.309052456999897],[-50.490236740999897,-24.3091448549999],[-50.491537879999903,-24.3093166529999],[-50.491972609999898,-24.309322644],[-50.492505561,-24.30870979],[-50.494331433999896,-24.3087338469999],[-50.495114996,-24.30866652],[-50.495830116,-24.307512275],[-50.496189234,-24.306819095],[-50.496398109,-24.304727609999901],[-50.497218659999895,-24.302488512],[-50.497672918,-24.301331246999897],[-50.498627278999898,-24.301421583],[-50.500347669999897,-24.302530465],[-50.501355019,-24.304715314],[-50.501048948999895,-24.307426565],[-50.499808069,-24.308806848],[-50.499013189,-24.309571430999899],[-50.498986429999896,-24.311199856],[-50.498453479,-24.311813637999897],[-50.497745522999892,-24.312580151],[-50.4975418,-24.314361302999899],[-50.497526354999899,-24.315292495999898],[-50.497151796,-24.316915988999899],[-50.497478016999899,-24.318162549],[-50.498590852999897,-24.319262602],[-50.499978987999896,-24.3194362949999],[-50.500754319999899,-24.319911483999899],[-50.500750213999893,-24.320144511],[-50.500649906,-24.320919957999902],[-50.500635524,-24.321772887999899],[-50.501397534,-24.323022724999898],[-50.501901721,-24.324116604],[-50.502064303999894,-24.324816826],[-50.503425750999902,-24.3266181189999],[-50.503578117999901,-24.3278617839999],[-50.504512018999897,-24.3291937659999],[-50.504499676999899,-24.329968445],[-50.505526659999894,-24.330991040999898],[-50.506726527999902,-24.332093041999901],[-50.506956644999896,-24.333880292999901],[-50.5064204809999,-24.334804586],[-50.504423646999896,-24.334544614],[-50.502619186999894,-24.3332024639999],[-50.501316956,-24.333029775999901],[-50.500277538,-24.332861055999899],[-50.499514550999898,-24.331609337],[-50.499522752999901,-24.331144170999899],[-50.499717234999899,-24.329905443],[-50.498958291999898,-24.328499000999898],[-50.498703614,-24.328108167],[-50.4982750409999,-24.327714393999901],[-50.498197342,-24.327169931999897],[-50.498204567999899,-24.326704763999899],[-50.4990076549999,-24.325551455],[-50.499454782,-24.324781858999899],[-50.498805401,-24.322058376],[-50.496492786,-24.319855410999899],[-50.494842756,-24.319756031999898],[-50.494132748999903,-24.320599925999897],[-50.493676424999897,-24.321834636999899],[-50.491107419999899,-24.324671672],[-50.489263888,-24.325732668999898],[-50.489239164,-24.327205525999901],[-50.490158558999902,-24.329391415],[-50.492058099,-24.330269472999898],[-50.492393580999902,-24.3309726479999],[-50.492382242999902,-24.331669952],[-50.492106964999898,-24.332519868999899],[-50.489739635,-24.333651263],[-50.488475927,-24.336349788999897],[-50.487428268,-24.336647107],[-50.486734719,-24.336482384999901],[-50.486317450999898,-24.335467747999896],[-50.485999528,-24.333680351999899],[-50.485388825,-24.333749684999898],[-50.4844106299999,-24.33505573],[-50.483945936999902,-24.336833063],[-50.481564074999902,-24.338818306999901],[-50.480958447,-24.338655510999899],[-50.480882870999899,-24.337956258],[-50.481160292999895,-24.336950661999897],[-50.481968708999894,-24.335410447999898],[-50.4819841979999,-24.334480094],[-50.480863009,-24.333998956],[-50.479460424999893,-24.3346007449999],[-50.476152016999897,-24.334789557],[-50.474759698999897,-24.334847873999898],[-50.473978147,-24.334760392],[-50.4721386639999,-24.335511803],[-50.471361171999895,-24.335268665999898],[-50.470936830999896,-24.334564409999899],[-50.471213145,-24.333715427999898],[-50.473148952999892,-24.332344201999899],[-50.473771043999896,-24.331577588],[-50.473694441999896,-24.3309557329999],[-50.473090942999896,-24.3306372559999],[-50.471264917,-24.330613069],[-50.470221478,-24.330598981],[-50.468658428999895,-24.3304221759999],[-50.467707117,-24.330099597999901],[-50.467280612,-24.329628409999899],[-50.467202964999899,-24.329084846999898],[-50.46695247,-24.32846095],[-50.466273462999901,-24.327442326],[-50.465327352,-24.326809332],[-50.464211475999896,-24.325941256],[-50.464493074999901,-24.3247036],[-50.466492881999898,-24.324808173999898],[-50.467442134999899,-24.325209027],[-50.469743223,-24.328032164],[-50.470778388,-24.328512321999899],[-50.4712255439999,-24.327819238999897],[-50.471070319,-24.326653823],[-50.470569327999897,-24.325405137999901],[-50.467666806999901,-24.322186192999897],[-50.4673356099999,-24.321172599],[-50.4674308089999,-24.320709386],[-50.468304438999894,-24.320488408999896],[-50.469686344,-24.321049113],[-50.471310404999898,-24.322778048],[-50.472240004999897,-24.324342224999899],[-50.472913859999899,-24.325670322999898],[-50.475403456,-24.3275651239999],[-50.4767201169999,-24.326884063],[-50.476989277,-24.326345489999898],[-50.478319348999896,-24.324887949],[-50.478776865,-24.323498480999898],[-50.479402009999902,-24.322575319999899],[-50.477709514999894,-24.319760367999898],[-50.477805750999899,-24.319218867999901],[-50.478250839999895,-24.3186040749999],[-50.479812861,-24.3187799],[-50.481226739,-24.317479971],[-50.482293924,-24.316020293999898],[-50.483968612999895,-24.314724332],[-50.484591687,-24.313879464],[-50.485247817999898,-24.311017485],[-50.485260163999897,-24.3103193389999],[-50.484506506999899,-24.308603488],[-50.482591665999898,-24.308655714999897],[-50.4811022069999,-24.309333815999899],[-50.480410767999899,-24.309090824999899],[-50.479638585,-24.308459959999897]],[[-50.411663334,-24.301246918999897],[-50.410898646999897,-24.30022725],[-50.410744682999898,-24.299061939],[-50.411552333,-24.297599512],[-50.412345302999896,-24.296989933],[-50.412958094,-24.296764199999899],[-50.4145890039999,-24.298028163],[-50.414398397999896,-24.298957205],[-50.413590671999899,-24.300497028999899],[-50.412069683,-24.30295876],[-50.409311515999896,-24.30656648],[-50.409120796,-24.307572931],[-50.409377450999898,-24.307809066999898],[-50.410332782999895,-24.307899697],[-50.41233884,-24.307539482],[-50.413100373999903,-24.308790384],[-50.412654083999897,-24.3094824309999],[-50.411173860999895,-24.309617691],[-50.410460278,-24.310632471999899],[-50.410186912,-24.3113256769999],[-50.409121473999896,-24.312630322999897],[-50.407548049999896,-24.313074909],[-50.405694812,-24.314678762],[-50.405765012999893,-24.315610981],[-50.406194506999903,-24.315926582],[-50.407060783999896,-24.316170934],[-50.409046975,-24.316974034999898],[-50.409542502,-24.318454886],[-50.409618959999897,-24.319075816999899],[-50.410637158,-24.320564748],[-50.411738069999899,-24.32236332],[-50.411887866,-24.323761765],[-50.410904188999893,-24.325299628],[-50.409072952999892,-24.325585470999901],[-50.408916850999901,-24.324574799999898],[-50.408947282,-24.322791557],[-50.407839011999897,-24.321457219],[-50.4070585119999,-24.32136867],[-50.405051363,-24.321728857],[-50.401636143999895,-24.323079132],[-50.400052128,-24.3241436],[-50.398118148,-24.325358647],[-50.394866223999898,-24.327330860999901],[-50.3939977799999,-24.32724122],[-50.391667932999901,-24.326201683999898],[-50.389224886,-24.326633925999896],[-50.387460538999896,-24.32808404],[-50.384908335,-24.329832412],[-50.384214856999897,-24.329668366999897],[-50.3837110549999,-24.328651657],[-50.385047002,-24.326809449999896],[-50.387601344999894,-24.324904521999901],[-50.387976502999898,-24.323358503999899],[-50.387727287999901,-24.3226562679999],[-50.386868240999902,-24.322101473],[-50.386431442999893,-24.3221726949999],[-50.385208856999895,-24.322466624999898],[-50.383991549,-24.322450144999898],[-50.382541863,-24.320801134],[-50.381847444999899,-24.320636167],[-50.380548385999894,-24.3203856119999],[-50.380035200999899,-24.319835881999897],[-50.379609958999893,-24.319286302],[-50.379353307,-24.319051041999899],[-50.377807225,-24.317943494],[-50.377124378,-24.317157732999899],[-50.377155026,-24.315374543999898],[-50.379005108999898,-24.314081281],[-50.38082151,-24.314649443999901],[-50.382722817999898,-24.315296007],[-50.383660182999897,-24.316471754999899],[-50.384686737,-24.317417324999898],[-50.386082116999894,-24.3172037809999],[-50.386791391,-24.31643753],[-50.387926985,-24.3161434639999],[-50.390270398,-24.316407453],[-50.391234256999894,-24.315954713999897],[-50.391785327,-24.314333474],[-50.392441394999899,-24.311549976],[-50.392450870999895,-24.311006568],[-50.391414916999899,-24.31052798],[-50.389241260999896,-24.310498204999899],[-50.3881915689999,-24.310870688],[-50.387153478999899,-24.310546832999897],[-50.386551206,-24.310150835999899],[-50.385350778999893,-24.3092032059999],[-50.384158863,-24.30771307],[-50.3841789089999,-24.306549806],[-50.385168050999901,-24.3046243759999],[-50.386670341999896,-24.3032486389999],[-50.388865167999896,-24.302098815],[-50.389467521,-24.302417413999898],[-50.389463314999901,-24.302650424],[-50.389188722,-24.303499252999899],[-50.389941805,-24.305139746999899],[-50.390201479,-24.3052976379999],[-50.391167438,-24.304690176999898],[-50.393704528999898,-24.303872168999899],[-50.394988686,-24.305053814],[-50.395674789999902,-24.305605563],[-50.397239805,-24.3056261679999],[-50.398086135999897,-24.3069573239999],[-50.399211158999904,-24.307283088],[-50.400438909999899,-24.306679642999899],[-50.401414216,-24.305606129999898],[-50.401871053,-24.304293344],[-50.402074355,-24.302589695999899],[-50.404104439,-24.300910676999898],[-50.405491423999898,-24.301085692],[-50.406803956,-24.300637106999897],[-50.408287226,-24.300348055],[-50.409672003,-24.300754261999899],[-50.410611555999893,-24.3017760289999],[-50.4110442409999,-24.301858584999898],[-50.411663334,-24.301246918999897]],[[-50.545768981,-24.289476555],[-50.5468387169999,-24.287862085],[-50.5475626899999,-24.286165357],[-50.5478448759999,-24.284850447999897],[-50.549089437,-24.283238008999898],[-50.551176981,-24.283187349999899],[-50.553501996999898,-24.284535836],[-50.554616959,-24.285481717],[-50.554595617999901,-24.286800539999899],[-50.553269225999898,-24.288100748],[-50.552041903999893,-24.288705686],[-50.549333526999895,-24.289523007],[-50.547656227999894,-24.29105313],[-50.547639939,-24.29206161],[-50.548148382999898,-24.292843986],[-50.550304667,-24.293880175],[-50.550978855,-24.295207031999897],[-50.552446699999898,-24.295847487999897],[-50.554815482,-24.294559207],[-50.556226844,-24.293337312999899],[-50.558945342999891,-24.291976554],[-50.560096889,-24.290672476999898],[-50.5608914869999,-24.289985166999898],[-50.563523028999896,-24.288546009],[-50.564747306999898,-24.288095749],[-50.567086547,-24.288669618],[-50.567491901,-24.29045852],[-50.567466579,-24.292010373],[-50.567687937999899,-24.294417149],[-50.568795892999894,-24.295828126999901],[-50.571024060999896,-24.297795396],[-50.571615435999895,-24.298890044],[-50.571585091,-24.300751417999898],[-50.571895476999899,-24.303004522],[-50.571883322999902,-24.3037800349999],[-50.5714283739999,-24.305014796],[-50.570723716,-24.305548433999899],[-50.568982798,-24.305604106],[-50.567154888999895,-24.305736158999899],[-50.565846666,-24.305951529],[-50.564275570999897,-24.306317743],[-50.563385840999899,-24.307547527999901],[-50.5625850919999,-24.308623565999898],[-50.562557710999897,-24.310329364],[-50.562011705,-24.311796166],[-50.560238273,-24.3138680059999],[-50.559437503,-24.314943151],[-50.559159385,-24.316026110999896],[-50.5573202799999,-24.316777988999899],[-50.556362818999901,-24.316842574],[-50.554685396,-24.318371989],[-50.554134249999898,-24.320149229],[-50.554104811999892,-24.3219324669999],[-50.552953097999897,-24.323236678999898],[-50.550503212999899,-24.324135392],[-50.550401004,-24.325065622999897],[-50.549080446999895,-24.326056515999898],[-50.54794299,-24.326428569],[-50.546464793,-24.326409747999897],[-50.545167596999896,-24.3260051419999],[-50.543518584,-24.325751260999901],[-50.542473107,-24.325892182],[-50.540738131999895,-24.3256363849999],[-50.5418090739999,-24.32394433],[-50.543142864999894,-24.322177918999898],[-50.545443281,-24.319802622999898],[-50.545635475,-24.318719579999897],[-50.545381773,-24.3182505149999],[-50.543903633999903,-24.3182307709999],[-50.542878539999897,-24.317131903],[-50.542891808,-24.3162789749999],[-50.544922178,-24.314443243],[-50.54493539,-24.313667709999898],[-50.544247922999901,-24.31319366],[-50.542683888999896,-24.313095535999899],[-50.539157077,-24.315996502999898],[-50.538339887999904,-24.318080182],[-50.5369979399999,-24.320312599],[-50.5364425429999,-24.322400237999897],[-50.535367549999904,-24.324247908],[-50.533087372999894,-24.325458909999899],[-50.530319248999902,-24.324491882999897],[-50.528921876,-24.324861768999899],[-50.527720873999897,-24.323913742999899],[-50.527482527,-24.322514338],[-50.528315139,-24.319500350999899],[-50.5293717959999,-24.3187386879999],[-50.532367889999904,-24.316373384],[-50.533607656,-24.314992914999902],[-50.532842426999892,-24.313975322],[-50.532063002,-24.31373143],[-50.529259192,-24.315013690999901],[-50.528177005,-24.317326433999899],[-50.525897887,-24.318459973],[-50.524676505999899,-24.318677090999898],[-50.523723159,-24.318432071],[-50.521902345999898,-24.318096878999899],[-50.520773034999898,-24.318004586],[-50.520522422999903,-24.317380759999899],[-50.52053875,-24.31645048],[-50.52177346,-24.315380456999897],[-50.523636154,-24.313233386],[-50.526009309999893,-24.311713134999899],[-50.529246799999903,-24.31051423],[-50.529260058,-24.30973871],[-50.528662681999897,-24.309032606999899],[-50.527183607,-24.3090136819999],[-50.525791437999899,-24.309072229],[-50.523427496999901,-24.310049960999898],[-50.52009896,-24.311479902],[-50.519484173,-24.311859705],[-50.518353857,-24.311844778999898],[-50.517664445,-24.311447124],[-50.517057823999899,-24.31136179],[-50.514962908999898,-24.3117999729999],[-50.512177547,-24.311917848999897],[-50.511321377999899,-24.311131313],[-50.5113377959999,-24.310123672],[-50.513462429999898,-24.307901455],[-50.516171121999903,-24.307083489],[-50.517386273999897,-24.307255997],[-50.518340619,-24.307422744999901],[-50.5190352,-24.307432619999897],[-50.519566029,-24.3069735569999],[-50.520448832999897,-24.306131652],[-50.52175605,-24.305994762999898],[-50.523225972,-24.3064788249999],[-50.526529904,-24.306522528999899],[-50.528264737,-24.306778388999899],[-50.529920798,-24.306566292],[-50.530365741,-24.305951450999899],[-50.5316064209999,-24.304572876999899],[-50.532561783999903,-24.304663117],[-50.533248177999901,-24.305214549],[-50.533935603,-24.305688610999901],[-50.534543192999898,-24.305773918999897],[-50.534895032999898,-24.305546739],[-50.536034499,-24.3050182009999],[-50.537270119,-24.303870790999898],[-50.539991918999903,-24.3022771239999],[-50.541698845,-24.298964795999897],[-50.541638352999897,-24.297411913],[-50.541226055,-24.29601157],[-50.541245411,-24.294847439],[-50.540839202999898,-24.293135838999898],[-50.540408618999898,-24.292819537],[-50.538165438999897,-24.291782278],[-50.536337622999895,-24.291913226],[-50.533493059,-24.2904019909999],[-50.533602465999891,-24.289007698],[-50.534397193999901,-24.288242173999901],[-50.5358822809999,-24.28787333],[-50.537434984999898,-24.288592201],[-50.539162556999898,-24.289313082],[-50.540639518,-24.2894093039999],[-50.541495691999899,-24.290196599999899],[-50.543652892999894,-24.291233747],[-50.545768981,-24.289476555]],[[-50.580310127999894,-24.272241981],[-50.580159458,-24.2708438989999],[-50.579057600999896,-24.269046304],[-50.578815982,-24.267879319],[-50.578911989999895,-24.267337896],[-50.579267823999892,-24.2667994349999],[-50.580573809,-24.2667387599999],[-50.583084770999896,-24.267391786999902],[-50.5842118939999,-24.267561177999902],[-50.585243987999895,-24.268272910999901],[-50.585404769,-24.269050288],[-50.5853523279999,-24.272307562],[-50.584983408999904,-24.273621454],[-50.586350189999898,-24.275112572999902],[-50.586597905,-24.275891868],[-50.586760684999895,-24.276591912999901],[-50.586998331999901,-24.277991011],[-50.587332953,-24.2788486769999],[-50.588184205999902,-24.279945256],[-50.589382199999903,-24.281124061],[-50.590505312999902,-24.281604718],[-50.591099793999902,-24.282465342999899],[-50.591259588999904,-24.2833201249999],[-50.591160553999892,-24.284094592],[-50.589238850999898,-24.284612587],[-50.587587004999897,-24.2845919969999],[-50.586018097999897,-24.284803563],[-50.585488407999897,-24.285262714999899],[-50.585462192,-24.286890994],[-50.585279248999903,-24.287431472],[-50.5840428919999,-24.2886572839999],[-50.584026756999897,-24.289664844999898],[-50.584614186999893,-24.290914147],[-50.587923996999898,-24.290568525],[-50.588530557999896,-24.290731087],[-50.588867223999898,-24.291434056999901],[-50.587805812999896,-24.292506221999901],[-50.585876971999902,-24.293489323],[-50.584832661999897,-24.293553005],[-50.583345570999896,-24.294077747],[-50.582658098,-24.293602910999901],[-50.583109968999899,-24.292522913],[-50.582031194,-24.289328976],[-50.582138312,-24.288089406],[-50.582158498999902,-24.286847941],[-50.581487191999898,-24.2853655659999],[-50.580188143,-24.285039441],[-50.578528221999896,-24.285559442],[-50.576688358999895,-24.286389626],[-50.575821983,-24.286223169],[-50.575391355999898,-24.285907836],[-50.574455214999901,-24.284731028999897],[-50.574040778,-24.2834072439999],[-50.574050878,-24.2827874329999],[-50.574597732,-24.281320783],[-50.574609888999895,-24.280544427999899],[-50.573223932999902,-24.2802172849999],[-50.570964586999899,-24.280110471999901],[-50.569928412,-24.279708114999899],[-50.569760614,-24.279318407999899],[-50.5699446019999,-24.2787005919999],[-50.57239501,-24.2777245149999],[-50.572416259999898,-24.276405736999902],[-50.571652022999899,-24.275310121999897],[-50.570449088,-24.274440711999898],[-50.569849632999897,-24.273890422],[-50.569862767999901,-24.273115009],[-50.570510794,-24.270641902],[-50.571134511,-24.269718727999898],[-50.572199928,-24.268414644],[-50.573684901,-24.267967358],[-50.574635077,-24.268368705999897],[-50.575210296,-24.270391516],[-50.57588657,-24.271564381],[-50.576831732999899,-24.272274254],[-50.579003100999898,-24.272380018],[-50.580310127999894,-24.272241981]],[[-50.534555149,-24.223901108999897],[-50.534567421999895,-24.223124925],[-50.537824521999902,-24.221614411],[-50.539693744,-24.221417534999897],[-50.542191444,-24.220673635],[-50.544179801,-24.220699259],[-50.545661763999895,-24.2212732959999],[-50.547488401999892,-24.223626909999901],[-50.547963955999897,-24.224964783],[-50.547810560999899,-24.226737751],[-50.548158183999902,-24.22829533],[-50.546282058,-24.228936326999897],[-50.544267196,-24.230463097],[-50.543373985999892,-24.231893563],[-50.541407117999903,-24.23053665],[-50.541424268999897,-24.229538431],[-50.542317491999896,-24.228107075],[-50.543814175,-24.227794842],[-50.544944168,-24.227143457999897],[-50.543724935999897,-24.225685063],[-50.5418581119999,-24.2257727799999],[-50.541378181,-24.224767033],[-50.539026043,-24.224182029],[-50.536287623999897,-24.224367055],[-50.535044395999897,-24.22435089],[-50.534555149,-24.223901108999897]]]]}},
{"type":"Feature","properties":{"fid":119,"id1":982069,"cd_fcim":"SG22","leg_carga":"Rp+Vss.SM","cd_fito":"SM","cd_leg_2":"R","clas_domi":"Rp","leg_uveg":null,"nm_uveg":null,"leg_uantr":"Rp","nm_uantr":"Florestamento/Reflorestamento com Pinus","leg_contat":"SM","nm_contat":"Contato Savana/Floresta Ombrófila Mista","veg_pretet":"SM","nm_pretet":"Contato Savana/Floresta Ombrófila Mista","leg_sec1":"Vss","nm_sec1":"Vegetação Secundária sem palmeiras","leg_sec2":null,"nm_sec2":null,"leg_sup":"Área Antrópica Dominante em Tensão Ecológica","legenda_1":"Contato (Ecótono e Encrave)","legenda_2":"Florestamento/Reflorestamento","legenda":"4Rp - Florestamento/Reflorestamento com Pinus","ar_poli_km":24.5237,"leg1_id":13.0,"leg2_id":50.0},"geometry":{"type":"MultiPolygon","coordinates":[[[[-50.476918160999901,-24.926212662],[-50.482062887,-24.927747847],[-50.485371180999898,-24.926745254],[-50.486620256,-24.9223618239999],[-50.488297593999896,-24.920499592999899],[-50.488336455,-24.9181965729999],[-50.487662696,-24.916302303999899],[-50.4827483729999,-24.914980796999899],[-50.481636952999892,-24.911195063],[-50.480141905,-24.902169444],[-50.480893443999896,-24.899456089999898],[-50.484480933,-24.895733863],[-50.485449350999893,-24.894071607999901],[-50.485505303999894,-24.890720546999898],[-50.485060968,-24.889248925999897],[-50.4837421289999,-24.88378582],[-50.484026443999902,-24.880857318],[-50.4864283329999,-24.877748335],[-50.491208313999898,-24.872994639],[-50.494596309,-24.867176323],[-50.495139078999898,-24.862784769],[-50.492849099999901,-24.859195061],[-50.491958509999897,-24.856251293],[-50.491123800999894,-24.849957966],[-50.490044753999896,-24.8442896359999],[-50.486109456999898,-24.840677254],[-50.479564396999898,-24.83870566],[-50.474466076999903,-24.834450067],[-50.467201207,-24.833305471],[-50.461030013999903,-24.8369924419999],[-50.460966127999896,-24.840760524],[-50.46230043,-24.845176491999897],[-50.462518243,-24.846225531],[-50.461977807,-24.850406918],[-50.4602978819999,-24.852478281999897],[-50.457664771999902,-24.855375071],[-50.454553075,-24.858683189],[-50.454516753999897,-24.8607776489999],[-50.455621884,-24.864980529],[-50.456261834,-24.868758261],[-50.458573331,-24.871094024999898],[-50.459681418999899,-24.875087234],[-50.460599347,-24.876356348999899],[-50.463281786,-24.884560173999901],[-50.466682668,-24.891935916],[-50.468964930999903,-24.895945982999898],[-50.467284768999896,-24.8980177719999],[-50.462332785999898,-24.898998853999899],[-50.461605854,-24.900245964],[-50.462001461999904,-24.90465011],[-50.464787176999899,-24.906780945],[-50.4663788189999,-24.909944464],[-50.470446135,-24.919633148999896],[-50.476918160999901,-24.926212662]]]]}},
{"type":"Feature","properties":{"fid":120,"id1":982184,"cd_fcim":"SG22","leg_carga":"Rp+Vss.SM","cd_fito":"SM","cd_leg_2":"R","clas_domi":"Rp","leg_uveg":null,"nm_uveg":null,"leg_uantr":"Rp","nm_uantr":"Florestamento/Reflorestamento com Pinus","leg_contat":"SM","nm_contat":"Contato Savana/Floresta Ombrófila Mista","veg_pretet":"SM","nm_pretet":"Contato Savana/Floresta Ombrófila Mista","leg_sec1":"Vss","nm_sec1":"Vegetação Secundária sem palmeiras","leg_sec2":null,"nm_sec2":null,"leg_sup":"Área Antrópica Dominante em Tensão Ecológica","legenda_1":"Contato (Ecótono e Encrave)","legenda_2":"Florestamento/Reflorestamento","legenda":"4Rp - Florestamento/Reflorestamento com Pinus","ar_poli_km":15.1669,"leg1_id":13.0,"leg2_id":50.0},"geometry":{"type":"MultiPolygon","coordinates":[[[[-50.524627611,-24.811481055999902],[-50.523775102999899,-24.808604075999899],[-50.524334447999898,-24.805861149999899],[-50.524902822999898,-24.802660435999901],[-50.528811722999897,-24.799502967999899],[-50.532949651999893,-24.7981816019999],[-50.534116672,-24.797509121],[-50.531985779,-24.794695099999899],[-50.530041704,-24.791528429],[-50.526688293999904,-24.788344571],[-50.5203616679999,-24.7873190359999],[-50.511550383,-24.787411977],[-50.507559574999902,-24.787255209],[-50.502346609999897,-24.789908144],[-50.5011447629999,-24.791567023],[-50.498763217,-24.793524111999897],[-50.495567498,-24.7949471979999],[-50.494968442999898,-24.795671763],[-50.494941453,-24.797242207999897],[-50.493842780999898,-24.799739696],[-50.492518601,-24.8016069839999],[-50.488491137,-24.803647004],[-50.488470303,-24.804902861999899],[-50.487283921,-24.80562057],[-50.485066511999896,-24.804753563999899],[-50.484638402,-24.802235445999898],[-50.483963568,-24.800446036],[-50.478923559999892,-24.799751172999901],[-50.474981139999898,-24.803676590999899],[-50.47373343,-24.808056952999902],[-50.472745754,-24.810870497999897],[-50.472328252999894,-24.814738022],[-50.472430013999897,-24.8156824769999],[-50.475083568999899,-24.818544354],[-50.482569734,-24.820528741],[-50.488770975999898,-24.821972466],[-50.494970457999898,-24.823624960999897],[-50.49859902,-24.824406245],[-50.505076459999898,-24.8234453799999],[-50.5107702829999,-24.820169983],[-50.513065175999898,-24.816431784],[-50.514045316999898,-24.813930855999899],[-50.517247317999896,-24.812193727999901],[-50.520324704999894,-24.810768025999899],[-50.521963925,-24.811104475],[-50.524627611,-24.811481055999902]]]]}},
{"type":"Feature","properties":{"fid":197,"id1":984630,"cd_fcim":"SG22","leg_carga":"Iu.SM","cd_fito":"SM","cd_leg_2":"Iu","clas_domi":"Iu","leg_uveg":null,"nm_uveg":null,"leg_uantr":"Iu","nm_uantr":"Influência urbana","leg_contat":"SM","nm_contat":"Contato Savana/Floresta Ombrófila Mista","veg_pretet":"SM","nm_pretet":"Contato Savana/Floresta Ombrófila Mista","leg_sec1":null,"nm_sec1":null,"leg_sec2":null,"nm_sec2":null,"leg_sup":"Área Antrópica Dominante em Tensão Ecológica","legenda_1":"Contato (Ecótono e Encrave)","legenda_2":"Influência urbana","legenda":"4Iu - Influência urbana","ar_poli_km":2.4037,"leg1_id":13.0,"leg2_id":48.0},"geometry":{"type":"MultiPolygon","coordinates":[[[[-50.601106893999898,-24.297995446999899],[-50.600701821,-24.299987309],[-50.603051874999899,-24.300795010999899],[-50.604647869,-24.302035707],[-50.602744296999894,-24.304453103],[-50.603100563999895,-24.305455836],[-50.605349302,-24.304819413999898],[-50.606430702999894,-24.307163166999899],[-50.605284579999896,-24.308813518999902],[-50.604647325,-24.309803211],[-50.605008911999896,-24.310473720999898],[-50.606357803,-24.31171166],[-50.605450624999897,-24.313920100999901],[-50.605173505,-24.315691392999899],[-50.605892372999897,-24.317364706],[-50.605993753999897,-24.3188089],[-50.60546363,-24.320799515],[-50.606324936999904,-24.321365537],[-50.6080750799999,-24.320833582],[-50.609222669999895,-24.3190729949999],[-50.609882149,-24.316750628],[-50.609887447999903,-24.316418378],[-50.611169232999899,-24.31410397],[-50.611433285,-24.313109125],[-50.611201061,-24.312106861999901],[-50.611092899999896,-24.3111069129999],[-50.612238985,-24.309457434999899],[-50.614256945,-24.307707637],[-50.617757018999896,-24.3066427699999],[-50.6216109759999,-24.306692534],[-50.623484084,-24.3061619049999],[-50.623509096999896,-24.3046081419999],[-50.620792029999897,-24.303463255999898],[-50.620550614,-24.303017178999902],[-50.6209579699999,-24.300913318],[-50.6203549539999,-24.299795871],[-50.61786777,-24.299764222],[-50.614081577,-24.303155504],[-50.613342939999896,-24.3027019949999],[-50.612616337999896,-24.3014729719999],[-50.612390858999895,-24.300027478999901],[-50.612082303,-24.296028387],[-50.611099888999895,-24.295238939999898],[-50.6101054169999,-24.295226802999899],[-50.609958702,-24.296666249999898],[-50.610187041999893,-24.29789054],[-50.609538233999899,-24.299546462],[-50.607920028999899,-24.2996365189999],[-50.606072052999899,-24.298613314],[-50.604475083999901,-24.2973735419999],[-50.602986265,-24.297132749999896],[-50.601106893999898,-24.297995446999899]]]]}},
{"type":"Feature","properties":{"fid":198,"id1":984634,"cd_fcim":"SG22","leg_carga":"Iu.SM","cd_fito":"SM","cd_leg_2":"Iu","clas_domi":"Iu","leg_uveg":null,"nm_uveg":null,"leg_uantr":"Iu","nm_uantr":"Influência urbana","leg_contat":"SM","nm_contat":"Contato Savana/Floresta Ombrófila Mista","veg_pretet":"SM","nm_pretet":"Contato Savana/Floresta Ombrófila Mista","leg_sec1":null,"nm_sec1":null,"leg_sec2":null,"nm_sec2":null,"leg_sup":"Área Antrópica Dominante em Tensão Ecológica","legenda_1":"Contato (Ecótono e Encrave)","legenda_2":"Influência urbana","legenda":"4Iu - Influência urbana","ar_poli_km":0.7403,"leg1_id":13.0,"leg2_id":48.0},"geometry":{"type":"MultiPolygon","coordinates":[[[[-50.534555149,-24.223901108999897],[-50.535044395999897,-24.22435089],[-50.536287623999897,-24.224367055],[-50.539026043,-24.224182029],[-50.541378181,-24.224767033],[-50.5418581119999,-24.2257727799999],[-50.543724935999897,-24.225685063],[-50.544944168,-24.227143457999897],[-50.543814175,-24.227794842],[-50.542317491999896,-24.228107075],[-50.541424268999897,-24.229538431],[-50.541407117999903,-24.23053665],[-50.543373985999892,-24.231893563],[-50.544267196,-24.230463097],[-50.546282058,-24.228936326999897],[-50.548158183999902,-24.22829533],[-50.547810560999899,-24.226737751],[-50.547963955999897,-24.224964783],[-50.547488401999892,-24.223626909999901],[-50.545661763999895,-24.2212732959999],[-50.544179801,-24.220699259],[-50.542191444,-24.220673635],[-50.539693744,-24.221417534999897],[-50.537824521999902,-24.221614411],[-50.534567421999895,-24.223124925],[-50.534555149,-24.223901108999897]]]]}},
{"type":"Feature","properties":{"fid":203,"id1":955901,"cd_fcim":"SF22","leg_carga":"Ag+Vss+Re.SM","cd_fito":"SM","cd_leg_2":"Ag","clas_domi":"Ag","leg_uveg":null,"nm_uveg":null,"leg_uantr":"Ag","nm_uantr":"Agropecuária","leg_contat":"SM","nm_contat":"Contato Savana/Floresta Ombrófila Mista","veg_pretet":"SM","nm_pretet":"Contato Savana/Floresta Ombrófila Mista","leg_sec1":"Vss","nm_sec1":"Vegetação Secundária sem palmeiras","leg_sec2":"Re","nm_sec2":"Florestamento/Reflorestamento com Eucaliptos","leg_sup":"Área Antrópica Dominante em Tensão Ecológica","legenda_1":"Contato (Ecótono e Encrave)","legenda_2":"Agropecuária","legenda":"4Ag - Agropecuária","ar_poli_km":767.3632,"leg1_id":13.0,"leg2_id":45.0},"geometry":{"type":"MultiPolygon","coordinates":[[[[-49.6233106,-23.999883399999899],[-49.6232034,-23.9994101],[-49.622985899999897,-23.998780199999899],[-49.622732,-23.9979893],[-49.622476999999897,-23.9973552],[-49.622273699999901,-23.9970663],[-49.6218375999999,-23.9966785],[-49.621239499999902,-23.9961071],[-49.620366299999901,-23.9952393],[-49.620197699999899,-23.995089499999899],[-49.6200615,-23.994968599999901],[-49.6199063,-23.994830599999901],[-49.6197346,-23.994678099999899],[-49.6193382,-23.994362399999901],[-49.6190348,-23.994130299999899],[-49.618777099999903,-23.993983699999902],[-49.6184277999999,-23.9939707999999],[-49.6181252,-23.994020099999901],[-49.617695,-23.994235699999901],[-49.616622999999898,-23.9950406],[-49.6161327,-23.9955671],[-49.6157193,-23.9961051],[-49.6153969,-23.996718499999901],[-49.6150966,-23.9972693],[-49.6146312,-23.9981084],[-49.614498899999901,-23.9982539],[-49.6142943,-23.9984789],[-49.6140875,-23.998655799999899],[-49.6136817,-23.9989007],[-49.613593799999897,-23.998930899999898],[-49.6133217,-23.9990245],[-49.6129783,-23.9990109],[-49.6129443,-23.9990096],[-49.6126187,-23.9988564],[-49.612318899999899,-23.998651499999902],[-49.6120941,-23.9985201],[-49.6115710999999,-23.9982141999999],[-49.611044499999899,-23.9979061],[-49.6102743,-23.9974377],[-49.6100268,-23.9972096999999],[-49.609824699999898,-23.9970235],[-49.6095182,-23.996583],[-49.609314,-23.996263499999898],[-49.609139599999899,-23.9958525],[-49.609136,-23.995844],[-49.6090047,-23.9953953999999],[-49.608992999999899,-23.995241099999902],[-49.608987199999902,-23.9951657],[-49.6090449,-23.9949225],[-49.609207599999898,-23.9946793999999],[-49.6095008,-23.9944308],[-49.6100691,-23.9939424],[-49.6101869,-23.9938412],[-49.610219399999899,-23.9938132],[-49.6107579,-23.993357699999901],[-49.6112062,-23.9930550999999],[-49.6115813,-23.992808099999898],[-49.6118336,-23.9927526],[-49.6122237,-23.9927503],[-49.612725699999899,-23.9928762],[-49.612776499999903,-23.9928864],[-49.6135044,-23.993033399999899],[-49.6140324,-23.993078599999901],[-49.6145362,-23.993042699999901],[-49.6151561,-23.992965],[-49.6154519,-23.9928507999999],[-49.6156409,-23.9926513],[-49.6156713,-23.9923229],[-49.6156045,-23.991680599999899],[-49.615499199999903,-23.9909283],[-49.6154313,-23.9903775],[-49.6153341,-23.989888],[-49.615246899999903,-23.9893342999999],[-49.615226,-23.9890877],[-49.6151861,-23.9886155999999],[-49.6151927,-23.9884071],[-49.6152079,-23.9879308],[-49.615087699999897,-23.987586399999898],[-49.614887199999899,-23.9873646],[-49.614655599999899,-23.9872584999999],[-49.614303499999899,-23.987232199999902],[-49.613698499999899,-23.9873191],[-49.613186299999903,-23.9875513],[-49.6128361,-23.9878194],[-49.6124106,-23.988268499999901],[-49.6118329,-23.9890515],[-49.6114181,-23.98964],[-49.6111299,-23.990012],[-49.6107688,-23.990472],[-49.6105153,-23.9906559],[-49.610487,-23.990676399999899],[-49.610269,-23.990669],[-49.6101829,-23.9906402999999],[-49.6099725,-23.990569999999899],[-49.6096342,-23.9903742],[-49.609632299999902,-23.9903727],[-49.609276,-23.990086],[-49.608944199999897,-23.9895852],[-49.608619599999898,-23.9891325],[-49.6082516,-23.988590299999899],[-49.6078648,-23.9881563],[-49.6074333,-23.9876712],[-49.6072846,-23.987276199999901],[-49.607243099999899,-23.9867063],[-49.607227599999902,-23.9859468],[-49.6072444,-23.9853674],[-49.607327499999897,-23.984872199999899],[-49.6074359,-23.984568],[-49.607624,-23.9842609],[-49.6078853,-23.9840169],[-49.6083088,-23.983847899999901],[-49.609052899999902,-23.983692899999902],[-49.609654599999899,-23.983602],[-49.6100147,-23.9835375],[-49.6103831,-23.983411999999898],[-49.6106543,-23.9832413],[-49.6109302,-23.982972],[-49.6112219,-23.982596699999899],[-49.6114365,-23.9823292],[-49.6116847,-23.9820470999999],[-49.6120376,-23.981751799999898],[-49.612529299999899,-23.9815053999999],[-49.6128719,-23.9813667],[-49.6131531,-23.9812712],[-49.6135135,-23.9812041],[-49.6138093,-23.981195199999899],[-49.6141421,-23.9811645999999],[-49.614526,-23.9810686],[-49.614967799999903,-23.9809119],[-49.615434799999903,-23.9807592],[-49.616034199999902,-23.9807398],[-49.6166914,-23.9807691],[-49.6171034,-23.980834199999901],[-49.6172213,-23.980851],[-49.6175418999999,-23.9808965],[-49.6180888,-23.980941899999898],[-49.6185799,-23.9809059],[-49.618861,-23.9808451],[-49.619000399999898,-23.980815],[-49.6192086,-23.9806525],[-49.619293099999901,-23.9805866],[-49.6195188,-23.980311399999898],[-49.6196264,-23.9799717],[-49.6196616,-23.979659899999898],[-49.619653399999898,-23.9796392],[-49.6196318,-23.9795842999999],[-49.6195743,-23.9794385],[-49.6192993,-23.979017699999901],[-49.6189113,-23.978549299999901],[-49.6186188,-23.9782630999999],[-49.6183189,-23.9779871],[-49.617773499999899,-23.9777223],[-49.617196299999897,-23.9774573],[-49.616421,-23.977115599999902],[-49.6158664,-23.976925799999901],[-49.615518699999903,-23.976894],[-49.6152705,-23.976974599999899],[-49.6149348,-23.9771853],[-49.614426,-23.9776019],[-49.614037499999903,-23.977962299999898],[-49.6134468,-23.9783591],[-49.612955999999897,-23.978604],[-49.6126662,-23.9786907],[-49.6126189,-23.9787049],[-49.6122396,-23.9787076],[-49.6121727,-23.978698999999899],[-49.611612599999901,-23.9786266999999],[-49.611110499999903,-23.9785065999999],[-49.6106475,-23.9782714],[-49.610193,-23.977816699999899],[-49.609958199999902,-23.977393499999899],[-49.6097923,-23.9770591],[-49.6096138,-23.9767348],[-49.609358299999897,-23.9762104],[-49.6090765,-23.9758788],[-49.608764,-23.975729],[-49.608438,-23.9756163],[-49.6079577,-23.975533599999899],[-49.6074987,-23.9755508],[-49.6069899,-23.975671299999899],[-49.6064565,-23.9758217],[-49.605911,-23.975997699999901],[-49.6055071,-23.9761435],[-49.6052273,-23.9763025],[-49.6050893,-23.976577099999901],[-49.605023399999901,-23.9768493999999],[-49.604991299999902,-23.976982099999901],[-49.604924599999897,-23.977382599999899],[-49.6048278,-23.9775979],[-49.6046231,-23.9778133],[-49.6042524,-23.9779899],[-49.604215699999898,-23.9780074],[-49.6040776,-23.9780433],[-49.6035848,-23.9781715999999],[-49.6032567,-23.9782028999999],[-49.602893,-23.978174],[-49.6027397,-23.9781098],[-49.6025809,-23.978043399999901],[-49.6022849,-23.977960499999899],[-49.601920199999903,-23.977939799999898],[-49.6015659,-23.9780076],[-49.601069299999899,-23.978088],[-49.6005876,-23.9780921],[-49.6004187,-23.9780936],[-49.6004181,-23.9780961],[-49.6004149,-23.9780936],[-49.6003664,-23.9780875],[-49.599874499999899,-23.9780251],[-49.5992969,-23.9779101],[-49.5982494,-23.9776117],[-49.5977214,-23.9774045999999],[-49.5973671,-23.9772629],[-49.5973504,-23.9772814],[-49.5972068,-23.9771987],[-49.5970163,-23.9771225],[-49.5964369,-23.9768035],[-49.595784599999902,-23.9764997999999],[-49.595400299999902,-23.976211799999898],[-49.5951707,-23.9760405],[-49.594996,-23.975804599999901],[-49.594937699999903,-23.9756288],[-49.5949206,-23.975577499999901],[-49.594955399999897,-23.9753631],[-49.595073899999903,-23.975221599999902],[-49.595224,-23.975183199999901],[-49.595313599999898,-23.9751603],[-49.5957101,-23.975152299999898],[-49.5961379,-23.9751563],[-49.5966769,-23.975126799999899],[-49.597068799999903,-23.975064799999899],[-49.5974815,-23.974936399999901],[-49.597571199999898,-23.9748743],[-49.597697599999897,-23.9747869],[-49.5977632,-23.974551899999899],[-49.5978115,-23.9742749],[-49.5977372,-23.9739233],[-49.5975837,-23.973694899999899],[-49.5972454,-23.973524999999899],[-49.5969292999999,-23.973469599999898],[-49.596805,-23.9734478],[-49.5965163,-23.9733414],[-49.5962033,-23.9731065],[-49.5961594,-23.9730546],[-49.596014399999902,-23.972883099999901],[-49.5958107,-23.972637599999899],[-49.5955005,-23.97231],[-49.595244,-23.972000599999902],[-49.5949582,-23.971738899999899],[-49.5946777,-23.971505299999901],[-49.59414,-23.9710583],[-49.5939195999999,-23.9708605],[-49.593747999999898,-23.9707064],[-49.593567,-23.9704591],[-49.5934187,-23.9702455],[-49.5932925,-23.9700222],[-49.593248899999899,-23.969771],[-49.5932213,-23.9693022],[-49.593178099999903,-23.9690313],[-49.5931396,-23.9687896],[-49.593030999999897,-23.9684726999999],[-49.5928941,-23.968227],[-49.5927035,-23.967995599999899],[-49.592345,-23.967779699999902],[-49.592342899999899,-23.967778399999901],[-49.5918599,-23.967478],[-49.5913204,-23.967005599999901],[-49.5908,-23.966392599999899],[-49.5903374,-23.9658456],[-49.5903352999999,-23.965843499999899],[-49.589949299999901,-23.9654543],[-49.5897203,-23.965257399999899],[-49.5894642,-23.9650875],[-49.5890135,-23.9648754],[-49.5887744,-23.9647558],[-49.588556599999897,-23.964647],[-49.5882564,-23.9644446],[-49.588215799999901,-23.964417099999899],[-49.5880673999999,-23.9642587],[-49.587960699999897,-23.9641447999999],[-49.5877229,-23.9638121999999],[-49.5876354,-23.9635225],[-49.587535199999898,-23.962953599999899],[-49.5875174,-23.9628523],[-49.5874193,-23.9621966999999],[-49.5872871,-23.9617137],[-49.5870275,-23.961381],[-49.5866965,-23.9611684999999],[-49.5861733,-23.960931199999902],[-49.5856833,-23.9607842],[-49.585130799999902,-23.960686699999901],[-49.584640599999901,-23.9606418],[-49.584219,-23.9606552],[-49.583922899999898,-23.960687199999899],[-49.5837516,-23.960824199999902],[-49.583693099999898,-23.960997],[-49.583690499999904,-23.961233799999899],[-49.5837435,-23.9616789],[-49.5839096999999,-23.9623455999999],[-49.584060399999899,-23.962972],[-49.5841723999999,-23.963454199999902],[-49.584238099999901,-23.9637556],[-49.5842823,-23.963958499999901],[-49.5842948,-23.964127099999899],[-49.5843139,-23.9643856],[-49.5842569,-23.9646246],[-49.583953,-23.9648008],[-49.5835771,-23.964880299999901],[-49.5832688,-23.96487745],[-49.5829742,-23.9647823],[-49.5825492,-23.96453],[-49.5822294,-23.964281399999901],[-49.5819614,-23.9640547],[-49.5815901,-23.963712],[-49.5812713,-23.9633939],[-49.5811985,-23.9633211],[-49.580906399999897,-23.9630076],[-49.580884899999901,-23.9629846],[-49.5807098,-23.9627465999999],[-49.5806782,-23.962546799999899],[-49.580799399999897,-23.9620856],[-49.5809138,-23.9616794],[-49.5809298,-23.961622599999899],[-49.5810834,-23.9612455],[-49.5812433,-23.9608527],[-49.5812649,-23.9605844],[-49.581134,-23.9603882],[-49.5809001,-23.960257],[-49.580749599999898,-23.9602353],[-49.580488199999898,-23.960253899999898],[-49.580140399999898,-23.960323399999901],[-49.5797878,-23.9604338],[-49.5793811,-23.9605404],[-49.578967299999903,-23.960615699999899],[-49.5786562,-23.960672299999899],[-49.5783433,-23.9607298],[-49.5780879,-23.960869199999902],[-49.5778658,-23.961040399999899],[-49.5775404,-23.961245599999899],[-49.5771247,-23.961508599999899],[-49.5768414,-23.9617564],[-49.576758599999899,-23.9620232],[-49.576833399999899,-23.962353],[-49.576967099999898,-23.9627674],[-49.577047999999898,-23.9631441],[-49.5771194,-23.9635092],[-49.577122599999903,-23.9637326],[-49.577124599999898,-23.963874599999901],[-49.577006599999898,-23.9641612],[-49.5768176,-23.9644645],[-49.5766853,-23.9646767999999],[-49.5762184,-23.9652661],[-49.575816,-23.9657185],[-49.575482399999899,-23.9659682],[-49.5749668999999,-23.9663538],[-49.5743429,-23.9667636],[-49.5736773,-23.9672459],[-49.5733858,-23.967496],[-49.5730773,-23.9677608],[-49.5729865,-23.967979199999899],[-49.572981899999903,-23.9682567],[-49.572981399999897,-23.968284299999901],[-49.5729592,-23.968515099999902],[-49.572886099999899,-23.9687772999999],[-49.5728834,-23.9687819],[-49.572742499999897,-23.969018499999901],[-49.5725714,-23.9692123],[-49.5724092,-23.9693129],[-49.5723877,-23.9693260999999],[-49.5721354,-23.969387299999902],[-49.571751999999897,-23.9693548],[-49.571276899999901,-23.9691579],[-49.5707538,-23.968875],[-49.5702342,-23.968608399999901],[-49.5699372,-23.968471],[-49.5694296,-23.968299199999901],[-49.5686832,-23.968007199999899],[-49.5682396,-23.967793899999901],[-49.5675876,-23.9674745],[-49.5670487,-23.967146],[-49.567047699999897,-23.9671453999999],[-49.566653899999899,-23.9668953],[-49.5660998,-23.966511],[-49.5658988,-23.966356699999899],[-49.5656293,-23.9661498],[-49.565390099999902,-23.9657882999999],[-49.5652392,-23.965390699999901],[-49.5651889,-23.9649729],[-49.5652075,-23.9647017],[-49.5652188,-23.9645356],[-49.5652428,-23.964169],[-49.565202,-23.963898399999898],[-49.5651108,-23.963714],[-49.5648202,-23.9636082],[-49.5645228,-23.9635724],[-49.5642673,-23.963599799999901],[-49.564025199999897,-23.9636255],[-49.5636352,-23.963743899999901],[-49.5631255,-23.963829599999901],[-49.562739899999897,-23.9638772],[-49.5623039,-23.963821],[-49.562155699999899,-23.9636565],[-49.562125,-23.9634947],[-49.5621125,-23.9634292],[-49.5621608,-23.9630172],[-49.5621955,-23.9625996],[-49.5622769,-23.9621304],[-49.5624129,-23.9618545],[-49.5626683,-23.961616],[-49.562961899999898,-23.9613294],[-49.5634365,-23.961074],[-49.563847699999897,-23.9608699],[-49.564233,-23.960729],[-49.5647248,-23.9606297],[-49.5651511,-23.9605215],[-49.5654617,-23.960430599999899],[-49.565617599999896,-23.960385],[-49.5660027,-23.960261499999898],[-49.566274899999897,-23.9601377],[-49.5664135,-23.96001],[-49.566496599999901,-23.9599335],[-49.5665035,-23.9599272],[-49.5665946,-23.9596867],[-49.5665805,-23.959468699999899],[-49.5663862,-23.959003199999898],[-49.566052199999902,-23.958419],[-49.56602,-23.9583627],[-49.565799599999899,-23.9579535999999],[-49.5656478,-23.9575303],[-49.5655222,-23.9571768],[-49.5654658999999,-23.9570135],[-49.565368,-23.9566970999999],[-49.5652266,-23.9562394],[-49.5651683,-23.9559753],[-49.5651185,-23.9557412999999],[-49.5651309,-23.955443499999902],[-49.565156699999903,-23.955366599999898],[-49.565175,-23.9553124],[-49.5652449,-23.9551049],[-49.565382999999898,-23.954923399999899],[-49.565709899999902,-23.954682499999901],[-49.5663663999999,-23.9542764],[-49.566871299999903,-23.9539561],[-49.567171599999902,-23.9537061999999],[-49.5676658,-23.9534255999999],[-49.568144899999901,-23.9531491],[-49.568933199999897,-23.9527672],[-49.569354599999897,-23.952552],[-49.5695659,-23.9523972],[-49.569568499999903,-23.952393599999901],[-49.569831099999902,-23.952025799999898],[-49.5701245,-23.951478],[-49.5704446,-23.9507674],[-49.5706494,-23.950231],[-49.5707462,-23.949896599999899],[-49.5707421,-23.9495383],[-49.5706167,-23.9492834],[-49.570395899999902,-23.949053799999898],[-49.5697198,-23.9484419],[-49.569688,-23.948408899999901],[-49.5691299,-23.9478285],[-49.568792099999897,-23.947479499999901],[-49.5685498,-23.9471639],[-49.5683797,-23.9469149],[-49.5681205,-23.946553499999901],[-49.5679519,-23.946318599999898],[-49.5676159,-23.9459355],[-49.56753,-23.945854699999899],[-49.5672569,-23.945597399999901],[-49.5672544,-23.945595],[-49.5666059,-23.9450806],[-49.566023,-23.944741],[-49.5654355,-23.9444061999999],[-49.5648666,-23.944089],[-49.5646351,-23.9439945],[-49.5644032,-23.943899799999901],[-49.5640582,-23.9436777999999],[-49.563788799999898,-23.9434633],[-49.5637191,-23.9431739],[-49.5637967,-23.942762899999899],[-49.5639181,-23.942310399999901],[-49.564031499999899,-23.9420388],[-49.5641575,-23.9417819],[-49.564366499999899,-23.941651],[-49.5645681,-23.941624],[-49.5648194,-23.9416494],[-49.5651253,-23.9417185],[-49.565595599999902,-23.9419591],[-49.566019599999898,-23.9423325],[-49.566462,-23.942783899999899],[-49.5668693,-23.9431973],[-49.5673451,-23.9436196999999],[-49.567707599999899,-23.9438251999999],[-49.568029399999901,-23.9439717],[-49.568543299999902,-23.9441462999999],[-49.5690736,-23.944299999999899],[-49.569555599999902,-23.9443163],[-49.569745,-23.9442859],[-49.5699,-23.944261],[-49.5700279,-23.9440865],[-49.5700724,-23.9440258],[-49.5702539,-23.9437116],[-49.5702631999999,-23.943695299999899],[-49.5703915,-23.9431653],[-49.5704133,-23.9430136],[-49.5705162,-23.9422971],[-49.5705436,-23.9417491],[-49.570550399999902,-23.9416141],[-49.5705136,-23.9411028],[-49.5703733,-23.9407145],[-49.5702103,-23.94052],[-49.5702062,-23.9405151],[-49.570168399999901,-23.94047],[-49.569930499999899,-23.940369599999901],[-49.569578799999903,-23.940325899999898],[-49.5692144,-23.940282099999902],[-49.5687702,-23.94013],[-49.5687632,-23.940127699999898],[-49.5681377,-23.939809899999901],[-49.567982899999897,-23.939692099999899],[-49.5673456,-23.9392075],[-49.566833099999897,-23.9389082],[-49.5661833999999,-23.9386559],[-49.5656311,-23.9385468],[-49.5649088,-23.9384476],[-49.5642304,-23.938372],[-49.563564,-23.938342599999899],[-49.5629412,-23.9383541999999],[-49.5622483,-23.9384516],[-49.5617678,-23.9385928999999],[-49.5615319,-23.9387596],[-49.5612917,-23.9390311],[-49.5610662,-23.9394702],[-49.5607998,-23.9399541],[-49.5605469,-23.9404074],[-49.560266,-23.9407434],[-49.559967899999897,-23.9409474],[-49.5596111999999,-23.941138599999899],[-49.5593033,-23.9412864],[-49.5589459,-23.9414055],[-49.5584947,-23.9414727],[-49.5583925,-23.941474],[-49.558034,-23.9414785],[-49.557719899999903,-23.9414335],[-49.557326799999899,-23.9413206],[-49.5572354,-23.9412563],[-49.5569584,-23.941061499999901],[-49.556868699999903,-23.9409985],[-49.556833,-23.9409583],[-49.556542,-23.9406316],[-49.556182099999901,-23.9401892],[-49.5558765,-23.9399495],[-49.5556658,-23.9398985],[-49.5554375,-23.939951],[-49.5552016,-23.9401032],[-49.5548995,-23.940391299999899],[-49.5545394,-23.9407773],[-49.554129799999899,-23.941247099999899],[-49.554009199999904,-23.9414523],[-49.5539328999999,-23.9416724],[-49.5539477,-23.941966099999899],[-49.5541512,-23.942872099999899],[-49.5543703,-23.943803499999898],[-49.5545203,-23.9444306],[-49.554688499999898,-23.944944099999901],[-49.5550540999999,-23.9454385],[-49.555475999999899,-23.945956599999899],[-49.5555193,-23.946007899999898],[-49.5557616,-23.9462943999999],[-49.5559284,-23.9465731999999],[-49.556027,-23.946914],[-49.5560354,-23.9469429],[-49.5560679,-23.9474167999999],[-49.556034,-23.947824599999901],[-49.556030099999901,-23.9478705],[-49.5559542,-23.9479646],[-49.5557514,-23.9482158],[-49.5553254,-23.948495099999899],[-49.5549091,-23.9486767],[-49.554426,-23.9488117],[-49.553573599999901,-23.9488512],[-49.5534046,-23.9488552],[-49.552473,-23.9488774],[-49.5514176,-23.9488345],[-49.5505363,-23.9487822],[-49.5498335999999,-23.9487442],[-49.5493498,-23.9486934],[-49.549261699999903,-23.9486611],[-49.549166399999898,-23.9486262],[-49.5490819,-23.9485953],[-49.5489822,-23.9484178],[-49.5489429,-23.9482211],[-49.548994,-23.9478925],[-49.5491048,-23.947285599999901],[-49.5491282999999,-23.9470623],[-49.549179799999898,-23.946571199999902],[-49.549201299999901,-23.946066],[-49.5491352,-23.945483399999901],[-49.5490905,-23.9448846999999],[-49.5490717,-23.9447445],[-49.5490485,-23.9445709],[-49.549030199999898,-23.9444339],[-49.5488958,-23.944230999999899],[-49.5487525,-23.944108399999902],[-49.548426,-23.944059099999901],[-49.548079399999899,-23.9441136],[-49.5475577,-23.9440855],[-49.547181599999902,-23.9440200999999],[-49.5467404,-23.943846],[-49.546432,-23.9437242],[-49.5459053,-23.943574899999899],[-49.545463,-23.9434937],[-49.5450949,-23.943456099999899],[-49.545027699999899,-23.943440899999899],[-49.5449194,-23.943416399999901],[-49.5446749,-23.943361099999901],[-49.5440535,-23.9432454],[-49.543237599999898,-23.943081699999901],[-49.542735,-23.9430249],[-49.5422866,-23.9428991999999],[-49.5418442,-23.9428143],[-49.541538699999897,-23.94278],[-49.5412084,-23.9428561],[-49.5409246,-23.943048099999899],[-49.540632199999898,-23.943293],[-49.5403272,-23.943561499999898],[-49.539979399999901,-23.9437315],[-49.5398254999999,-23.9437624],[-49.539676799999903,-23.9437922],[-49.5393558,-23.943812299999902],[-49.5390295,-23.9437397999999],[-49.5387191,-23.943482],[-49.538508799999903,-23.9431422],[-49.5383519,-23.9426922],[-49.538194,-23.9422733],[-49.5380774,-23.9417488],[-49.5380542,-23.941210199999901],[-49.5380781,-23.940258399999902],[-49.5380744,-23.939860699999901],[-49.5380724,-23.9396513],[-49.5380719,-23.9396027],[-49.5381196,-23.9390998],[-49.5382039,-23.9387361],[-49.538459799999899,-23.9383515],[-49.5389339,-23.9378657],[-49.539359499999897,-23.9374941999999],[-49.5398547,-23.937083099999899],[-49.5406328,-23.9366861],[-49.541346099999899,-23.936456099999901],[-49.542021299999902,-23.9362661],[-49.5426389,-23.9361564],[-49.5433699,-23.9360305],[-49.543900199999896,-23.935903499999899],[-49.5441225,-23.9358068],[-49.5441345,-23.9358015],[-49.544316099999897,-23.9355811],[-49.5443802,-23.9353882999999],[-49.544333799999897,-23.935256299999899],[-49.544282699999897,-23.9351106],[-49.5442543999999,-23.935075099999899],[-49.5440222,-23.934784599999901],[-49.543487099999901,-23.9342654],[-49.54259,-23.933500299999899],[-49.541924799999897,-23.9329983],[-49.5410826,-23.9323838],[-49.5398852,-23.931482899999899],[-49.5395333,-23.931224799999899],[-49.5391198,-23.9310045],[-49.5388169,-23.930843099999901],[-49.538251699999897,-23.930497499999898],[-49.5381809,-23.9304197],[-49.537834099999898,-23.930038399999901],[-49.5374449,-23.9294004],[-49.5370243,-23.928717499999902],[-49.5369157,-23.9285226],[-49.536736699999899,-23.9282014],[-49.536592299999903,-23.9279288],[-49.5365057,-23.9277713],[-49.5358017,-23.928154],[-49.532208,-23.930105899999901],[-49.5311568,-23.9292836],[-49.5309017,-23.928104],[-49.530768099999896,-23.926567],[-49.5311824,-23.923925999999899],[-49.5307614,-23.922511799999899],[-49.5294843,-23.9221873],[-49.526989699999902,-23.9224293],[-49.5261517,-23.9213121],[-49.5246289,-23.9170907],[-49.5235972,-23.916233599999899],[-49.5223359,-23.9165646],[-49.5223253,-23.9177806],[-49.5214041999999,-23.918871099999901],[-49.520179599999899,-23.9193041],[-49.518905,-23.9206717],[-49.5183536,-23.921783699999899],[-49.5169049,-23.923352599999902],[-49.5125437,-23.924715],[-49.5116047,-23.925899899999902],[-49.5124829,-23.9270099],[-49.5141017,-23.927967],[-49.5152672,-23.9292182],[-49.5154003,-23.930482599999898],[-49.5148331,-23.9313662],[-49.5145803999999,-23.931603499999898],[-49.5096007,-23.9313435],[-49.508382,-23.9325393],[-49.508046,-23.933724599999898],[-49.5094027,-23.9363753],[-49.5103721999999,-23.937155899999901],[-49.512210799999899,-23.9376877999999],[-49.5143571,-23.937763899999901],[-49.519360199999902,-23.9364689],[-49.523322,-23.934417199999899],[-49.5244665,-23.9351531],[-49.524350599999899,-23.9365185],[-49.5230453,-23.938525899999899],[-49.522842399999902,-23.9406139],[-49.5210997,-23.9461018],[-49.519790999999898,-23.947026],[-49.513875799999902,-23.9444224],[-49.512658799999897,-23.9446856],[-49.5117332,-23.9455857],[-49.511443299999897,-23.947257599999901],[-49.510246799999898,-23.9478597999999],[-49.5081925,-23.947976],[-49.5056408,-23.9476127],[-49.5039222,-23.9471733],[-49.5029134,-23.9485422],[-49.503002799999898,-23.948774699999898],[-49.503587799999899,-23.950294499999899],[-49.5051619,-23.9528273],[-49.505654,-23.9539396],[-49.5056688,-23.954844099999899],[-49.5042857,-23.9564427],[-49.501351,-23.957325],[-49.5000358,-23.9579762],[-49.4996328,-23.958429399999901],[-49.499667499999902,-23.959209799999901],[-49.5002115,-23.959622099999901],[-49.5056359,-23.961084399999901],[-49.5071541,-23.962712699999901],[-49.5091146,-23.9639205],[-49.5106939,-23.9643847],[-49.5133855,-23.9642686],[-49.5137065,-23.9643973999999],[-49.514625599999903,-23.966933],[-49.5167279,-23.969709899999899],[-49.516756799999897,-23.970122499999899],[-49.516432,-23.9705013999999],[-49.5151005,-23.9703445],[-49.5118494,-23.9713677999999],[-49.5107702,-23.9719562],[-49.5092356,-23.971362699999901],[-49.508178,-23.968414],[-49.507242399999903,-23.967393699999899],[-49.5044735,-23.9677187],[-49.5006006999999,-23.9694895],[-49.498575899999899,-23.9717674],[-49.497571799999903,-23.9740421999999],[-49.4954905,-23.9758469],[-49.4949099,-23.976117299999899],[-49.4936847,-23.9775958],[-49.495128599999902,-23.9810103],[-49.4956433,-23.9822268],[-49.4959982,-23.9836349],[-49.4963533,-23.985043399999899],[-49.495650899999902,-23.9865626],[-49.4964467,-23.9875536],[-49.49692,-23.9884036],[-49.4983506,-23.9928874],[-49.4981248,-23.9938083],[-49.4977296,-23.9942364],[-49.496239,-23.9942311],[-49.493242199999898,-23.993044],[-49.492269899999897,-23.9933786],[-49.491579199999897,-23.994632399999901],[-49.4909084,-23.996384],[-49.490416,-23.997280499999899],[-49.4901004,-23.9976298],[-49.4893038,-23.9990859],[-49.487345052897837,-24.0],[-49.623322503789616,-24.0],[-49.6233106,-23.999883399999899]]]]}},
{"type":"Feature","properties":{"fid":215,"id1":982350,"cd_fcim":"SG22","leg_carga":"Ag+Vss+Re.SM","cd_fito":"SM","cd_leg_2":"Ag","clas_domi":"Ag","leg_uveg":null,"nm_uveg":null,"leg_uantr":"Ag","nm_uantr":"Agropecuária","leg_contat":"SM","nm_contat":"Contato Savana/Floresta Ombrófila Mista","veg_pretet":"SM","nm_pretet":"Contato Savana/Floresta Ombrófila Mista","leg_sec1":"Vss","nm_sec1":"Vegetação Secundária sem palmeiras","leg_sec2":"Re","nm_sec2":"Florestamento/Reflorestamento com Eucaliptos","leg_sup":"Área Antrópica Dominante em Tensão Ecológica","legenda_1":"Contato (Ecótono e Encrave)","legenda_2":"Agropecuária","legenda":"4Ag - Agropecuária","ar_poli_km":398.636,"leg1_id":13.0,"leg2_id":45.0},"geometry":{"type":"MultiPolygon","coordinates":[[[[-49.701046,-24.0660487],[-49.697522799999902,-24.0654407],[-49.694888999999897,-24.066894299999898],[-49.693882599999903,-24.0687773],[-49.693929,-24.0691237999999],[-49.6944376,-24.070213099999901],[-49.695788,-24.071282],[-49.695002499999902,-24.0724711],[-49.691071,-24.074919899999902],[-49.691182,-24.0775985],[-49.6904810999999,-24.0781105],[-49.6882467,-24.077702499999901],[-49.6858852,-24.076479],[-49.6850767,-24.076824799999901],[-49.6845306,-24.0789667],[-49.6834142,-24.078929],[-49.680375399999903,-24.078218],[-49.676744,-24.075551899999901],[-49.6736293,-24.0756668],[-49.6714401999999,-24.074557899999899],[-49.6700726,-24.0750581],[-49.668174399999899,-24.0739583],[-49.667889199999898,-24.0738989],[-49.6663141,-24.0740724],[-49.664324899999897,-24.073515999999898],[-49.6615449,-24.0754334],[-49.6540434,-24.0753119],[-49.6510871,-24.0733006],[-49.6507989,-24.073241],[-49.649728099999898,-24.0730187],[-49.6489177999999,-24.0736211],[-49.648923099999898,-24.0744812],[-49.648822,-24.074439299999899],[-49.648701,-24.0743252],[-49.6485867,-24.074191299999899],[-49.648492299999901,-24.0740562],[-49.648436699999898,-24.073978],[-49.6483941,-24.0739316999999],[-49.648370199999903,-24.073890499999901],[-49.6483072999999,-24.073812],[-49.648201,-24.073865399999899],[-49.648007,-24.0738777],[-49.647751399999898,-24.073796],[-49.6476009,-24.073759799999898],[-49.647464399999897,-24.0737784],[-49.6473616,-24.073907899999899],[-49.6473523,-24.074077799999898],[-49.6473945,-24.0743],[-49.6474888,-24.0745135],[-49.647620199999899,-24.074744899999899],[-49.6477677,-24.0749023],[-49.6479155,-24.0750507],[-49.6481022,-24.075216699999899],[-49.648229199999903,-24.0753184],[-49.6483133999999,-24.0754295999999],[-49.6483931,-24.0755698],[-49.648395799999903,-24.075762],[-49.6483478,-24.075958199999899],[-49.6482953,-24.0761716],[-49.6482194,-24.076403899999899],[-49.64809,-24.0766318],[-49.6479260999999,-24.0768310999999],[-49.6477184,-24.0769814],[-49.6474774,-24.0771104999999],[-49.6473237,-24.077228299999899],[-49.647191399999897,-24.0773644],[-49.647014399999897,-24.0775515999999],[-49.646884999999898,-24.0776949],[-49.646805,-24.077760899999902],[-49.6467084,-24.077840599999899],[-49.646500699999898,-24.077948],[-49.6462734,-24.0780498999999],[-49.6461068999999,-24.078154799999901],[-49.6459323999999,-24.078255899999899],[-49.6458211,-24.0782748],[-49.645609799999903,-24.0782465999999],[-49.6454383,-24.0781555],[-49.645226599999901,-24.078101],[-49.6450351,-24.0779974],[-49.644848099999898,-24.077863],[-49.6448038,-24.0777881],[-49.6447653,-24.0777231],[-49.6447152,-24.077531599999901],[-49.644762399999898,-24.0773206],[-49.6448445,-24.0770926],[-49.6448781,-24.076891499999899],[-49.644876699999898,-24.076648599999899],[-49.6448397999999,-24.0764171],[-49.6447352,-24.0763087999999],[-49.6445841,-24.0763059],[-49.6444071,-24.076423799999901],[-49.6442767,-24.0766272],[-49.6441703,-24.0768153],[-49.6441088,-24.0769888999999],[-49.6440431,-24.0772205],[-49.6439872999999,-24.0773851],[-49.643983999999897,-24.0774011],[-49.6439487,-24.0775719],[-49.643881099999902,-24.0777368],[-49.6438067,-24.0778935],[-49.643710499999898,-24.0779904],[-49.643528199999899,-24.078064099999899],[-49.6433066,-24.078127499999901],[-49.6431527,-24.0781206],[-49.6429438,-24.0781567],[-49.6426941,-24.0781491],[-49.6425179,-24.0780644],[-49.6423573,-24.077906799999901],[-49.642221199999902,-24.077753899999902],[-49.6420651,-24.0776369],[-49.6418537,-24.0775366],[-49.641687499999897,-24.0774043],[-49.641515399999903,-24.077296],[-49.6413724,-24.0771983],[-49.6411763,-24.077033399999902],[-49.6410771,-24.076842],[-49.641116699999898,-24.076607399999901],[-49.6412644,-24.076476699999901],[-49.6414718,-24.0764121],[-49.641692099999901,-24.0763706],[-49.6418993999999,-24.076336],[-49.6421384,-24.0763076],[-49.642319799999903,-24.076222899999902],[-49.6423904,-24.076098199999901],[-49.6424734,-24.0759237],[-49.6424918,-24.075705099999901],[-49.64246,-24.0754433],[-49.642415899999897,-24.075241499999901],[-49.6423093,-24.075063],[-49.642234099999897,-24.0748608],[-49.642167,-24.0746217],[-49.6421323,-24.074551799999899],[-49.6420768999999,-24.0744402999999],[-49.6419392,-24.074340499999899],[-49.641738,-24.0743218],[-49.6415026,-24.074354],[-49.641352099999899,-24.0743548999999],[-49.6412273,-24.0743398],[-49.6411975,-24.074336199999902],[-49.6411825,-24.074329299999899],[-49.6410119,-24.074251],[-49.6408107,-24.074122799999898],[-49.6406297,-24.0740273],[-49.6404204,-24.0740101],[-49.6401681,-24.074062899999898],[-49.640123399999901,-24.0740812],[-49.6399784,-24.074140699999901],[-49.6398616,-24.074265399999899],[-49.6396402,-24.074503799999899],[-49.639522499999899,-24.0746353],[-49.639397899999899,-24.0747172],[-49.6392327,-24.0747507],[-49.6391298,-24.0747458],[-49.639048499999902,-24.074651699999901],[-49.639044899999902,-24.074439599999899],[-49.639091,-24.074220599999901],[-49.6391977,-24.0739892],[-49.6393169,-24.0737947],[-49.6394288,-24.073603299999899],[-49.6395093,-24.0734907],[-49.639586999999899,-24.0733820999999],[-49.639718899999899,-24.073162099999902],[-49.6398316,-24.0729317999999],[-49.639837199999903,-24.0727454],[-49.6397552,-24.072658],[-49.6395924999999,-24.072605399999901],[-49.6393365,-24.072599599999901],[-49.6390976,-24.0726246],[-49.6388494,-24.0726437],[-49.6387553,-24.0726352],[-49.6386436,-24.072625199999901],[-49.6384318,-24.072552],[-49.6382106,-24.072448699999899],[-49.6379835,-24.0723042],[-49.637814299999903,-24.072208799999899],[-49.6376132,-24.0720714999999],[-49.6374043,-24.0719252],[-49.6372598,-24.0717951],[-49.637066499999897,-24.071592],[-49.636840199999902,-24.071441499999899],[-49.6366017,-24.0713071],[-49.6363241,-24.071099699999898],[-49.6361853,-24.071027699999899],[-49.635938199999899,-24.0708994999999],[-49.6356598,-24.070799599999901],[-49.635399499999899,-24.070696499999901],[-49.6351572,-24.0706188],[-49.635006,-24.0705651],[-49.6348804,-24.0705204],[-49.6346857999999,-24.0704137],[-49.6345231,-24.0703245],[-49.634199099999897,-24.0701655999999],[-49.634066699999899,-24.0701005999999],[-49.633807499999897,-24.0700677],[-49.6336661,-24.069788199999898],[-49.6333299,-24.069486],[-49.6328465,-24.0692496],[-49.6326081,-24.0691591],[-49.6325874999999,-24.069151299999898],[-49.632526,-24.0691279],[-49.6325079,-24.0691211],[-49.6323029,-24.0690432],[-49.6318012999999,-24.068935],[-49.631066099999899,-24.068868199999901],[-49.6306757,-24.0687937],[-49.6303884,-24.0685892999999],[-49.6302082999999,-24.0683471],[-49.630031599999903,-24.0680588],[-49.629902699999903,-24.0677712],[-49.6297514,-24.0675888],[-49.6292807,-24.0673512],[-49.6288599,-24.0670901],[-49.6285707,-24.066816399999901],[-49.6283073,-24.0664826],[-49.6281731999999,-24.0662121],[-49.6279547,-24.0660339],[-49.6277435,-24.065917399999901],[-49.627337399999902,-24.0658154],[-49.626879,-24.0656536],[-49.626245099999899,-24.065273499999901],[-49.625788499999899,-24.0648509],[-49.6254456,-24.064516599999902],[-49.625210599999903,-24.0641946],[-49.6248588999999,-24.0637613],[-49.6244032,-24.0633199],[-49.624073699999897,-24.062977299999901],[-49.623732,-24.062585199999901],[-49.623555,-24.0623131],[-49.6233513,-24.061870199999898],[-49.6231718,-24.061530699999899],[-49.6229069,-24.061036499999901],[-49.622870799999902,-24.060954099999901],[-49.622709299999897,-24.0605861999999],[-49.6224751,-24.0600772],[-49.6222236,-24.059611099999898],[-49.6219568,-24.0593342],[-49.621718,-24.0592588],[-49.621371399999902,-24.0593105999999],[-49.6209823,-24.0595941],[-49.6204324,-24.060036399999898],[-49.6197943,-24.0606023],[-49.6193339,-24.0609853999999],[-49.618981899999902,-24.061270599999901],[-49.6186377,-24.0615202],[-49.6182785,-24.061697799999902],[-49.618043199999903,-24.061761],[-49.6177729,-24.0617755],[-49.6176665999999,-24.0617563],[-49.617488,-24.061650799999899],[-49.6173792,-24.061549],[-49.617277199999897,-24.0614535],[-49.6170389,-24.0612229],[-49.6166032,-24.0608013999999],[-49.6161873,-24.060399],[-49.6156839,-24.060044499999901],[-49.6153447,-24.0598178],[-49.6150216999999,-24.0595066],[-49.6147654,-24.0592596],[-49.6145071,-24.0591019],[-49.614433899999902,-24.059063299999899],[-49.6142953,-24.058989999999898],[-49.613790499999901,-24.0588288],[-49.6137249,-24.0588078],[-49.6133646,-24.058640399999899],[-49.613206799999901,-24.0584618],[-49.6131159,-24.0582656999999],[-49.6131458,-24.0581291999999],[-49.6131756999999,-24.0579928],[-49.6133953,-24.0576995],[-49.613502099999899,-24.0575762],[-49.6135042,-24.057573799999901],[-49.6135062,-24.057575499999899],[-49.6135444,-24.0575274],[-49.613581699999898,-24.0574844],[-49.6138397,-24.0571868],[-49.6145322,-24.0563309],[-49.6150627,-24.0556804],[-49.615293,-24.0552718],[-49.6155914,-24.0547614],[-49.6160624,-24.054289099999899],[-49.6167202,-24.0537259],[-49.617351,-24.0532208],[-49.6176942,-24.0529180999999],[-49.617979799999901,-24.0526601],[-49.6182034999999,-24.0525044],[-49.6184926,-24.052497399999901],[-49.618711,-24.0526154],[-49.6188554,-24.052806],[-49.6190099,-24.053004499999901],[-49.6193104,-24.0532671],[-49.6196472,-24.053442099999899],[-49.620007299999898,-24.0534729],[-49.6204028,-24.0535068],[-49.620762699999901,-24.053444899999899],[-49.6210389,-24.0533272],[-49.621382299999901,-24.053125899999898],[-49.6216241,-24.0529025],[-49.6218939,-24.0525732],[-49.6220699,-24.052229399999899],[-49.6224147,-24.0514886],[-49.6226857999999,-24.0506372],[-49.6230441,-24.0494744],[-49.623383499999903,-24.048376399999899],[-49.623524,-24.0478193],[-49.6236243,-24.0473795],[-49.623750099999903,-24.0470759],[-49.623958899999899,-24.0468458],[-49.6241269,-24.0466885],[-49.6242741,-24.046616599999901],[-49.6244606,-24.046599899999901],[-49.624659199999897,-24.0466994],[-49.625224199999899,-24.047089],[-49.6256175,-24.0473248],[-49.6261679,-24.0476466],[-49.626179599999901,-24.0476535],[-49.6267761,-24.0478848],[-49.6273535,-24.0480365],[-49.627831899999897,-24.048108],[-49.628160599999902,-24.0481313],[-49.6286846,-24.0480863],[-49.6289161999999,-24.048034],[-49.6291217,-24.0479877],[-49.6295393,-24.0478487],[-49.6300507,-24.0476012],[-49.630402199999899,-24.047408899999901],[-49.6305872,-24.0472554],[-49.630621699999899,-24.047075499999899],[-49.630623199999903,-24.046935],[-49.630565499999904,-24.046749],[-49.6305115,-24.0463857],[-49.630553,-24.045960099999899],[-49.630650199999899,-24.045528],[-49.6307421,-24.045078299999901],[-49.630717699999899,-24.0446964],[-49.6306213,-24.0444583999999],[-49.6304133,-24.044249599999901],[-49.630105899999897,-24.0440957],[-49.6298446,-24.0439509],[-49.6295239,-24.043698499999898],[-49.629509599999899,-24.0436877],[-49.6290622,-24.043349799999898],[-49.6286519,-24.043132399999902],[-49.6282935999999,-24.043037599999899],[-49.6279506,-24.0431153],[-49.6275717,-24.0433365],[-49.6269543,-24.043819499999898],[-49.6261028,-24.044480599999901],[-49.625688099999898,-24.044802],[-49.625101099999902,-24.045123],[-49.6247074,-24.0453919],[-49.6246199,-24.0454232],[-49.6243062,-24.045535399999899],[-49.6239823,-24.045558],[-49.6238159,-24.045556599999902],[-49.623584,-24.0454629],[-49.6234261,-24.045308599999899],[-49.6233093,-24.0450326],[-49.6232254,-24.0444901],[-49.623177499999898,-24.043687799999901],[-49.623137,-24.0431637],[-49.6230902,-24.0427758],[-49.623067999999897,-24.0424573],[-49.623101,-24.0420822],[-49.6231734,-24.0418448],[-49.623368399999897,-24.041645],[-49.6236428,-24.0415009],[-49.624264,-24.041286699999901],[-49.625322099999899,-24.041006799999899],[-49.626732499999903,-24.0406982],[-49.627427,-24.0405464],[-49.6281276,-24.0403355],[-49.6286858,-24.0401807],[-49.6289027,-24.0400457],[-49.6290418,-24.039739999999899],[-49.629181899999899,-24.0392525],[-49.6293553,-24.0385765],[-49.6294397,-24.0379526],[-49.6294404,-24.0373895],[-49.629405,-24.0369304],[-49.629515,-24.036553399999899],[-49.6296842,-24.0362317999999],[-49.6299637,-24.035864499999899],[-49.630420199999897,-24.0355463],[-49.630888599999899,-24.035276],[-49.631179599999903,-24.0351046],[-49.631484999999898,-24.034842099999899],[-49.6317076999999,-24.0345751999999],[-49.6318987,-24.034260399999901],[-49.632088699999898,-24.0339281],[-49.6322519,-24.0335977999999],[-49.632477299999898,-24.0331246],[-49.6327888,-24.032532],[-49.6329691,-24.0321168],[-49.6330761,-24.031767499999901],[-49.633127699999903,-24.031294],[-49.633099,-24.0309124],[-49.6329621,-24.030542099999899],[-49.632871,-24.0303398],[-49.6325535,-24.0298564],[-49.6322554,-24.0294464],[-49.6320924,-24.029173699999902],[-49.632033099999902,-24.0288454999999],[-49.631996,-24.0285069],[-49.6319022,-24.0282516],[-49.631734499999901,-24.0280468999999],[-49.6315628,-24.027929399999898],[-49.6313441,-24.027841899999899],[-49.6311367,-24.0278011],[-49.6310187,-24.027777899999901],[-49.6304734,-24.027748599999899],[-49.6299481,-24.0277194999999],[-49.629622599999898,-24.027667699999899],[-49.6291514,-24.0275414],[-49.628567,-24.027438399999902],[-49.6280141,-24.0273518999999],[-49.627651899999897,-24.0272859],[-49.6274976,-24.027257899999899],[-49.6268075,-24.0270806999999],[-49.6263658,-24.0269084],[-49.6261388,-24.0267143999999],[-49.6260341999999,-24.0265343999999],[-49.625987,-24.0262031],[-49.626019799999902,-24.0257037],[-49.6261273,-24.0246102999999],[-49.6262578,-24.0237447],[-49.6262986999999,-24.0233279],[-49.626292299999903,-24.0229558999999],[-49.6262144,-24.022476599999901],[-49.6260793,-24.0219835],[-49.6259962,-24.021603],[-49.6259808,-24.0212197],[-49.6260103,-24.020929099999901],[-49.6260933,-24.020604499999902],[-49.6262671,-24.020263499999899],[-49.6265839,-24.019851399999901],[-49.627011,-24.0194015],[-49.6274327,-24.0190643],[-49.6277683,-24.0188065],[-49.6280676,-24.018532],[-49.628290299999897,-24.0183031],[-49.628492799999897,-24.018],[-49.6286059,-24.0177439],[-49.6286488,-24.017402999999899],[-49.6286641,-24.017152399999901],[-49.628672299999899,-24.0170191],[-49.6285462,-24.0166378],[-49.628367899999901,-24.016463799999901],[-49.6282295,-24.016340399999901],[-49.628062199999903,-24.0163046],[-49.6278827,-24.0162908],[-49.6277659,-24.0163726],[-49.6275742999999,-24.0165201],[-49.6273861,-24.0166955],[-49.6270187,-24.0169232],[-49.6265286,-24.0170467],[-49.625961399999902,-24.017147899999902],[-49.625748,-24.017155199999898],[-49.625704599999899,-24.017156699999902],[-49.625185299999899,-24.0171826],[-49.6247867,-24.017124099999901],[-49.624521899999898,-24.016999499999901],[-49.6243837,-24.016863999999899],[-49.6243451,-24.0167354],[-49.6243602,-24.0165706999999],[-49.6244257,-24.0163474],[-49.6244028,-24.015950799999899],[-49.624334599999898,-24.015581],[-49.624206699999903,-24.0152302],[-49.6240332,-24.014886999999899],[-49.623946799999899,-24.0147413],[-49.623836099999899,-24.0145547999999],[-49.6236509,-24.014451399999899],[-49.6234451999999,-24.0143945999999],[-49.623145899999898,-24.0143919],[-49.6227923,-24.0144864],[-49.6223079,-24.0145985],[-49.621758699999901,-24.0146703999999],[-49.6212959,-24.0147759],[-49.6207929,-24.0149425],[-49.6202109,-24.0152204],[-49.619628299999903,-24.0155753999999],[-49.6188443,-24.0161356999999],[-49.6181541999999,-24.0166095],[-49.6181291,-24.0166217999999],[-49.617756799999903,-24.0168027],[-49.617541699999897,-24.016881199999901],[-49.617268,-24.016933799999901],[-49.617091899999899,-24.016923899999899],[-49.6169542,-24.016775499999898],[-49.6169401,-24.0165172],[-49.6169788,-24.0160409],[-49.6170463,-24.0156263],[-49.617147,-24.0152123],[-49.6173371,-24.0145704],[-49.6174842,-24.0141374],[-49.617631199999899,-24.013766299999901],[-49.6176485,-24.013723899999899],[-49.6177577999999,-24.0134558],[-49.6177704,-24.0132055999999],[-49.6176551,-24.0130123],[-49.6174965,-24.0129070999999],[-49.6172711,-24.0128318],[-49.6169786,-24.0128108],[-49.6168665,-24.0128098],[-49.616685899999901,-24.012808199999899],[-49.6164532,-24.0127939],[-49.6161549,-24.0126935],[-49.615924199999903,-24.012489899999899],[-49.6157057,-24.0120863],[-49.6154453,-24.0116054],[-49.615217,-24.0112273999999],[-49.6150878,-24.010886],[-49.6150299,-24.0106360999999],[-49.615158699999903,-24.0104112],[-49.6153838,-24.0101936],[-49.6157623,-24.009978799999899],[-49.6161769,-24.009785],[-49.6166471,-24.009621099999901],[-49.6172612,-24.0094356],[-49.617805599999897,-24.0092465],[-49.6182769,-24.00907],[-49.6189715,-24.0087627],[-49.6196973,-24.008545899999898],[-49.6200573,-24.008443699999901],[-49.620438,-24.008330699999899],[-49.620730599999902,-24.0082973],[-49.6211031,-24.008300599999899],[-49.6213274999999,-24.0082863],[-49.6215225,-24.008273899999899],[-49.6218294,-24.008197199999898],[-49.6219973,-24.0080522],[-49.6220395,-24.007850899999902],[-49.6219743,-24.00771],[-49.6217038,-24.007493899999901],[-49.6213964,-24.0072779],[-49.621202,-24.007141299999901],[-49.6207256,-24.0068927999999],[-49.619527499999897,-24.0063324],[-49.6187664,-24.005953],[-49.6179432,-24.0055163],[-49.6176151,-24.0052951],[-49.617527799999898,-24.0052363],[-49.6172256,-24.0050325],[-49.616834,-24.004722699999899],[-49.6165904,-24.004446],[-49.6164729,-24.0042574],[-49.616444699999903,-24.0040743],[-49.6165131,-24.003948099999899],[-49.6166625,-24.003895499999899],[-49.616788799999902,-24.0039027],[-49.616949,-24.003855299999898],[-49.617142999999899,-24.0037593],[-49.6172966,-24.0037058],[-49.617536,-24.003708],[-49.617734299999903,-24.0038258],[-49.6179193,-24.0039871],[-49.6179322,-24.003998399999901],[-49.6182396,-24.004190299999902],[-49.6186322,-24.0044688999999],[-49.618982699999897,-24.0046614],[-49.6193479,-24.0047379],[-49.619786299999902,-24.0047969],[-49.6202694999999,-24.0048171],[-49.6207726,-24.0048346],[-49.6212864,-24.0047609],[-49.62185,-24.0046034],[-49.622381399999902,-24.0044007],[-49.6224544,-24.0043729],[-49.6229523,-24.0041294],[-49.6232406,-24.0039042],[-49.623376,-24.0036413],[-49.623412599999902,-24.0032277],[-49.6233935,-24.0025252],[-49.623378499999902,-24.0015362],[-49.623373399999899,-24.0004986],[-49.6233731,-24.0004956],[-49.623322503789616,-24.0],[-49.487345052897837,-24.0],[-49.486404999999898,-24.0004387],[-49.48694856393039,-24.002851418100096],[-49.488041176,-24.002870484],[-49.488820044999898,-24.003038604],[-49.4898321269999,-24.004450646999899],[-49.492061667999899,-24.005729107],[-49.494470533,-24.006854737],[-49.495764831,-24.007187905999899],[-49.497509313999899,-24.006829393],[-49.49909008,-24.006003709],[-49.501371514,-24.00495753],[-49.502177017999898,-24.0038092039999],[-49.503244017,-24.002664796],[-49.505262573,-24.001691964],[-49.506910203999901,-24.0017966529999],[-49.50665679,-24.005513208],[-49.506633227999899,-24.006596868],[-49.509152393999898,-24.010671455],[-49.508410528999896,-24.012828426999899],[-49.506992134,-24.014199543999897],[-49.505370124,-24.016962695],[-49.5042482429999,-24.020663729],[-49.503176182999894,-24.022040963999899],[-49.502288756,-24.022956232],[-49.500669326,-24.025563969999897],[-49.498746044,-24.026151763],[-49.496498029999898,-24.025647851],[-49.493686289,-24.0271508609999],[-49.492921587999895,-24.03039261],[-49.491351995999892,-24.030675539999898],[-49.488923913999898,-24.0304789959999],[-49.485999373,-24.029189947],[-49.483047543999902,-24.029139184],[-49.482459086999896,-24.032228968],[-49.483569078999899,-24.033177904999899],[-49.486863338,-24.033467554],[-49.488676195,-24.033963193],[-49.488362959999897,-24.036438711999899],[-49.487314427999898,-24.036730368999898],[-49.483330328999898,-24.036196601],[-49.482448157,-24.036801796999899],[-49.4825173,-24.037655960999896],[-49.483278925,-24.038599675999897],[-49.486192189999898,-24.0404325209999],[-49.488179762999899,-24.040931713],[-49.489231016999895,-24.040483650999899],[-49.489345536,-24.039168382],[-49.490406396,-24.038333918],[-49.4907537939999,-24.038340046],[-49.491010704999894,-24.038498522999902],[-49.491237239,-24.040130877],[-49.492079794999896,-24.0413077229999],[-49.491962959,-24.042701187],[-49.490116379,-24.043755801],[-49.488714070999897,-24.0443513989999],[-49.488772265999899,-24.045670196999897],[-49.489256071999897,-24.047383775],[-49.489049687,-24.04893055],[-49.4872689379999,-24.050915731],[-49.485482789999899,-24.053210996],[-49.483973002999896,-24.0587667359999],[-49.483899277,-24.062176604999898],[-49.483154361999901,-24.064489437],[-49.4824067529999,-24.066956881999896],[-49.484887834999903,-24.072735768],[-49.484827788999894,-24.075525644],[-49.484956108999896,-24.077698906999899],[-49.48887354,-24.081331849],[-49.491969695,-24.082781064],[-49.4953734099999,-24.0860951619999],[-49.495347089999896,-24.087335575999898],[-49.494623167,-24.088718356999902],[-49.488008586,-24.089224874999896],[-49.481756087999898,-24.089118105999898],[-49.479480177999896,-24.089855266],[-49.478107301,-24.0913838079999],[-49.481385835999895,-24.094762697],[-49.486696783999896,-24.101720100999902],[-49.492304003999898,-24.106467692],[-49.498907887,-24.107227253999898],[-49.508600197999904,-24.105547449],[-49.515438514,-24.103237942],[-49.523631447999897,-24.0961797319999],[-49.531273901,-24.094324968999899],[-49.540452781999896,-24.099330257],[-49.549830633999903,-24.101509022],[-49.553944524,-24.101597265999899],[-49.553601371999903,-24.101222832999898],[-49.551438197,-24.101081619],[-49.550796734999899,-24.100966585],[-49.548656292,-24.099780412],[-49.547561808999895,-24.098979089999901],[-49.546100525,-24.098902829999901],[-49.545240244999903,-24.0980522139999],[-49.544910612999892,-24.097002055],[-49.544928803999902,-24.096166297],[-49.545232492999901,-24.095649536999897],[-49.546478566999902,-24.094834728999899],[-49.547068652999897,-24.094584214999898],[-49.547780524999894,-24.094177217],[-49.54926083,-24.093366785999901],[-49.549981667999894,-24.092491419999899],[-49.550648499,-24.091405116],[-49.55072432,-24.090623901999898],[-49.5506784029999,-24.089996442],[-49.549818138,-24.089145866],[-49.5485471329999,-24.088392905],[-49.548321957,-24.087972020999899],[-49.548325620999897,-24.087814699],[-49.548634743,-24.087036044999898],[-49.549634742999899,-24.08679252],[-49.550521289999899,-24.0863890269999],[-49.551041057999896,-24.086710568999901],[-49.551600321999899,-24.087921458],[-49.5532876729999,-24.088420400999901],[-49.555520163,-24.088040460999899],[-49.556461626,-24.087794227],[-49.55720833,-24.088434780999901],[-49.557010050999899,-24.089528019999896],[-49.555327845999898,-24.09158905],[-49.554443072999902,-24.091887976999899],[-49.553561073,-24.092081417],[-49.553710494,-24.093338108999898],[-49.55439326,-24.094236092],[-49.556081542,-24.094683189999898],[-49.556822946999894,-24.095635714],[-49.557445365,-24.096638331999898],[-49.557891188,-24.097691101999896],[-49.560042531999898,-24.098353361],[-49.5608560209999,-24.098629209999899],[-49.561083967999899,-24.098946435999899],[-49.561476680999895,-24.099736423],[-49.561578433999898,-24.100469347999901],[-49.561858554,-24.101048438],[-49.561843375,-24.101767810999899],[-49.562795964,-24.10178826],[-49.567183539,-24.100940615],[-49.576156566999899,-24.096267821],[-49.5792389369999,-24.096150386],[-49.581320966999897,-24.098254278999896],[-49.581937415999896,-24.100939759],[-49.5818400429999,-24.106511381],[-49.585631356999897,-24.111007668999896],[-49.592290336999902,-24.1127449049999],[-49.598984180999892,-24.111323795],[-49.601643196999895,-24.1089355239999],[-49.603296578999903,-24.104573849],[-49.602114139,-24.094739707],[-49.603323764,-24.088203072999899],[-49.604971068999902,-24.0859875619999],[-49.607412822999898,-24.085118171],[-49.613669054999896,-24.086041993],[-49.613198102999895,-24.087282279999897],[-49.613316079999898,-24.087871658],[-49.613435882,-24.088816751],[-49.613366325999898,-24.089759079],[-49.613968660999902,-24.090516554],[-49.614996585,-24.090525200999899],[-49.615492525,-24.089714634],[-49.616591779,-24.089661549],[-49.617409133,-24.0901738109999],[-49.617942179999901,-24.090930267],[-49.618482758,-24.091819649999898],[-49.618753924,-24.092706011999901],[-49.619427615999896,-24.093401755999899],[-49.620245963999899,-24.093914033],[-49.621000727,-24.094550007999899],[-49.621051255999895,-24.095494110999898],[-49.620345093,-24.097253196999898],[-49.620325932999904,-24.0991487689999],[-49.6201861179999,-24.100090110999897],[-49.619620868999895,-24.100899706999897],[-49.6192007,-24.101907013999902],[-49.619258954,-24.102914026999898],[-49.619943259,-24.103619047999899],[-49.622138798,-24.103638335],[-49.622956223,-24.104149699999901],[-49.623357395,-24.105028897999897],[-49.624018893,-24.106802533999897],[-49.624079196999894,-24.1077468199999],[-49.624069219,-24.1086900879999],[-49.624198830999902,-24.109635393],[-49.624742522999895,-24.110401144],[-49.625705400999898,-24.110159533999898],[-49.626671512,-24.109783322999899],[-49.627701602999892,-24.109667321],[-49.628725361999898,-24.109870547999897],[-49.629753363999903,-24.109879146],[-49.630791824,-24.109380248],[-49.631757772999897,-24.109013117],[-49.632645500999899,-24.109526397],[-49.633178631,-24.110282883],[-49.633158587999894,-24.112178533999899],[-49.632949503999896,-24.113118921],[-49.632188265999901,-24.113738316],[-49.631359668,-24.114240281],[-49.630461970999896,-24.114670277],[-49.629700724,-24.11528967],[-49.6288700859999,-24.115854376999899],[-49.628305866999895,-24.116602187999899],[-49.627749255,-24.117420163],[-49.627057227,-24.118103339999898],[-49.626500591,-24.118922228],[-49.625807592999898,-24.1196044829999],[-49.625321237,-24.120424396],[-49.624757013999897,-24.121171305],[-49.623926485,-24.121727823],[-49.623097845,-24.122229780999898],[-49.622146421,-24.121902937],[-49.621121442999893,-24.121769715],[-49.620083618,-24.1217618549999],[-49.619051445,-24.121940582],[-49.618565216,-24.122751396999899],[-49.618009538,-24.123569389],[-49.616746669999898,-24.126201229999896],[-49.616260274999895,-24.12702115],[-49.615832536999896,-24.127894699],[-49.615543903999892,-24.1297865559999],[-49.615524131,-24.130729759],[-49.615653723,-24.131675146999896],[-49.616196611999897,-24.132431868],[-49.616896198999896,-24.132696837],[-49.618685991999897,-24.132238018999896],[-49.622782128,-24.131261467999899],[-49.623717332999902,-24.131276921999898],[-49.625694358,-24.1319371559999],[-49.626370344999891,-24.133201669],[-49.626479498,-24.1336217849999],[-49.628417218,-24.136161174999899],[-49.627419266999894,-24.13907],[-49.627278950999894,-24.140216199999898],[-49.628971711999903,-24.143274348],[-49.630118084999893,-24.144442937999898],[-49.630835195,-24.143723655],[-49.630742196,-24.142572222],[-49.630772559,-24.141110507999898],[-49.631259833999898,-24.140178619],[-49.632079871999899,-24.140192371],[-49.633947819999896,-24.140432448999899],[-49.637436231,-24.141638687],[-49.63884726,-24.141348922999896],[-49.639449911,-24.140523331999898],[-49.6394668249999,-24.139687415],[-49.638326658,-24.138205072999899],[-49.638114711,-24.1371574829999],[-49.638187048999896,-24.133710219999902],[-49.6370469,-24.132228816999898],[-49.6370593279999,-24.131603031999898],[-49.637900735999892,-24.130571683],[-49.639541525,-24.1304945279999],[-49.639675570999898,-24.129661255],[-49.639121168,-24.128188388],[-49.637746744,-24.126703614999901],[-49.637187864999895,-24.125440861999898],[-49.637565163,-24.124192627999896],[-49.639671752,-24.124227779999899],[-49.641531633999904,-24.124885284],[-49.643253793,-24.126480613],[-49.646373728,-24.128517461999898],[-49.648377347999897,-24.128990503999898],[-49.650103273999896,-24.130481243],[-49.65171207,-24.131970284],[-49.6521752089999,-24.132187163],[-49.652727964999897,-24.133763724999898],[-49.653410298,-24.134714377999899],[-49.654698905,-24.134735760999899],[-49.656781558,-24.135919579],[-49.656880874,-24.136757165999899],[-49.656040498,-24.137788606],[-49.655919831999896,-24.137880573999897],[-49.657561503999901,-24.139511129],[-49.659594452999897,-24.139695201999899],[-49.663039064,-24.139314618999897],[-49.664303157999896,-24.137582317999897],[-49.663402280999897,-24.133624222],[-49.665429127,-24.130590997],[-49.669869541999901,-24.129567832],[-49.675004460999901,-24.130528927999897],[-49.678655440999897,-24.132121841],[-49.681527966,-24.135674236999897],[-49.682913614999897,-24.139859462999897],[-49.683609255999897,-24.141842045],[-49.685960644,-24.146919273],[-49.689338308999901,-24.149822104999899],[-49.693510927,-24.1498901759999],[-49.698940916,-24.148444861],[-49.703162988,-24.146104136],[-49.709367351,-24.141151277999896],[-49.709026454,-24.140623235999897],[-49.708926968999897,-24.139785655],[-49.708024125999891,-24.138099528999902],[-49.706271555999898,-24.137966196],[-49.705581912999897,-24.137328535999899],[-49.705361613,-24.136593869],[-49.706788490999898,-24.135572505],[-49.707400503,-24.134223775999899],[-49.7074348559999,-24.132552900999901],[-49.707024447,-24.12972475],[-49.707672731999892,-24.126706149],[-49.707298389999892,-24.122103561],[-49.707447202999894,-24.120538116],[-49.708528711,-24.119197083],[-49.711825064,-24.118310746],[-49.712897691,-24.117388990999899],[-49.712918785999896,-24.116343957],[-49.712355161999895,-24.11528967],[-49.711322014999894,-24.114227768],[-49.710890476,-24.112445742],[-49.710805958,-24.11087702],[-49.711188992,-24.109316806],[-49.712402530999896,-24.107246269],[-49.713515559,-24.104340082],[-49.714640996999897,-24.102518491999898],[-49.710989024,-24.0995743359999],[-49.711137486,-24.097197556],[-49.707999389999898,-24.099339659999899],[-49.703143703999899,-24.102081244],[-49.702323781999901,-24.102067688],[-49.700453345999897,-24.101932648999899],[-49.691324848999898,-24.101784495999897],[-49.690832449999903,-24.102925505],[-49.691416401,-24.103038506],[-49.692931991,-24.103376839],[-49.693852090999897,-24.104123281999897],[-49.694305614999898,-24.104862124],[-49.694283485,-24.105906185],[-49.693324505999897,-24.107039615],[-49.690036112,-24.107508250999899],[-49.68817104,-24.107164879],[-49.687368838999902,-24.1063154839999],[-49.684513162999899,-24.102822002],[-49.682683412,-24.100702414999898],[-49.682827163999896,-24.099450886999897],[-49.683886524999899,-24.099154996],[-49.684805829,-24.100006060999899],[-49.686433112,-24.100555264],[-49.687369187999899,-24.100570531999896],[-49.688097597,-24.09932831],[-49.688006077999894,-24.098073407999898],[-49.687331613,-24.0967046119999],[-49.684791215,-24.094991521999901],[-49.682817027999903,-24.094227191],[-49.680617458999897,-24.093042055],[-49.678792237,-24.0907142689999],[-49.679391949,-24.089992422],[-49.681260556,-24.090232172999901],[-49.685579736,-24.090825530999897],[-49.691431199999897,-24.090921389],[-49.692350497999897,-24.091772406],[-49.694586268,-24.0911822479999],[-49.696690885999899,-24.091320675999899],[-49.697036123,-24.091639465999897],[-49.697482517,-24.092691101],[-49.69732213,-24.094777468999901],[-49.698235306999898,-24.095942239999896],[-49.699628340999894,-24.096487096],[-49.700924625999903,-24.096090834999899],[-49.701548111999898,-24.094220316999898],[-49.700407775999899,-24.092739376999898],[-49.698094462,-24.091343519],[-49.697759042999898,-24.090607323],[-49.697771352999894,-24.089979817],[-49.697895598999892,-24.089668666],[-49.698279711999902,-24.089820629],[-49.6958141429999,-24.0855270939999],[-49.696082083,-24.084436604999901],[-49.696608781999899,-24.0826930539999],[-49.696898696999895,-24.080507666999896],[-49.696466470999901,-24.077653365999897],[-49.696529777,-24.074587886],[-49.699544854999893,-24.071132668999898],[-49.701031362,-24.070500851],[-49.7015891409999,-24.06722423],[-49.701194554745612,-24.065966736010065],[-49.701046,-24.0660487]],[[-49.558734396,-24.020026851999898],[-49.559378763,-24.018928673999898],[-49.560017392999896,-24.018052318999896],[-49.563658872999895,-24.016228154],[-49.566449895999895,-24.013501977],[-49.567316434999896,-24.013627542999899],[-49.567520639999891,-24.015738622],[-49.565997404,-24.017265812999899],[-49.562734415,-24.018873702999898],[-49.561341704,-24.020069958],[-49.560580042,-24.020834459],[-49.558970851999895,-24.020585115],[-49.558734396,-24.020026851999898]]],[[[-49.4814223,-24.0052243],[-49.481343341235814,-24.005312144291725],[-49.481475405881774,-24.005245497358313],[-49.4814223,-24.0052243]]],[[[-49.4875964,-24.022108199999899],[-49.487773252396188,-24.023374708835828],[-49.487953183999899,-24.023176758],[-49.488506946999898,-24.021635354],[-49.48851274560004,-24.02136163673287],[-49.4875964,-24.022108199999899]]],[[[-49.4845379,-24.0238773999999],[-49.482452710072252,-24.024002981712766],[-49.48297396,-24.024486093999901],[-49.485237307,-24.024215467],[-49.485563252758482,-24.024160569520824],[-49.4845379,-24.0238773999999]]],[[[-49.480356599999901,-24.0200753],[-49.480330084153657,-24.020052875996456],[-49.480362547908015,-24.020155080120293],[-49.480356599999901,-24.0200753]]],[[[-49.4634430999999,-24.0274358],[-49.463425099999903,-24.027501899999901],[-49.46338921921204,-24.027635832640591],[-49.463507834386768,-24.027401397429106],[-49.4634430999999,-24.0274358]]]]}},
{"type":"Feature","properties":{"fid":216,"id1":984244,"cd_fcim":"SG22","leg_carga":"Iu.SM","cd_fito":"SM","cd_leg_2":"Iu","clas_domi":"Iu","leg_uveg":null,"nm_uveg":null,"leg_uantr":"Iu","nm_uantr":"Influência urbana","leg_contat":"SM","nm_contat":"Contato Savana/Floresta Ombrófila Mista","veg_pretet":"SM","nm_pretet":"Contato Savana/Floresta Ombrófila Mista","leg_sec1":null,"nm_sec1":null,"leg_sec2":null,"nm_sec2":null,"leg_sup":"Área Antrópica Dominante em Tensão Ecológica","legenda_1":"Contato (Ecótono e Encrave)","legenda_2":"Influência urbana","legenda":"4Iu - Influência urbana","ar_poli_km":0.2468,"leg1_id":13.0,"leg2_id":48.0},"geometry":{"type":"MultiPolygon","coordinates":[[[[-49.558970851999895,-24.020585115],[-49.560580042,-24.020834459],[-49.561341704,-24.020069958],[-49.562734415,-24.018873702999898],[-49.565997404,-24.017265812999899],[-49.567520639999891,-24.015738622],[-49.567316434999896,-24.013627542999899],[-49.566449895999895,-24.013501977],[-49.563658872999895,-24.016228154],[-49.560017392999896,-24.018052318999896],[-49.559378763,-24.018928673999898],[-49.558734396,-24.020026851999898],[-49.558970851999895,-24.020585115]]]]}},
{"type":"Feature","properties":{"fid":217,"id1":980374,"cd_fcim":"SG22","leg_carga":"Re+Rp+Vss.SM","cd_fito":"SM","cd_leg_2":"R","clas_domi":"Re","leg_uveg":null,"nm_uveg":null,"leg_uantr":"Re","nm_uantr":"Florestamento/Reflorestamento com Eucaliptos","leg_contat":"SM","nm_contat":"Contato Savana/Floresta Ombrófila Mista","veg_pretet":"SM","nm_pretet":"Contato Savana/Floresta Ombrófila Mista","leg_sec1":"Rp","nm_sec1":"Florestamento/Reflorestamento com Pinus","leg_sec2":"Vss","nm_sec2":"Vegetação Secundária sem palmeiras","leg_sup":"Área Antrópica Dominante em Tensão Ecológica","legenda_1":"Contato (Ecótono e Encrave)","legenda_2":"Florestamento/Reflorestamento","legenda":"4Re - Florestamento/Reflorestamento com Eucaliptos","ar_poli_km":23.6257,"leg1_id":13.0,"leg2_id":50.0},"geometry":{"type":"MultiPolygon","coordinates":[[[[-49.487206,-24.0039940999999],[-49.4868273,-24.0052623999999],[-49.4861806,-24.0065759],[-49.4848215,-24.006581099999899],[-49.481475405881774,-24.005245497358313],[-49.481343341235814,-24.005312144291725],[-49.480570999999898,-24.0061714],[-49.481019699999898,-24.0088046],[-49.483486899999903,-24.011922],[-49.4875423,-24.0120965999999],[-49.4896575,-24.0126336],[-49.4920688,-24.014264899999901],[-49.491868,-24.014695199999899],[-49.4915171,-24.0154479],[-49.487349499999901,-24.0153597],[-49.4861554,-24.016632899999902],[-49.490154899999901,-24.0186596],[-49.4900451,-24.0201132],[-49.48851274560004,-24.02136163673287],[-49.488506946999898,-24.021635354],[-49.487953183999899,-24.023176758],[-49.487773252396188,-24.023374708835828],[-49.487792199999902,-24.0235104],[-49.4871537,-24.0245998],[-49.485563252758482,-24.024160569520824],[-49.485237307,-24.024215467],[-49.48297396,-24.024486093999901],[-49.482452710072252,-24.024002981712766],[-49.4815674,-24.024056299999899],[-49.480583399999901,-24.023117399999901],[-49.480362547908015,-24.020155080120293],[-49.480330084153657,-24.020052875996456],[-49.4796049,-24.019439599999899],[-49.4776987,-24.0200917],[-49.4743817,-24.020059699999901],[-49.473889799999903,-24.020547599999901],[-49.474942499999898,-24.0241437],[-49.4737593,-24.0273149],[-49.4731234,-24.0276683],[-49.4710901,-24.0261677],[-49.4695843,-24.0257503],[-49.466340499999902,-24.025896],[-49.463507834386768,-24.027401397429106],[-49.46338921921204,-24.027635832640591],[-49.462449,-24.0311454],[-49.46146963411789,-24.032716269816113],[-49.461651817830187,-24.034334874677246],[-49.4620351,-24.0360042],[-49.462657299999897,-24.0381674],[-49.4622032,-24.0391193],[-49.461512065839038,-24.039684799256232],[-49.461444559,-24.040007578],[-49.460541849,-24.041620166],[-49.459112022999896,-24.043455810999898],[-49.457629922637267,-24.045834254234205],[-49.457599199999898,-24.046722799999898],[-49.4579424,-24.048425899999899],[-49.4575401,-24.0494851999999],[-49.457242618929179,-24.049744075611919],[-49.457141938999897,-24.050243984],[-49.456066138587254,-24.050767878799455],[-49.453845999999899,-24.052699899999901],[-49.45264061534224,-24.054298690074681],[-49.453885735999897,-24.056156929999897],[-49.458213831999899,-24.056851868],[-49.460665909999896,-24.055963909],[-49.462213283,-24.0566876779999],[-49.464869333,-24.058438742],[-49.465363043,-24.059687790999899],[-49.465501613,-24.061318059],[-49.4672443279999,-24.065070115],[-49.46730746,-24.066155326999898],[-49.467287376999899,-24.0670855619999],[-49.466749795999903,-24.06785244],[-49.465784310999901,-24.0682999479999],[-49.464724228,-24.069134434],[-49.463923721999905,-24.06997466],[-49.463990506999899,-24.070905309999901],[-49.464842709,-24.071695011],[-49.465954516999894,-24.072489542],[-49.466534754999898,-24.07381728],[-49.466591485,-24.075214439],[-49.466974633999904,-24.0775462],[-49.466819507999901,-24.079673365999898],[-49.472429747,-24.084199028999898],[-49.474829809999896,-24.088005849999899],[-49.478107301,-24.0913838079999],[-49.479480177999896,-24.089855266],[-49.481756087999898,-24.089118105999898],[-49.488008586,-24.089224874999896],[-49.494623167,-24.088718356999902],[-49.495347089999896,-24.087335575999898],[-49.4953734099999,-24.0860951619999],[-49.491969695,-24.082781064],[-49.48887354,-24.081331849],[-49.484956108999896,-24.077698906999899],[-49.484827788999894,-24.075525644],[-49.484887834999903,-24.072735768],[-49.4824067529999,-24.066956881999896],[-49.483154361999901,-24.064489437],[-49.483899277,-24.062176604999898],[-49.483973002999896,-24.0587667359999],[-49.485482789999899,-24.053210996],[-49.4872689379999,-24.050915731],[-49.489049687,-24.04893055],[-49.489256071999897,-24.047383775],[-49.488772265999899,-24.045670196999897],[-49.488714070999897,-24.0443513989999],[-49.490116379,-24.043755801],[-49.491962959,-24.042701187],[-49.492079794999896,-24.0413077229999],[-49.491237239,-24.040130877],[-49.491010704999894,-24.038498522999902],[-49.4907537939999,-24.038340046],[-49.490406396,-24.038333918],[-49.489345536,-24.039168382],[-49.489231016999895,-24.040483650999899],[-49.488179762999899,-24.040931713],[-49.486192189999898,-24.0404325209999],[-49.483278925,-24.038599675999897],[-49.4825173,-24.037655960999896],[-49.482448157,-24.036801796999899],[-49.483330328999898,-24.036196601],[-49.487314427999898,-24.036730368999898],[-49.488362959999897,-24.036438711999899],[-49.488676195,-24.033963193],[-49.486863338,-24.033467554],[-49.483569078999899,-24.033177904999899],[-49.482459086999896,-24.032228968],[-49.483047543999902,-24.029139184],[-49.485999373,-24.029189947],[-49.488923913999898,-24.0304789959999],[-49.491351995999892,-24.030675539999898],[-49.492921587999895,-24.03039261],[-49.493686289,-24.0271508609999],[-49.496498029999898,-24.025647851],[-49.498746044,-24.026151763],[-49.500669326,-24.025563969999897],[-49.502288756,-24.022956232],[-49.503176182999894,-24.022040963999899],[-49.5042482429999,-24.020663729],[-49.505370124,-24.016962695],[-49.506992134,-24.014199543999897],[-49.508410528999896,-24.012828426999899],[-49.509152393999898,-24.010671455],[-49.506633227999899,-24.006596868],[-49.50665679,-24.005513208],[-49.506910203999901,-24.0017966529999],[-49.505262573,-24.001691964],[-49.503244017,-24.002664796],[-49.502177017999898,-24.0038092039999],[-49.501371514,-24.00495753],[-49.49909008,-24.006003709],[-49.497509313999899,-24.006829393],[-49.495764831,-24.007187905999899],[-49.494470533,-24.006854737],[-49.492061667999899,-24.005729107],[-49.4898321269999,-24.004450646999899],[-49.488820044999898,-24.003038604],[-49.488041176,-24.002870484],[-49.48694856393039,-24.002851418100096],[-49.487206,-24.0039940999999]]]]}},
{"type":"Feature","properties":{"fid":218,"id1":976979,"cd_fcim":"SG22","leg_carga":"SMc/Vss+Sgs+Rp","cd_fito":"SM","cd_leg_2":"Vs","clas_domi":"Vss","leg_uveg":null,"nm_uveg":null,"leg_uantr":"Vss","nm_uantr":"Vegetação Secundária sem palmeiras","leg_contat":"SM","nm_contat":"Contato Savana/Floresta Ombrófila Mista","veg_pretet":"SM","nm_pretet":"Contato Savana/Floresta Ombrófila Mista","leg_sec1":"Sgs","nm_sec1":"Savana Gramíneo-Lenhosa sem floresta-de-galeria","leg_sec2":"Rp","nm_sec2":"Florestamento/Reflorestamento com Pinus","leg_sup":"Área Antrópica Dominante em Tensão Ecológica","legenda_1":"Contato (Ecótono e Encrave)","legenda_2":"Vegetação Secundária","legenda":"4Vss - Vegetação Secundária sem palmeiras","ar_poli_km":24.6074,"leg1_id":13.0,"leg2_id":49.0},"geometry":{"type":"MultiPolygon","coordinates":[[[[-49.237850299999899,-24.4044728],[-49.237304299999899,-24.4053781],[-49.2364537,-24.4084806],[-49.2355492,-24.4095520999999],[-49.2354816,-24.4106925],[-49.23547594986826,-24.410788524677901],[-49.235535808999899,-24.410881717999899],[-49.239863144,-24.415124748],[-49.24300298,-24.417593742999902],[-49.244988131999897,-24.416752591],[-49.245524464,-24.414789093],[-49.246557319,-24.412614869],[-49.242956784999897,-24.408823425],[-49.240303576,-24.406584467],[-49.238939760354739,-24.403643309189722],[-49.237850299999899,-24.4044728]]]]}},
{"type":"Feature","properties":{"fid":329,"id1":984632,"cd_fcim":"SG22","leg_carga":"Iu.SM","cd_fito":"SM","cd_leg_2":"Iu","clas_domi":"Iu","leg_uveg":null,"nm_uveg":null,"leg_uantr":"Iu","nm_uantr":"Influência urbana","leg_contat":"SM","nm_contat":"Contato Savana/Floresta Ombrófila Mista","veg_pretet":"SM","nm_pretet":"Contato Savana/Floresta Ombrófila Mista","leg_sec1":null,"nm_sec1":null,"leg_sec2":null,"nm_sec2":null,"leg_sup":"Área Antrópica Dominante em Tensão Ecológica","legenda_1":"Contato (Ecótono e Encrave)","legenda_2":"Influência urbana","legenda":"4Iu - Influência urbana","ar_poli_km":2.5014,"leg1_id":13.0,"leg2_id":48.0},"geometry":{"type":"MultiPolygon","coordinates":[[[[-50.233356387999898,-24.239854314999899],[-50.236427448,-24.241895234],[-50.238885769,-24.243482467],[-50.238985714,-24.244815334999899],[-50.238711948999892,-24.246253662999898],[-50.2392032939999,-24.246593861999898],[-50.240795621999901,-24.247947257],[-50.240650682999892,-24.249055897999899],[-50.239884591999896,-24.250154036],[-50.237728981,-24.252563692],[-50.236317572,-24.254984506],[-50.235746503,-24.259081622999897],[-50.236629620999899,-24.2653079419999],[-50.235593830999896,-24.267623436999902],[-50.2325799279999,-24.269245074],[-50.230447871,-24.270213254999899],[-50.227209969999898,-24.270499377],[-50.226217219,-24.2703749349999],[-50.224460216999901,-24.271347791],[-50.226398007999897,-24.274150377999899],[-50.227759722999899,-24.274501571],[-50.229137195999897,-24.273966323],[-50.230521420999899,-24.273098893999897],[-50.233528614999898,-24.271810335999898],[-50.234294796,-24.270712122],[-50.235433126,-24.269618578999896],[-50.238816590999903,-24.268112594999899],[-50.242416997999896,-24.2684972129999],[-50.243411337999895,-24.268511476],[-50.243452730999898,-24.266181686],[-50.240479689,-24.265584654999902],[-50.238007028,-24.2647726699999],[-50.237653822999896,-24.263658630999899],[-50.237449751,-24.261214756],[-50.237280380999898,-24.256773355999901],[-50.238915769999899,-24.255687909],[-50.239789217999892,-24.255478572999902],[-50.243261866999894,-24.255971702],[-50.244154581,-24.254764066999897],[-50.244172874999897,-24.253765772999898],[-50.243819671,-24.252650876999898],[-50.244577413999899,-24.251995892],[-50.245322638999895,-24.252006123999898],[-50.247213776999892,-24.25059071],[-50.250334730999896,-24.249858752],[-50.2506094129999,-24.248420406],[-50.248822806999897,-24.244068254999899],[-50.248082398999898,-24.243724961999899],[-50.246002899999894,-24.241808503],[-50.244643921,-24.241345516],[-50.243149977999899,-24.241436048],[-50.241407982999895,-24.2415216479999],[-50.239298677,-24.241269507],[-50.238193559,-24.240477455999898],[-50.236722135,-24.239346774],[-50.235019999,-24.237214738],[-50.233692564999899,-24.234977279999899],[-50.233343631,-24.233639516],[-50.233498540999896,-24.231977694],[-50.233505920999903,-24.231534542],[-50.232389294,-24.231407673],[-50.231637372999899,-24.231729532],[-50.231236952,-24.233278141],[-50.232426168999893,-24.236290233],[-50.232752607999899,-24.238846452999898],[-50.233356387999898,-24.239854314999899]]]]}}
]
}
