{
"type": "FeatureCollection",
"name": "estepe",
"crs": { "type": "name", "properties": { "name": "urn:ogc:def:crs:OGC:1.3:CRS84" } },
"features": [
{"type":"Feature","properties":{"fid":3,"id1":982314,"cd_fcim":"SG22","leg_carga":"Ag+Egf+Rp","cd_fito":"E","cd_leg_2":"Ag","clas_domi":"Ag","leg_uveg":null,"nm_uveg":null,"leg_uantr":"Ag","nm_uantr":"Agropecuária","leg_contat":null,"nm_contat":null,"veg_pretet":"E","nm_pretet":"Estepe","leg_sec1":"Egf","nm_sec1":"Estepe Gramíneo-Lenhosa com floresta-de-galeria","leg_sec2":"Rp","nm_sec2":"Florestamento/Reflorestamento com Pinus","leg_sup":"Área Antrópica Dominante","legenda_1":"Estepe","legenda_2":"Agropecuária","legenda":"3Ag - Agropecuária","ar_poli_km":535.7655,"leg1_id":10.0,"leg2_id":45.0},"geometry":{"type":"MultiPolygon","coordinates":[[[[-49.8124027,-25.2249153],[-49.8125084,-25.2253807],[-49.8125975,-25.2257728],[-49.812744,-25.2261238],[-49.8130646,-25.2264445],[-49.8133576,-25.2268553],[-49.813626199999902,-25.2272318999999],[-49.8140202,-25.227475],[-49.8144541,-25.2275632],[-49.815186099999899,-25.2275701],[-49.8158028,-25.227535799999899],[-49.8164609,-25.227456199999899],[-49.8179377,-25.227276],[-49.8188822,-25.2271982],[-49.819202,-25.227186399999901],[-49.8199468,-25.227159],[-49.820790499999902,-25.226992],[-49.8215837,-25.2268073],[-49.8225027,-25.226526099999901],[-49.8232237,-25.226407299999899],[-49.823768399999899,-25.2263634],[-49.824286099999902,-25.2263611999999],[-49.8262923,-25.2264944],[-49.8273867,-25.2264595],[-49.8285193,-25.2264466],[-49.8293462,-25.2265566999999],[-49.8301774,-25.226592599999901],[-49.8307353,-25.226743499999898],[-49.831109,-25.226954799999898],[-49.8314596,-25.2272263999999],[-49.832032899999902,-25.2274947],[-49.832439099999903,-25.227592199999901],[-49.8332027,-25.227808099999901],[-49.834189299999899,-25.2280461],[-49.8347227,-25.2281644],[-49.8352565,-25.2282974],[-49.8359975,-25.228578899999899],[-49.836712299999903,-25.228939399999899],[-49.837412599999901,-25.229359799999902],[-49.838308299999902,-25.229616399999902],[-49.839161299999901,-25.2296398],[-49.8396546,-25.2296175],[-49.840158899999899,-25.2295492],[-49.8401941,-25.229531999999899],[-49.8405662,-25.229350399999898],[-49.841092499999903,-25.229295],[-49.8415269,-25.2294247],[-49.8418882,-25.2298043],[-49.8421107,-25.230351599999899],[-49.8421559,-25.2304124999999],[-49.8425439,-25.230935799999902],[-49.8430567,-25.231242899999899],[-49.8433211,-25.2313642999999],[-49.843670099999898,-25.2315459],[-49.8441536,-25.2317226],[-49.8446364,-25.231962],[-49.845112399999898,-25.232243],[-49.845669799999897,-25.2325812],[-49.8460573,-25.232843699999901],[-49.8466632,-25.233089499999899],[-49.847454,-25.2334102999999],[-49.848431199999901,-25.233806699999899],[-49.8492768999999,-25.2340295999999],[-49.8502162,-25.2342075],[-49.8520574,-25.2343344],[-49.8532968,-25.234439],[-49.8545,-25.2345802],[-49.855132599999898,-25.234929599999901],[-49.855356,-25.235332099999901],[-49.855537399999903,-25.2360753],[-49.855528499999899,-25.2363697],[-49.855510599999903,-25.2369669],[-49.855403099999897,-25.2376492],[-49.8550293,-25.238221199999899],[-49.8533846,-25.2386227],[-49.8530559,-25.2387042],[-49.8520583,-25.2389516],[-49.850642299999897,-25.239092399999901],[-49.849860299999897,-25.2391813999999],[-49.8490518999999,-25.2391643],[-49.8474945,-25.2392752],[-49.8471663999999,-25.239288499999901],[-49.8468941,-25.239249899999901],[-49.8464863,-25.2391486],[-49.8460702,-25.2389052],[-49.8458274,-25.238813299999901],[-49.845577299999903,-25.238762999999899],[-49.845310299999902,-25.2387691],[-49.8448774,-25.2387717],[-49.8441824,-25.2389095999999],[-49.8435383999999,-25.239207599999901],[-49.8424843,-25.2399106999999],[-49.8419861,-25.2405866],[-49.8417702,-25.2411928],[-49.8416917,-25.2415473],[-49.8417324,-25.241866899999899],[-49.841972499999898,-25.2425385],[-49.842227799999897,-25.2432525],[-49.8429265,-25.2445501999999],[-49.8434295,-25.2454845],[-49.8442026,-25.2467268],[-49.844509899999899,-25.247563699999901],[-49.8446643,-25.248597199999899],[-49.8446134,-25.249752],[-49.8445275999999,-25.2509070999999],[-49.844406499999899,-25.251625],[-49.8441907,-25.2523368],[-49.843972999999899,-25.2530752],[-49.8439433,-25.253197199999899],[-49.8437336,-25.254061],[-49.8433957,-25.2548957999999],[-49.842898799999901,-25.2552109],[-49.8422047,-25.255313699999899],[-49.841361199999902,-25.255308199999899],[-49.8412963,-25.2553076999999],[-49.8403877,-25.2555571],[-49.839377,-25.2560281],[-49.8382647,-25.256687199999899],[-49.836896399999901,-25.2574511],[-49.835301899999898,-25.2585195],[-49.8336619,-25.2593539],[-49.831557,-25.2600434],[-49.8301035,-25.260585799999902],[-49.828356799999902,-25.261500899999898],[-49.826558599999899,-25.2626165],[-49.8259085,-25.2630313999999],[-49.8254181,-25.263328199999901],[-49.825237899999898,-25.2635974999999],[-49.8251634,-25.2638294999999],[-49.8251652,-25.264068],[-49.825186899999899,-25.264321799999902],[-49.8253149,-25.264822799999902],[-49.8254607,-25.2654446],[-49.8255598,-25.2660354],[-49.8255945,-25.266533799999898],[-49.825640399999898,-25.267011399999902],[-49.825616,-25.2673341],[-49.8256109,-25.2674014],[-49.825407,-25.2676676],[-49.8250965,-25.2678165999999],[-49.824588499999898,-25.267975099999902],[-49.8239343,-25.268086299999901],[-49.8234514,-25.268148799999899],[-49.822887599999902,-25.268255199999899],[-49.8222325999999,-25.268466799999899],[-49.821583099999899,-25.2686964],[-49.8212569,-25.2687574],[-49.8208911,-25.2688259],[-49.8202658,-25.269032],[-49.8198593,-25.2691765],[-49.8195507,-25.2693183],[-49.819406199999897,-25.269450199999898],[-49.8194885999999,-25.2703159],[-49.8195904,-25.271386199999899],[-49.8196257,-25.2717574],[-49.8196313,-25.2718158],[-49.8191684,-25.2724731],[-49.815189586156563,-25.278123725546966],[-49.816794473999892,-25.281987418],[-49.818965098,-25.287910528999902],[-49.820520641999892,-25.2928060089999],[-49.8220087,-25.294755438],[-49.824444125999896,-25.293774694],[-49.824821953999901,-25.2940066419999],[-49.825063917999898,-25.29457674],[-49.825051081999895,-25.295255725999898],[-49.824752008,-25.297516686999899],[-49.824346538,-25.298642700999899],[-49.824559199999904,-25.300797461999899],[-49.824150081,-25.302151055],[-49.823882274999896,-25.302826517],[-49.821489212,-25.304769542],[-49.816263566,-25.311710017999896],[-49.812934711,-25.312789838999898],[-49.810160014999894,-25.311612999],[-49.808135383,-25.311128569999902],[-49.802235919999895,-25.313526225],[-49.800937221999895,-25.314864676],[-49.796282711999901,-25.318641791999898],[-49.790864117999902,-25.322406354999899],[-49.791068090999893,-25.324901322],[-49.793076190999898,-25.3262934699999],[-49.797139516999891,-25.326584431],[-49.800401136999902,-25.328901905999899],[-49.802132194,-25.331421039],[-49.80258567,-25.334146313],[-49.798975647,-25.336581637999899],[-49.795141051,-25.337426653],[-49.788201596999897,-25.340941597],[-49.784640477,-25.340884291999899],[-49.781325050999897,-25.341284788999896],[-49.775143702,-25.345037804],[-49.770007204,-25.34744684],[-49.766681368,-25.348300530999897],[-49.765974850147899,-25.348017500937459],[-49.7596301,-25.357028199999899],[-49.757014,-25.3607436],[-49.7566643,-25.3606101],[-49.7565564,-25.360568999999899],[-49.754876099999898,-25.3609513],[-49.7532151,-25.3616046],[-49.7519659,-25.361456],[-49.7511084,-25.3615872],[-49.748385799999902,-25.363147],[-49.746307,-25.363352899999899],[-49.7453583,-25.3636481],[-49.741469299999899,-25.3658103],[-49.7410383,-25.3663349],[-49.7408768,-25.367000699999899],[-49.740946699999903,-25.3690005],[-49.7415635,-25.3730337],[-49.7422849,-25.3741494],[-49.7428596,-25.3746841],[-49.7434746,-25.3758265],[-49.7438271,-25.3769422999999],[-49.743669699999899,-25.3777451999999],[-49.744641,-25.381114599999901],[-49.7444303,-25.3825007],[-49.7440225,-25.383497299999899],[-49.7440485,-25.3838314],[-49.7444105,-25.384224],[-49.7446924,-25.3865309],[-49.7449314,-25.387172099999901],[-49.744897799999897,-25.387421699999901],[-49.7443861,-25.3878935],[-49.7440827,-25.3891148],[-49.744143699999903,-25.3908881],[-49.7450162,-25.3920343],[-49.7447726,-25.3935322],[-49.7450153999999,-25.3938383],[-49.7465675,-25.3945184],[-49.7469575,-25.3949929],[-49.748174499999898,-25.3956155],[-49.7486299,-25.3962387],[-49.7490859,-25.397299],[-49.748154,-25.399088699999901],[-49.7485404,-25.400091099999901],[-49.7460753,-25.4019069],[-49.7456407,-25.404287699999902],[-49.745088,-25.4044799],[-49.744655,-25.404946799999902],[-49.744225599999901,-25.4050263],[-49.743500299999901,-25.407214],[-49.7430691,-25.4074881],[-49.7418594,-25.407757699999902],[-49.7412107,-25.408417499999899],[-49.7413544,-25.4093354],[-49.7411322,-25.410084099999899],[-49.741174999999899,-25.4118065],[-49.7415363,-25.4125306],[-49.7414510999999,-25.4130868],[-49.740679199999903,-25.4139413],[-49.7404291,-25.4144937],[-49.7403926,-25.415132399999901],[-49.740965699999897,-25.415831099999899],[-49.741971,-25.4161738],[-49.7422134,-25.4164926],[-49.7422658999999,-25.4171186],[-49.742671899999898,-25.417707],[-49.7430088999999,-25.4178221999999],[-49.7455171,-25.4175928],[-49.746217199999897,-25.417877],[-49.7478945,-25.4181417],[-49.7499725,-25.4197687999999],[-49.750544799999901,-25.4206909],[-49.750559699999897,-25.4221638],[-49.7503432,-25.4225504],[-49.7498502,-25.422684],[-49.749293899999898,-25.423487],[-49.7486506,-25.4250408999999],[-49.749158399999899,-25.4261279],[-49.7489969,-25.4269315],[-49.749239799999899,-25.427319699999899],[-49.749707699999902,-25.427563],[-49.7500873,-25.427995699999901],[-49.7508182,-25.4282808],[-49.7510889,-25.4286437],[-49.7501116,-25.4301077],[-49.7502171,-25.4316598],[-49.7498707,-25.432688799999902],[-49.7476586,-25.4364249],[-49.748585999999897,-25.4372041],[-49.7489762,-25.437874099999899],[-49.7491462,-25.4392073],[-49.750081599999902,-25.4404102999999],[-49.750844599999901,-25.441795699999901],[-49.750694199999899,-25.442479799999902],[-49.751252099999903,-25.4433619],[-49.7525082,-25.4446111],[-49.753258,-25.4449589],[-49.753200999999898,-25.4458989],[-49.753478399999899,-25.4464143],[-49.754137699999902,-25.446335099999899],[-49.7552252,-25.445702299999901],[-49.756169199999903,-25.4455619],[-49.7571571,-25.445612],[-49.7583736999999,-25.446178799999899],[-49.7595137,-25.4464027],[-49.7604903,-25.4464101],[-49.761238999999897,-25.4467579],[-49.7626829,-25.448332299999901],[-49.7639432,-25.4493256],[-49.765393,-25.4501071],[-49.7666604,-25.4505022],[-49.766554299999903,-25.451656199999899],[-49.7668245999999,-25.4528544],[-49.766567199999898,-25.453529199999899],[-49.7646382,-25.455122699999901],[-49.764722499999898,-25.4559803],[-49.764053499999903,-25.4569595],[-49.764283299999903,-25.4574716],[-49.7650315,-25.4579492],[-49.7663243,-25.4603744],[-49.7668288,-25.4617901],[-49.7674842,-25.4620532],[-49.7681842,-25.4626582],[-49.7684541,-25.4639852],[-49.7683302,-25.4645403],[-49.767160499999903,-25.466719],[-49.766596299999897,-25.467770599999898],[-49.7671516999999,-25.468785],[-49.7700715,-25.4694719],[-49.7743022,-25.4713111],[-49.775917,-25.4724163],[-49.776472899999902,-25.4732486999999],[-49.7777794,-25.4773981],[-49.7762486,-25.4801980999999],[-49.777332,-25.482363099999901],[-49.7779755,-25.4841064],[-49.7791086,-25.485648399999899],[-49.7809041,-25.487398599999899],[-49.7816961,-25.4875709],[-49.782751399999903,-25.4865594],[-49.7841016,-25.486846],[-49.7848592,-25.4882896999999],[-49.7853972999999,-25.489776699999901],[-49.787696599999897,-25.4913503],[-49.7898925,-25.4936949],[-49.7907445,-25.4942032],[-49.792602799999898,-25.4961587],[-49.794654299999898,-25.495801099999898],[-49.796157999999899,-25.4963389],[-49.798212,-25.496595],[-49.7988453,-25.4970402],[-49.7990452,-25.4973568999999],[-49.79892,-25.4992664],[-49.798929977361233,-25.49931531062974],[-49.804984599,-25.488043791999896],[-49.806011906,-25.483735566999901],[-49.800482377,-25.479073195999899],[-49.797571548999898,-25.475030213],[-49.797472554,-25.468628128],[-49.791462758999899,-25.462920928],[-49.790504618999897,-25.460381900999899],[-49.790872297,-25.456514109999897],[-49.7936934109999,-25.453262528],[-49.795397120999901,-25.446876237],[-49.80007318,-25.438429852999899],[-49.799288385999894,-25.434999946999898],[-49.793907815999894,-25.432125834],[-49.786714372999896,-25.430129854],[-49.782319617,-25.427114859],[-49.782682113,-25.423693875],[-49.785340964999897,-25.420145144999896],[-49.783474278,-25.410452065],[-49.786811731999897,-25.404674314],[-49.789105580999902,-25.4046936999999],[-49.793170932999899,-25.407853676999899],[-49.797914022,-25.408787091999901],[-49.8030137229999,-25.406893126999901],[-49.807637433,-25.403657254999899],[-49.812786817999893,-25.396703976],[-49.815152111,-25.389578505],[-49.815007141,-25.3877905599999],[-49.808369063,-25.3796966529999],[-49.809211366999897,-25.377469935],[-49.817149248999904,-25.369861356999902],[-49.822810244,-25.368088585999899],[-49.825483092999896,-25.365067223],[-49.828331248,-25.358689027],[-49.832142979,-25.354254474],[-49.843756192999898,-25.356134426],[-49.844717562,-25.355277303],[-49.843887868,-25.350213341],[-49.845083830999897,-25.345161075],[-49.843798001,-25.342619874],[-49.836778555999892,-25.340181161],[-49.831263277999902,-25.334480144999898],[-49.832346131999898,-25.324364714999898],[-49.835309419999895,-25.322900162999897],[-49.845461383,-25.323132267999899],[-49.848284007999901,-25.3192842],[-49.848214872999897,-25.309458761],[-49.850079593,-25.302923845999899],[-49.851904417,-25.300555012],[-49.857650485999898,-25.292083965],[-49.855676417,-25.282870452999898],[-49.856041941999898,-25.279002750999897],[-49.868568670999899,-25.270319623],[-49.869453224,-25.2633298289999],[-49.867898927999896,-25.254535476999902],[-49.868417355999902,-25.2538151269999],[-49.866989275,-25.25271521],[-49.866518755999898,-25.250413885999897],[-49.867870691999897,-25.247221947],[-49.870790813,-25.242904696],[-49.873154583,-25.240647022999898],[-49.876047844999903,-25.237707574],[-49.877634394,-25.2356667869999],[-49.881074463999902,-25.2311301579999],[-49.882950019,-25.2274868589999],[-49.88407047,-25.222913047],[-49.884640372,-25.220167580999899],[-49.888332348999896,-25.2158648939999],[-49.891207752999897,-25.213843706],[-49.895351849999898,-25.212760018],[-49.898162886,-25.213951619999897],[-49.900423569999894,-25.216970552],[-49.900694715,-25.219556618],[-49.900148912,-25.221154702],[-49.900765452,-25.222541134],[-49.902421488999899,-25.223484861],[-49.903843617999897,-25.2232776459999],[-49.907617117,-25.2213845439999],[-49.909555688999895,-25.221071035],[-49.910046639,-25.222340596],[-49.910024714,-25.2234880349999],[-49.909823988,-25.227157005],[-49.908962081999896,-25.228405419999898],[-49.91307791,-25.228759393999901],[-49.915659809,-25.228569735999901],[-49.920626811,-25.224974691999901],[-49.917082472999901,-25.22225636],[-49.915851662999899,-25.218702316],[-49.911371164999899,-25.210600122],[-49.903768135999897,-25.204056390999899],[-49.909272379,-25.199321613999899],[-49.909872062,-25.194970495999897],[-49.91618957,-25.188182864999899],[-49.921417176,-25.184362646999901],[-49.923451083,-25.185770813],[-49.925196232999902,-25.188781287],[-49.925386509999896,-25.1922266139999],[-49.930676052,-25.198504204],[-49.933167097999899,-25.192239845],[-49.938726355,-25.189209514],[-49.942268122,-25.187039022],[-49.945775294,-25.186647852],[-49.949842493999896,-25.183150458999897],[-49.949937155,-25.178256448999896],[-49.946024956,-25.173746073],[-49.947110531999897,-25.169312385],[-49.952134778999898,-25.168054551999898],[-49.9570634889999,-25.171689493],[-49.962104455,-25.169541861],[-49.967277952999893,-25.171179147],[-49.966533596,-25.169675407999897],[-49.96680043,-25.169220368],[-49.968434128999895,-25.167924911999901],[-49.970878722999899,-25.168077415],[-49.972058090999894,-25.1670617999999],[-49.972866617999898,-25.165238171999899],[-49.975862712,-25.163448456],[-49.976779733999898,-25.162659545999897],[-49.983234308999897,-25.161953921999899],[-49.983136535999897,-25.160346567],[-49.981999667,-25.159182094],[-49.979568695999902,-25.158341961999898],[-49.978167805999902,-25.157517442],[-49.976660951,-25.155428980999901],[-49.975040281999902,-25.152650197999897],[-49.975206622,-25.150702044],[-49.975892966999893,-25.1485334129999],[-49.976837855,-25.146253163],[-49.978423071999899,-25.144211712],[-49.981029227,-25.142645256],[-49.983351505,-25.142450706],[-49.98594231,-25.14168697],[-49.987646782999896,-25.140106588],[-49.990235796,-25.139456983999899],[-49.990257761999899,-25.13541607],[-49.990497165,-25.135210085],[-49.992196227,-25.132510663999899],[-49.996021385999896,-25.129424012999902],[-50.000049062999899,-25.128017117999899],[-50.002441947999898,-25.125957232999898],[-50.005763976999894,-25.124539058],[-50.010314374999901,-25.120415213999898],[-50.012268268999897,-25.116671572],[-50.016136034999896,-25.1112791639999],[-50.020622111999899,-25.110508412999899],[-50.023445215,-25.110551303999898],[-50.026014242,-25.1116375299999],[-50.027892465,-25.111876117999898],[-50.030284994999896,-25.109815234999896],[-50.031038606,-25.107311629],[-50.030638450999895,-25.103531462],[-50.0307221139999,-25.0991312109999],[-50.033122842999902,-25.096651311999899],[-50.033417597,-25.093511593999899],[-50.032543915999895,-25.089934533],[-50.031195770999894,-25.086560392],[-50.028887164,-25.084220192],[-50.02708869,-25.0797908239999],[-50.027144177999901,-25.076857294],[-50.029504967,-25.076473918],[-50.032108275,-25.075673639999899],[-50.033308027,-25.074434712],[-50.034285139999895,-25.072562719],[-50.034336372,-25.06983926],[-50.033200414999904,-25.067724781],[-50.033235963,-25.065839486],[-50.033973726999896,-25.064174432999899],[-50.0380117139999,-25.062138375999897],[-50.044528166999896,-25.053433238],[-50.046712047,-25.049902566],[-50.049335804999899,-25.048055136],[-50.053870752999899,-25.0445599889999],[-50.056502704999893,-25.042293529999899],[-50.057733414,-25.039378631],[-50.058266099,-25.036032753],[-50.059478004999896,-25.034164061999899],[-50.063743105999897,-25.0325518299999],[-50.065379670999903,-25.033120215999901],[-50.065497213999897,-25.033122669],[-50.065822848,-25.034594250999898],[-50.064487706,-25.036775457],[-50.06222453,-25.038313555999899],[-50.062200643,-25.039570576],[-50.062888808,-25.040523747999899],[-50.063936954,-25.041063440999899],[-50.066051410999897,-25.0411998179999],[-50.067829759999896,-25.040492634],[-50.070564728999898,-25.038856563],[-50.072371620999895,-25.036578306],[-50.072766246,-25.034383852],[-50.073508428,-25.0324030579999],[-50.073760068999903,-25.031569063999896],[-50.075664155,-25.030444411],[-50.077318765,-25.0299446779999],[-50.07922281,-25.028820923999898],[-50.080974685999898,-25.029475636],[-50.082228447,-25.031589309],[-50.083056007,-25.037680302999899],[-50.081821454,-25.040805243],[-50.079558930999902,-25.042239412],[-50.077423204999896,-25.043255196999898],[-50.076952971,-25.0432481389999],[-50.072931748999899,-25.0443415189999],[-50.071605883999901,-25.046102928],[-50.071688164999898,-25.0479905239999],[-50.072335987,-25.051039744],[-50.073015948,-25.052411965],[-50.075113375999898,-25.053490429],[-50.078336193,-25.051023223999898],[-50.080229569,-25.050423364],[-50.082244649999893,-25.049614149],[-50.084286628,-25.047339699999899],[-50.084902347,-25.045881253999898],[-50.086731368999899,-25.042449873999896],[-50.089352795,-25.040603039999898],[-50.092334525999902,-25.03844587],[-50.09506205,-25.0372295139999],[-50.098722176,-25.036549372999897],[-50.100444770999893,-25.03877504],[-50.100856226999902,-25.041925101999897],[-50.100839182,-25.04286812],[-50.102343752,-25.044147752999898],[-50.1048459679999,-25.042403317],[-50.105361992,-25.0400012479999],[-50.105366108999895,-25.039791287999897],[-50.105732680999893,-25.039062827999899],[-50.108486962,-25.03637845],[-50.108526075,-25.0342834369999],[-50.108422413,-25.03354798],[-50.109745811,-25.0319964779999],[-50.113898685,-25.030067092],[-50.113914129999898,-25.029228191],[-50.113581004999894,-25.028175690999898],[-50.113003600999896,-25.0275382079999],[-50.111721863999897,-25.026890691999899],[-50.110056594999897,-25.027913648],[-50.109329170999892,-25.0290564959999],[-50.107784555999892,-25.029871921999899],[-50.106844134999896,-25.029857901],[-50.105446414,-25.029103844999899],[-50.105337077999899,-25.028683333999897],[-50.105599984,-25.027219468999899],[-50.105626797999903,-25.025752548999897],[-50.105408703,-25.02480746],[-50.103662485,-25.023837978],[-50.101094402999898,-25.022856904],[-50.100411836,-25.021588967999897],[-50.104336749999895,-25.0192377599999],[-50.106389664999902,-25.016333616999898],[-50.107142289,-25.013829877],[-50.106095731,-25.0131854209999],[-50.105622989,-25.013284283999898],[-50.103245849999901,-25.014611067],[-50.1010965259999,-25.016360783],[-50.098361997,-25.017996067999899],[-50.095262999999896,-25.020151585999898],[-50.092768206999899,-25.021475882999898],[-50.089715053999896,-25.021222479],[-50.087616276999896,-25.020247411999897],[-50.086462016,-25.019077394],[-50.085310904,-25.017698335],[-50.084743789,-25.016642799999897],[-50.084535634999895,-25.015171967999898],[-50.085403443999901,-25.0127757019999],[-50.086967676,-25.010912591],[-50.086979074999903,-25.010283689999898],[-50.088577455999904,-25.0065348269999],[-50.088135163999901,-25.005061919999896],[-50.086627369,-25.003886454999897],[-50.085253618999893,-25.001875552999898],[-50.087198294999901,-24.998551296],[-50.087852161999898,-24.994999366999899],[-50.087766642,-24.993321206],[-50.08684914,-24.99205033],[-50.086331629,-24.991413669999897],[-50.085477027,-24.989934563],[-50.087529324999899,-24.987135876],[-50.090403319999893,-24.984349735],[-50.093150900999895,-24.982085035999898],[-50.094713913999897,-24.980222107],[-50.097344473999897,-24.977850906999901],[-50.098197555999896,-24.976291874],[-50.098242421999899,-24.973883434],[-50.095458424,-24.971851756],[-50.090299235,-24.9710415559999],[-50.08830031,-24.971011863999898],[-50.086273502,-24.9724478209999],[-50.0848745589999,-24.971799716999897],[-50.083735452,-24.969897107999898],[-50.080829959999896,-24.968072778],[-50.079187766999894,-24.967838645],[-50.077089430999898,-24.966865544],[-50.0766488639999,-24.9652869949999],[-50.076797486,-24.963613009],[-50.076937856,-24.962356991],[-50.07696737,-24.9607864399999],[-50.075447856,-24.960344866],[-50.073801586999899,-24.960319688],[-50.072283649,-24.959774059],[-50.071936799999904,-24.959454605999898],[-50.069947821999897,-24.958900978],[-50.066284951999897,-24.959894504],[-50.064786779,-24.958300295999898],[-50.065171581,-24.954547401999896],[-50.062914066999902,-24.956600771999899],[-50.060453385999892,-24.956344858999898],[-50.058515427,-24.957797223999901],[-50.056275045999897,-24.958971775999899],[-50.054787630999897,-24.959389460999898],[-50.052302075999897,-24.960451232],[-50.050194349,-24.9610779869999],[-50.049501225,-24.961891303999899],[-50.048808095,-24.962704621999897],[-50.048411368999894,-24.964126126999901],[-50.048005997999894,-24.965988417999899],[-50.047486837999898,-24.967408326999898],[-50.045864015999896,-24.968482352999899],[-50.044007322,-24.968893312],[-50.042500920999899,-24.970298393999901],[-50.042237827999898,-24.971173990999901],[-50.042212922,-24.972491809999898],[-50.043053512,-24.973712416999899],[-50.044391746,-24.9746109559999],[-50.045998357,-24.9744148629999],[-50.047662344999893,-24.971145045999901],[-50.0487839359999,-24.970502564999901],[-50.051166731999892,-24.968342200999899],[-50.0530525839999,-24.966392556],[-50.055518626,-24.966429531999896],[-50.05718725,-24.966468797999898],[-50.057682347999901,-24.967154440999899],[-50.057516397,-24.969188785],[-50.057367321,-24.970431022999897],[-50.05734971,-24.971336329999897],[-50.059114111,-24.972040478999901],[-50.059611901,-24.972613889999899],[-50.05973212,-24.97295596],[-50.059714530999898,-24.973860363],[-50.059310813,-24.975099283999899],[-50.059926154,-24.976127022999897],[-50.061445706,-24.976376091],[-50.062710622999894,-24.976620899],[-50.063577944999892,-24.977765137999899],[-50.063935251,-24.979014974999899],[-50.064037189,-24.980373754],[-50.060318636,-24.982242934999899],[-50.05866049,-24.982670308],[-50.056113006,-24.983085076999899],[-50.052819614,-24.985336799],[-50.053282135999893,-24.9871403769999],[-50.053006317,-24.98846959],[-50.053358640999896,-24.989463815],[-50.053454566,-24.990892872],[-50.053064756999902,-24.991985987],[-50.052317340999892,-24.9923038969999],[-50.050086908,-24.992930036999898],[-50.048234347999902,-24.993122017999898],[-50.046889049999898,-24.9925529],[-50.046415970999895,-24.991447514],[-50.045482080999896,-24.988687345999899],[-50.0439012739999,-24.98756464],[-50.042263706,-24.9894072109999],[-50.042156771999899,-24.989675110999897],[-50.041230287999902,-24.993204104],[-50.036142086,-24.9961478059999],[-50.032546031,-24.996570463999898],[-50.027019739,-24.993407100999899],[-50.022447020999898,-24.993375761],[-50.009248526,-24.989414715999899],[-49.998585487999897,-24.975645205],[-49.9950618929999,-24.967284934999899],[-49.994153685999898,-24.958942476999901],[-49.987371299999893,-24.949963227],[-49.982184546,-24.945460593999901],[-49.979206974,-24.945197103999899],[-49.975945296,-24.946777183999899],[-49.972449146,-24.949139068],[-49.968482203999898,-24.950396551],[-49.966714861999897,-24.952566201],[-49.9664262739999,-24.95475756],[-49.966396630999895,-24.956293381],[-49.967326908999901,-24.959162015999897],[-49.969448394,-24.964246562],[-49.969163215,-24.966218081999898],[-49.968381995999898,-24.968402949999899],[-49.968102165999895,-24.970154579999896],[-49.967077531999898,-24.972115301],[-49.967894991,-24.976898703999897],[-49.968172224999897,-24.979558884],[-49.967654312,-24.980868300999898],[-49.965385339999898,-24.983470580999899],[-49.964114788,-24.985428095],[-49.960154072,-24.986245728],[-49.956953746999901,-24.985977155999898],[-49.955946490999899,-24.987060898],[-49.956639684,-24.989487622999899],[-49.9588240429999,-24.991278054999899],[-49.961789772999893,-24.990884326999897],[-49.964534946,-24.989169355999902],[-49.967514755,-24.988116642999898],[-49.969215263,-24.989460463999897],[-49.969908571,-24.991888095],[-49.968620514999891,-24.994723701999902],[-49.967846989999892,-24.9964688909999],[-49.9683012509999,-24.998453342999898],[-49.971234996,-24.999816508],[-49.974953436999897,-24.998774499],[-49.978701438,-24.996195450999899],[-49.982403312,-24.9960323019999],[-49.983848387999892,-24.99781179],[-49.983823198,-24.999128836],[-49.979348770999891,-25.0010390949999],[-49.9764905769999,-25.00220408],[-49.976419299,-25.004029056],[-49.976927427999897,-25.004813716999898],[-49.978801485,-25.007175131999901],[-49.980713390999895,-25.007592405],[-49.982103422,-25.007925079],[-49.984097939,-25.008577161999899],[-49.98678412,-25.009550722],[-49.988161678,-25.010504038],[-49.989534442,-25.011769532],[-49.991366759999899,-25.013096855999898],[-49.991371393999898,-25.013050355],[-49.991020524999897,-25.012802811],[-49.991332589999899,-25.0121331839999],[-49.991293584999902,-25.011356615999901],[-49.991682641999894,-25.0109683099999],[-49.992305335,-25.0109328],[-49.9924225359999,-25.010192102],[-49.992656114999896,-25.009592647],[-49.993317870999896,-25.009310236],[-49.993590341999898,-25.009239921],[-49.993590872999896,-25.008886602999901],[-49.994290944999896,-25.008852121999897],[-49.994797933999898,-25.009204907],[-49.995498335,-25.008957703],[-49.995497502,-25.007863937],[-49.995692988,-25.007511393999899],[-49.995771110999897,-25.006698972],[-49.995459178,-25.0059580389999],[-49.994875298999901,-25.005253651],[-49.994602697999902,-25.004758835],[-49.994096318999901,-25.003665644999899],[-49.993618071999897,-25.003610874999897],[-49.993427499999896,-25.003197498],[-49.993551425999897,-25.002783753],[-49.993824522999894,-25.002289833],[-49.994797166999895,-25.0017942929999],[-49.994719259,-25.000807259999899],[-49.994748231,-25.000643313999902],[-49.995485225,-25.00049977],[-49.995490410999899,-24.999779519],[-49.9950563639999,-24.9996541319999],[-49.994289186999893,-24.9994667829999],[-49.993827236,-24.998670918],[-49.993503162,-24.997509890999897],[-49.992707958,-24.996469478999899],[-49.992716101,-24.995493657999901],[-49.993458049,-24.994644489999896],[-49.993527420999904,-24.994401662],[-49.992862923999894,-24.99390894],[-49.992266822,-24.993173378999899],[-49.992203779,-24.992685945999899],[-49.991404237,-24.992374918999896],[-49.991408700999898,-24.991766058999897],[-49.9901993289999,-24.990711917999896],[-49.989701516,-24.989383367],[-49.989372299999893,-24.988367463],[-49.989389590999899,-24.987434702],[-49.988530608999895,-24.986722115],[-49.986977866999894,-24.985765636999897],[-49.9867404,-24.984518184999899],[-49.987103981999894,-24.983746172999901],[-49.987132577999894,-24.982270414],[-49.986902079999901,-24.9806341849999],[-49.985733415,-24.977895451999899],[-49.984529181999896,-24.977022163999898],[-49.983934131999895,-24.976158848999898],[-49.984210555999894,-24.975384789],[-49.984408938999891,-24.974144129],[-49.984428421,-24.97313386],[-49.983356113999903,-24.969930942999898],[-49.981990341,-24.968355366],[-49.979660227999894,-24.966998738],[-49.978615461999901,-24.9669053279999],[-49.978265833999899,-24.966899731],[-49.977934296999898,-24.9660390569999],[-49.9776889339999,-24.965180453],[-49.9768438,-24.96376795],[-49.976170812999896,-24.962436260999901],[-49.975664945999895,-24.9615741759999],[-49.974307445,-24.959532285],[-49.973978326999898,-24.95851649],[-49.973301772999896,-24.957417538],[-49.972441735999894,-24.956782562999901],[-49.972188420999899,-24.956313640999898],[-49.972293925,-24.955381275],[-49.973092105,-24.954693701999901],[-49.973117387999892,-24.9533741599999],[-49.972788295,-24.952357476],[-49.973242397,-24.951432538999899],[-49.973612956999894,-24.950271902999898],[-49.975116331,-24.949206787],[-49.976163200999899,-24.9492226459999],[-49.977024431999901,-24.949779109],[-49.977609033999904,-24.951187127],[-49.978376340999894,-24.952054501],[-49.978615695999899,-24.953301818999901],[-49.977893365999897,-24.9545344369999],[-49.977008051,-24.9552199419999],[-49.976819986999899,-24.955917526999901],[-49.976801688,-24.956849240999897],[-49.977220153999895,-24.957788637],[-49.978598368999897,-24.958742717999897],[-49.979465402999899,-24.95898892],[-49.98032764,-24.959546321999898],[-49.979786603,-24.960392548],[-49.979601928,-24.960934107],[-49.979408100999898,-24.96194199],[-49.980788736,-24.962740932],[-49.981648596999896,-24.963453484999899],[-49.983045607999898,-24.963317915999902],[-49.983845945,-24.962553645],[-49.984222030999895,-24.961159338999899],[-49.9845879639999,-24.960233172],[-49.986936305999897,-24.960657992999899],[-49.98719204,-24.960971764],[-49.986987911,-24.962523550999897],[-49.986362877,-24.963291087],[-49.986350369,-24.9639125469999],[-49.985861891999903,-24.9666262269999],[-49.985851555999893,-24.967170134],[-49.986701328,-24.968349008],[-49.987379161,-24.969370404],[-49.9874468719999,-24.97038091],[-49.987434138,-24.9710808899999],[-49.988287295,-24.972104638],[-49.989141666999899,-24.973049901],[-49.988765602999898,-24.974443369],[-49.988652008,-24.9758412639999],[-49.989156537,-24.976858546],[-49.990532922999897,-24.977813534999896],[-49.991475470999902,-24.978759989],[-49.991882722999897,-24.980243372999897],[-49.991866649,-24.981097614],[-49.991762396999896,-24.981952506],[-49.991818597999895,-24.983585500999897],[-49.9919756749999,-24.984519661],[-49.992661507,-24.985152325999898],[-49.993251041999898,-24.986250195],[-49.993323323,-24.9870289529999],[-49.993482791999902,-24.987807964999899],[-49.993550305,-24.988897052],[-49.995562461999903,-24.990880277],[-49.995626516999891,-24.991429796],[-49.994947447999898,-24.992459642],[-49.995141180999894,-24.993559563999899],[-49.995875804,-24.993441554],[-49.997217618,-24.993146314999901],[-49.998082945999897,-24.993639877],[-49.998670916,-24.995289166],[-49.998859065,-24.996754199999899],[-49.998854685,-24.997486320999897],[-49.998313369999899,-24.998030522999901],[-49.997374315999899,-24.998573075],[-49.996901439999903,-24.998934688],[-49.996890149,-25.000499335],[-49.996991490999896,-25.000854000999901],[-49.996992043,-25.001711274999899],[-49.997263992999898,-25.0019933529999],[-49.997809813999893,-25.0019221169999],[-49.998821700999898,-25.001358615999902],[-49.999299701,-25.000854644],[-50.000589893,-25.000031003999901],[-50.001162025,-25.000479583],[-50.001182144,-25.000700786],[-50.0016105,-25.000878127],[-50.001882568,-25.0010889919999],[-50.001804651,-25.001442181999899],[-50.001493255999897,-25.002006808],[-50.001649389,-25.002430674],[-50.002194328,-25.002289118999897],[-50.002194512999893,-25.001829902999898],[-50.002467144,-25.001301279999897],[-50.002816567999893,-25.001195465],[-50.003284876999899,-25.001195309],[-50.003984535,-25.001441993],[-50.004375,-25.001407018999899],[-50.004530786,-25.001406354],[-50.005114932,-25.001583025999899],[-50.005309060999899,-25.001829368999896],[-50.005581537999902,-25.002077667],[-50.005425937,-25.0026416329999],[-50.0055037979999,-25.002995073],[-50.006048878999898,-25.003100011999901],[-50.006554509999901,-25.0030300499999],[-50.007567310999896,-25.002853625999897],[-50.008034513,-25.0026060349999],[-50.007917888999899,-25.0022885999999],[-50.007917311,-25.002006487],[-50.008229172999897,-25.001794263],[-50.008657404999902,-25.001724182],[-50.009396651,-25.001689273999897],[-50.010058887999904,-25.0020769549999],[-50.010876561,-25.002358971],[-50.011381983,-25.0024305069999],[-50.011888113999902,-25.002712033],[-50.012161686999896,-25.00288913],[-50.012355387999897,-25.003099857999899],[-50.012706699,-25.003382979],[-50.013251334,-25.003453206],[-50.013679716999896,-25.00362962],[-50.013679946999893,-25.003806739],[-50.014419457,-25.003947111999899],[-50.014575189,-25.003629642],[-50.0147307169999,-25.003453678],[-50.015275555999892,-25.003382395],[-50.01570315,-25.003418198999899],[-50.015937791999903,-25.003770979],[-50.016015478,-25.004265011],[-50.01620996,-25.00461726],[-50.016483008999899,-25.004829039999898],[-50.0172224,-25.00504153],[-50.017183604,-25.005464634],[-50.017183555,-25.005852647],[-50.017300191999901,-25.006170084],[-50.0171840289999,-25.006911706],[-50.017184131,-25.007546227],[-50.017883572999899,-25.007616674999898],[-50.018701117,-25.00765217],[-50.019363476,-25.007263807],[-50.019324388,-25.0064872579999],[-50.019324172,-25.0059239499999],[-50.019519590999899,-25.005252767999899],[-50.019674976,-25.004829383999898],[-50.019791164999901,-25.004406393],[-50.020025561999894,-25.003877240999898],[-50.020259149,-25.003593666],[-50.020180803999899,-25.003206444999897],[-50.019791706,-25.002959351],[-50.01967561,-25.002606321],[-50.019364158,-25.002535544999898],[-50.019246526999893,-25.002219013999902],[-50.019247660999902,-25.0017598109999],[-50.0195579909999,-25.0015831599999],[-50.019558188999895,-25.000479399],[-50.019518908999899,-24.999523019],[-50.019450244,-24.999271959999898],[-50.019389843999896,-24.998479632999899],[-50.020064311999896,-24.997874164999899],[-50.02119972,-24.997943079],[-50.022204656,-24.997766504],[-50.023137646999899,-24.998259988],[-50.024008361,-24.998083454],[-50.024016340999893,-24.997046457999897],[-50.024425881999903,-24.995952705],[-50.025031907999896,-24.995529824],[-50.025764067999894,-24.9960224609999],[-50.02582267,-24.996998254999898],[-50.025682308999897,-24.997850909],[-50.024939490999898,-24.998699241999898],[-50.024267784,-24.999060090999901],[-50.024197646999902,-24.999547589],[-50.024223987,-24.999619148],[-50.024691901,-25.0004798679999],[-50.024735005999901,-25.0007369789999],[-50.024697547999899,-25.001265997],[-50.024580375,-25.001689881999898],[-50.024190957999899,-25.002748322999899],[-50.024112541999898,-25.003136206999898],[-50.024307311,-25.003277555999901],[-50.024424208,-25.003771191999899],[-50.023996028999896,-25.00415901],[-50.023762646,-25.004301080999898],[-50.024229358999897,-25.004405862999899],[-50.024813802,-25.0043716059999],[-50.0260589479999,-25.004441957],[-50.026292532999896,-25.004865014],[-50.02633213,-25.0052882439999],[-50.025981982999895,-25.005570281999898],[-50.025786523999898,-25.005923754],[-50.025826121,-25.006346984999901],[-50.025942571,-25.006805927],[-50.026487617,-25.00729976],[-50.0267986039999,-25.007722934],[-50.026915943999896,-25.008252189999897],[-50.029134976,-25.008322634999899],[-50.029485154,-25.007652574],[-50.029875188999895,-25.007581955],[-50.030419641,-25.007793662],[-50.031120502,-25.007899704999897],[-50.031471069999895,-25.008040374],[-50.032016115,-25.008535111999898],[-50.032677770999896,-25.009028649999898],[-50.032949663999894,-25.009381918],[-50.032950346999897,-25.009980846],[-50.033028698999892,-25.010368989],[-50.033145884999897,-25.010651739],[-50.033340381999892,-25.011004897],[-50.033611944,-25.011251342],[-50.03380742,-25.011604513999899],[-50.034040766,-25.011851367],[-50.034644476,-25.011904079],[-50.034857186999893,-25.009964953999901],[-50.034190464999895,-25.008322817],[-50.034827858999897,-25.006933465],[-50.036262248,-25.004932911],[-50.040391953,-25.003440845999897],[-50.043736072999899,-25.001935643],[-50.045852040999897,-25.000723728],[-50.047150432,-25.001287686999898],[-50.047830757,-25.0022306],[-50.048233662,-25.004024396],[-50.048387606999896,-25.005114679],[-50.049682693999898,-25.005833798],[-50.049646386999896,-25.007777046999898],[-50.047862397999893,-25.009772171999899],[-50.045375076,-25.012144233999898],[-50.043521722,-25.0132829729999],[-50.041763596999893,-25.0139564159999],[-50.040777492999901,-25.015341223999901],[-50.041106956999897,-25.0163562719999],[-50.043375595,-25.016390745999896],[-50.045566296999901,-25.01587911],[-50.047498790999896,-25.0152079339999],[-50.049255929,-25.014534441],[-50.050665326999898,-25.013855451],[-50.052433612999899,-25.012638856],[-50.055321493999898,-25.012215753999897],[-50.056897368999898,-25.011928779],[-50.059210057999898,-25.009630108999897],[-50.061687052999901,-25.007801957],[-50.063175742999903,-25.007511983],[-50.063502911999898,-25.008683975999897],[-50.063308217,-25.009768786999899],[-50.060997715,-25.011989913],[-50.058272265999896,-25.013593882999899],[-50.058273258,-25.013787453],[-50.058244089,-25.014096577],[-50.057902369,-25.014406162999897],[-50.057702903999896,-25.014767832],[-50.057588885,-25.015051193],[-50.057475442999895,-25.015490686],[-50.057446463999902,-25.015981503],[-50.057874069,-25.016342280999897],[-50.058471955999899,-25.0166514259999],[-50.058956391,-25.017271331],[-50.059012061,-25.01747749],[-50.059610711999902,-25.017477131],[-50.059981256999897,-25.017399822999899],[-50.060351194999896,-25.017168206999898],[-50.060778554999899,-25.016961996],[-50.061119698,-25.016755567],[-50.061775739,-25.016393492],[-50.061888967999899,-25.016032512],[-50.061917345,-25.015645768999899],[-50.061803476999899,-25.0153356779999],[-50.0612056189999,-25.015413656],[-50.0608634989999,-25.015620071999898],[-50.060322481999897,-25.01569697],[-50.059923710999897,-25.0156972139999],[-50.059866288,-25.015542162],[-50.060521348999892,-25.015309724999899],[-50.0608068189999,-25.01489714],[-50.061119343,-25.014639208999899],[-50.061575699999899,-25.014458943],[-50.061802808,-25.014277496],[-50.062231142,-25.014071298],[-50.062515063,-25.013760949999899],[-50.062743698999896,-25.013348532999899],[-50.063028390999897,-25.012987067],[-50.063426131,-25.012600607],[-50.063654393,-25.012212838],[-50.064052323999896,-25.011748777],[-50.064566289,-25.011645954999899],[-50.063939552999898,-25.012858412999897],[-50.063653883,-25.013219867],[-50.063369962,-25.013400571],[-50.063170327999899,-25.013838931999899],[-50.0629999189999,-25.01461275],[-50.062885311999892,-25.014870539],[-50.062658396,-25.014974385],[-50.062600603999897,-25.015232921999896],[-50.062600248,-25.015515949],[-50.062742539999903,-25.015955145999897],[-50.062943219,-25.016291027],[-50.062913862999892,-25.016677758999897],[-50.062686203999903,-25.017090193999898],[-50.062060172999892,-25.0177357009999],[-50.061689627999904,-25.017813010999902],[-50.061461150999897,-25.017890359],[-50.061375540999897,-25.018174098],[-50.061290539999902,-25.018612145],[-50.061433602999898,-25.019000229],[-50.0614902559999,-25.019336052],[-50.061461090999892,-25.019645183999902],[-50.061296313999897,-25.019980840999899],[-50.061261973999898,-25.020178517],[-50.060494645999896,-25.019799586],[-50.060209529999902,-25.019799496],[-50.059724934,-25.020032349],[-50.059240738,-25.020238728],[-50.058813563999898,-25.0203673339999],[-50.058301524999898,-25.0203414379999],[-50.057760472,-25.020290508],[-50.057361489999899,-25.019980317],[-50.057191181999897,-25.019644827],[-50.056678938999895,-25.019567795999897],[-50.056137913,-25.019644687],[-50.055824169999902,-25.0194643509999],[-50.054884713,-25.018741674999898],[-50.054343276999894,-25.018716298999898],[-50.05351791,-25.018741969999898],[-50.053090143999896,-25.018844994999899],[-50.052463297999893,-25.019024835],[-50.052463701,-25.019386397999899],[-50.052634198,-25.019644286999899],[-50.0528331,-25.020032198],[-50.052833921999898,-25.020754412],[-50.052663062999898,-25.0210379439999],[-50.052150251999898,-25.021451194999898],[-50.051779718,-25.021785968999897],[-50.051267874,-25.022070495],[-50.050783467,-25.022096078999898],[-50.050242606,-25.021967528999902],[-50.049787190999893,-25.021890319],[-50.049672767999901,-25.022328897],[-50.049474082999893,-25.022767277999897],[-50.048761962999897,-25.022819078999898],[-50.048135293,-25.02279257],[-50.047707907,-25.022870028999897],[-50.047309707999901,-25.022767089999899],[-50.0469687289999,-25.02238004],[-50.046426701,-25.0224578139999],[-50.04588606,-25.022637865],[-50.045401447,-25.022870697],[-50.044946431,-25.023025397],[-50.043978399,-25.0232829],[-50.043551209,-25.023282747999897],[-50.043066784,-25.023309233],[-50.041613546999898,-25.023257204999897],[-50.041386432,-25.023437729999898],[-50.03993475,-25.023799321999899],[-50.039222047999893,-25.023824614],[-50.038595932999904,-25.023568005999898],[-50.037371397999898,-25.023231366999898],[-50.036602053,-25.023180124],[-50.036004381999895,-25.023179537],[-50.034637155,-25.023463696],[-50.033925809,-25.023593079999898],[-50.033013829,-25.023256901],[-50.032957789,-25.022947553999899],[-50.032900582,-25.02245741],[-50.032900205,-25.021967106],[-50.033014469,-25.021476492],[-50.033270199,-25.021218743],[-50.033469687,-25.020857994],[-50.033527320999902,-25.020418675],[-50.033299031999903,-25.020032188],[-50.032900267999899,-25.019902746],[-50.032757219,-25.019645207999901],[-50.032388058,-25.019308902],[-50.0320457219999,-25.019077034999899],[-50.031846463999898,-25.018457198],[-50.031447891,-25.018122328999898],[-50.030935455999902,-25.018122858],[-50.030651103,-25.0184587419999],[-50.030480221999895,-25.018870993999901],[-50.030450614999893,-25.019335332],[-50.030393971,-25.019645011],[-50.030080415,-25.020032553],[-50.029825089,-25.02000635],[-50.0294553089999,-25.020161238],[-50.0288566299999,-25.020806134999901],[-50.028439825999897,-25.020639015],[-50.027802992,-25.020058119999899],[-50.027774219,-25.019438707999896],[-50.028401135,-25.0186125],[-50.028543424999896,-25.018147828999901],[-50.028600663,-25.017734989],[-50.028770767999895,-25.0173738579999],[-50.028770843,-25.0158253879999],[-50.028600776999895,-25.015412285],[-50.028828877999899,-25.014974319],[-50.029141229999894,-25.014922756],[-50.02939716,-25.014587417],[-50.029881959999898,-25.014406662999896],[-50.030166885,-25.014226003],[-50.029996224999898,-25.014044797999897],[-50.029540052999899,-25.0138899459999],[-50.029085047,-25.013787148999896],[-50.028827769,-25.013632185999899],[-50.028401184999893,-25.013528850999897],[-50.02814526,-25.013606722999899],[-50.0278887529999,-25.013915575999896],[-50.0275748,-25.014200844],[-50.027290277,-25.014355028999898],[-50.026976944999895,-25.014406575999896],[-50.026606596999898,-25.014406237999896],[-50.026321288999895,-25.014226252999897],[-50.026038156999903,-25.013967776999898],[-50.025809508999892,-25.013605938999898],[-50.025468165999897,-25.013374081999899],[-50.024984365999899,-25.013296462],[-50.024442536,-25.013426237],[-50.02418642,-25.013580794999896],[-50.023901920999897,-25.013347863],[-50.023701483999893,-25.01293527],[-50.023417180999893,-25.012496917],[-50.023104852999893,-25.012290095],[-50.023103913999897,-25.011516774],[-50.023304008999894,-25.011309436],[-50.023389067,-25.011000145],[-50.023190198999899,-25.010741872],[-50.02273461,-25.010613496999898],[-50.022790668,-25.01040699],[-50.022791470999898,-25.010097496999897],[-50.022620447999898,-25.0098122049999],[-50.022193064999897,-25.009761806],[-50.021878951999902,-25.009993193999897],[-50.021423931999898,-25.010148763999897],[-50.020911321999897,-25.010225964],[-50.020826451999902,-25.010458564],[-50.020825455999898,-25.010844747],[-50.020768992999898,-25.011077724],[-50.020200314999897,-25.011490163],[-50.020200474,-25.011800583],[-50.020285674,-25.012316643],[-50.019971761,-25.012470430999901],[-50.019288082999893,-25.012265069999899],[-50.018718462,-25.012161652],[-50.018463165,-25.012005794999897],[-50.01775087,-25.0120063909999],[-50.017494545,-25.012238543],[-50.016697572999902,-25.012522867],[-50.016440472999896,-25.012677405],[-50.015956831,-25.012910193],[-50.015871188999895,-25.013192998999902],[-50.015728872999894,-25.013529833999897],[-50.015700426999892,-25.0139165699999],[-50.014789444,-25.013967474],[-50.014675251,-25.013554195],[-50.014589267999902,-25.013090161],[-50.014589505999901,-25.012754178999899],[-50.014333823999898,-25.012367324999897],[-50.013906278,-25.012135224999898],[-50.013820278,-25.011928659],[-50.013592995999893,-25.011670915],[-50.013279724999897,-25.011077871999902],[-50.013279779999898,-25.010689851999899],[-50.013108947,-25.010328778],[-50.012738209999895,-25.010226163],[-50.012141168,-25.010122368999898],[-50.011115364,-25.010122435],[-50.010545922999903,-25.010199774999901],[-50.009805689,-25.009657665],[-50.009577824999901,-25.009374348999899],[-50.009350158,-25.009142163],[-50.008951042,-25.0089095219999],[-50.008352973999898,-25.0090649959999],[-50.008011863,-25.008883340999898],[-50.0078126169999,-25.008522801],[-50.007527770999893,-25.008057956],[-50.007072444999899,-25.007593583],[-50.006815408,-25.007232276],[-50.006616348,-25.007051596999901],[-50.006132539,-25.007103591],[-50.005819198,-25.007283844],[-50.005476835,-25.007567790999897],[-50.005192477,-25.007902723],[-50.004850293999901,-25.008238712],[-50.004566309,-25.008548999],[-50.004367167999895,-25.009012884],[-50.004253261999899,-25.009349171999901],[-50.004224980999901,-25.009787944],[-50.004053519,-25.009916217999901],[-50.003655147,-25.010018648],[-50.00317073,-25.01004598],[-50.002715152999897,-25.010045391999899],[-50.002430299999894,-25.00970927],[-50.00231631,-25.009348035],[-50.002288353,-25.008934992],[-50.002544115,-25.008548554],[-50.002686656,-25.0080063139999],[-50.002714909999895,-25.007697187999899],[-50.002971648999896,-25.0074385829999],[-50.003284193999903,-25.007310361999899],[-50.003626349999898,-25.007231836],[-50.003769432999896,-25.006973541],[-50.003740255999901,-25.006767732],[-50.003455769999896,-25.0065357],[-50.002999206,-25.006536013],[-50.002687054,-25.006638675],[-50.002429543999902,-25.006819666999899],[-50.002088579,-25.006948420999898],[-50.001547156999898,-25.007051681999901],[-50.001291215,-25.007258258],[-50.0010920839999,-25.007593406999899],[-50.00097879,-25.007825620999899],[-50.000664226,-25.0082131],[-50.000380085,-25.008341696999899],[-50.000351421999895,-25.008677292999899],[-50.000265356999897,-25.008986562],[-50.000009592999902,-25.009245181],[-49.999872119,-25.009329170999898],[-50.001825432,-25.010818716],[-50.002533854,-25.012476107999898],[-50.002261904999898,-25.0137899479999],[-50.0013687759999,-25.015423292],[-49.999860194999897,-25.016937969],[-49.999216264,-25.018356437],[-49.999565777,-25.019459461999897],[-49.9997925649999,-25.020451292],[-49.9996510389999,-25.0214373059999],[-49.998658576,-25.021751858999899],[-49.996952645999897,-25.020737562999901],[-49.995392614999894,-25.018518186999898],[-49.994056021999903,-25.0175088139999],[-49.993197385,-25.017276404],[-49.992325251999901,-25.016902294],[-49.992299482999897,-25.0170489459999],[-49.992150005,-25.01753085],[-49.99160461,-25.0179545129999],[-49.9910988439999,-25.018094756],[-49.990320669,-25.018236837],[-49.989852991999896,-25.018130157],[-49.989775283,-25.018659586],[-49.990203979999905,-25.018625138999901],[-49.990748539,-25.018765714],[-49.99086613,-25.019083190999897],[-49.992014745999896,-25.021102626],[-49.992232106999893,-25.022642167],[-49.993189016,-25.02419524],[-49.993794783999903,-25.024752976999899],[-49.994516963,-25.02564188],[-49.996337629,-25.027097833],[-49.996935688999898,-25.028094649],[-49.997040034999898,-25.029083972],[-49.995040278,-25.030482592999899],[-49.994136656,-25.032664648],[-49.993745569999895,-25.033756948],[-49.993975024999898,-25.034638395999899],[-49.996305908999901,-25.035223732999899],[-49.9976409349999,-25.0363418069999],[-49.998220626,-25.038217722999899],[-49.997828846999901,-25.039419617],[-49.996209731,-25.040273693],[-49.994615756999899,-25.0398095729999],[-49.992403897,-25.03944677],[-49.990785742,-25.0403008289999],[-49.989543653999895,-25.0407216159999],[-49.9872093339999,-25.040357136999901],[-49.985022682,-25.0386760979999],[-49.984565542,-25.03680179],[-49.984881922999897,-25.0331828999999],[-49.98540493,-25.03154362],[-49.983561752,-25.031296175],[-49.981600224,-25.030717517],[-49.981250062999898,-25.029723979],[-49.981889748999897,-25.028525471],[-49.9832697209999,-25.027229135],[-49.984500364,-25.027356992999898],[-49.985374495999899,-25.026712197999899],[-49.985882018,-25.025950194],[-49.9857650719999,-25.024445752999899],[-49.9852209539999,-25.024657607999899],[-49.984324551,-25.024904009999901],[-49.983585667999897,-25.024974474],[-49.983039811999895,-25.025362519999899],[-49.982767975999899,-25.025644666999899],[-49.98222222,-25.025644666999899],[-49.981910735,-25.025257016999898],[-49.981716298,-25.024903804999898],[-49.981365184999895,-25.0244809289999],[-49.981015499,-25.0240927689999],[-49.980275742999901,-25.023457429],[-49.979419401,-25.023456917],[-49.978912400999903,-25.0237395619999],[-49.978562504,-25.024127483],[-49.978251348999898,-25.024163488999896],[-49.977800419999895,-25.024177533999897],[-49.977603379,-25.024184025],[-49.976825724,-25.023782819999902],[-49.976306222999902,-25.023542118],[-49.975687994999902,-25.023920960999899],[-49.9753392699999,-25.023915373999898],[-49.974557031,-25.023747842],[-49.974048872,-25.022963116],[-49.973881503,-25.0225710029999],[-49.973452348999892,-25.0222539009999],[-49.97205645,-25.022233347999901],[-49.971629928999903,-25.021682542999898],[-49.970856868999896,-25.021048563999901],[-49.969293614,-25.020635887],[-49.968778498999903,-25.020239106999899],[-49.967389606,-25.019829676],[-49.966772574999901,-25.020130902999899],[-49.966490269,-25.0212154439999],[-49.966133570999901,-25.021598690999898],[-49.965693068999897,-25.0218255959999],[-49.965086426,-25.021581879999896],[-49.964060996999898,-25.020478845999897],[-49.963464727999892,-25.019692013999901],[-49.962255792999898,-25.019051245999897],[-49.96156294,-25.018807277999898],[-49.961394375999902,-25.018493668999898],[-49.959670576999898,-25.017378499],[-49.958806976999895,-25.016899408],[-49.957935166999896,-25.016886757999899],[-49.957227577,-25.017341042999899],[-49.956606914999902,-25.017875932],[-49.954824328,-25.019793007],[-49.953930736999901,-25.020867472],[-49.953222876,-25.021401185999899],[-49.952612841999894,-25.021313527],[-49.952275733,-25.020686293],[-49.952391714,-25.019211487999897],[-49.953551461,-25.0179068899999],[-49.954359067,-25.016753675],[-49.9548923239999,-25.016295221999901],[-49.955088695,-25.015131949],[-49.955301034999898,-25.013191929999898],[-49.954895144,-25.011630706999899],[-49.954819807,-25.010929421999897],[-49.954834799999901,-25.010152665999897],[-49.955035547999898,-25.008833362],[-49.955052722999895,-25.007979038],[-49.954201972999897,-25.006800782],[-49.953363846999899,-25.004999137],[-49.953393854999895,-25.003444753999897],[-49.953243711999903,-25.002198357999902],[-49.952306805,-25.00101805],[-49.951201366999896,-24.999524154],[-49.950333245,-24.999277815],[-49.94972884,-24.998957431999898],[-49.949476518,-24.99848751],[-49.949485738999897,-24.9980202049999],[-49.949679693999897,-24.997013104],[-49.94980731,-24.994915977999899],[-49.949480653,-24.993744841],[-49.9492341529999,-24.992963699],[-49.948734373,-24.991711724],[-49.9474466449999,-24.990604313999899],[-49.9471163709999,-24.9896668539999],[-49.947247409999896,-24.98741373],[-49.947793447,-24.986256233999896],[-49.947304103,-24.984460345999899],[-49.946471674999898,-24.982426136],[-49.945526863999902,-24.981634684],[-49.944484466999896,-24.981385992],[-49.943870894,-24.9815319799999],[-49.943407672,-24.981711036],[-49.942218333999897,-24.981273207999898],[-49.94222876,-24.980729272],[-49.942853963999902,-24.979961772],[-49.944437777,-24.979286648],[-49.944962967,-24.979217060999897],[-49.945056936999904,-24.978907039],[-49.944982616999894,-24.9782058599999],[-49.944220158999897,-24.977028910999898],[-49.943368150999902,-24.976004115999899],[-49.941658517999898,-24.9741908889999],[-49.940537241999898,-24.973473741],[-49.939239221,-24.972909385],[-49.939160054999903,-24.972520351999901],[-49.9394319889999,-24.971979971999897],[-49.941124993999892,-24.97014066],[-49.941583855,-24.9689820789999],[-49.940081125999896,-24.965461048999899],[-49.939172663999898,-24.964542326999897],[-49.934425096,-24.965201937],[-49.929453884999894,-24.967321709],[-49.927201306,-24.969045627999897],[-49.926921184,-24.970798137],[-49.927137109999897,-24.972339217],[-49.931297042,-24.973940178],[-49.932015420999903,-24.9750499089999],[-49.933222043999898,-24.97638626],[-49.932436079999896,-24.978791068],[-49.931683399999898,-24.979439053],[-49.931662359999898,-24.98053605],[-49.933060482999899,-24.984732381],[-49.933285278999897,-24.9858336449999],[-49.931794095,-24.9864698179999],[-49.927836668999902,-24.987068888999897],[-49.926830297,-24.988150726],[-49.925537356999897,-24.991206973],[-49.927709249,-24.9936575259999],[-49.930360643,-24.996773735],[-49.9305776039999,-24.998314077],[-49.930049642999897,-25.000064354],[-49.927092579,-25.000018769999897],[-49.9241468009999,-24.999314157999898],[-49.923615368999897,-25.001283493999896],[-49.9235731899999,-25.003479515],[-49.924528639999892,-25.005032671],[-49.928179729999897,-25.007504352],[-49.928136594,-25.009701328999899],[-49.932509673999895,-25.013064756999899],[-49.935694640999898,-25.0142126319999],[-49.93957862,-25.017347529999899],[-49.940263452999893,-25.016972412],[-49.943126359999901,-25.015588636],[-49.944860132999899,-25.0151756409999],[-49.946208988999899,-25.015635755999899],[-49.946799733,-25.016963041999901],[-49.946147691,-25.018821368],[-49.946957223,-25.0215796099999],[-49.948042410999903,-25.022804947999898],[-49.947777259999896,-25.023789281999896],[-49.947511125999895,-25.024773604999901],[-49.947107635999899,-25.026525782],[-49.947065650999896,-25.028722034999898],[-49.949247576999902,-25.030623272999897],[-49.950867780999893,-25.029768584999896],[-49.952510630999896,-25.0277071299999],[-49.954036132999896,-25.025313578999899],[-49.956386112999894,-25.024909717999897],[-49.958713429999897,-25.025714412],[-49.961269366999893,-25.027511004999901],[-49.963354244,-25.028092360999896],[-49.967530118999896,-25.028924586999899],[-49.96910575,-25.030377434999899],[-49.969318571999899,-25.032138868999901],[-49.968661305999895,-25.034216428],[-49.966908243,-25.035617294999899],[-49.965737294999897,-25.038784607],[-49.967046899,-25.0412219319999],[-49.968240146999896,-25.043328076999899],[-49.969309021999898,-25.045430739],[-49.969645284999899,-25.047194852999898],[-49.970102336,-25.049069264],[-49.971541548999895,-25.051178765],[-49.974646194999899,-25.050017801],[-49.976980851999897,-25.050491973],[-49.982668685,-25.049699745999899],[-49.985151970999894,-25.048859094999901],[-49.987874126999898,-25.0483503469999],[-49.99136205,-25.046535981],[-49.991750501999896,-25.045553164999898],[-49.992525709999903,-25.043697095],[-49.993522626,-25.043162531999897],[-49.995625109999899,-25.0428655169999],[-49.997583381999895,-25.0436641279999],[-49.999421603999899,-25.044241068],[-50.001033017999902,-25.043826067999898],[-50.001925559999897,-25.0423011849999],[-50.002585941999897,-25.0400043829999],[-50.003542409,-25.035075454],[-50.0038983809999,-25.029368003999899],[-50.0032150279999,-25.02639147],[-50.003367905999895,-25.024855930999898],[-50.004913652999896,-25.023155420999899],[-50.006779148,-25.023862283],[-50.007209643999893,-25.027165026],[-50.008170029,-25.02849808],[-50.010610614999898,-25.029852637],[-50.013551649,-25.0307764679999],[-50.016514398,-25.030601227],[-50.019485807999899,-25.029986887999897],[-50.020509294999897,-25.028025506999899],[-50.020078628999897,-25.02472277],[-50.021603493,-25.022328904999899],[-50.025791742,-25.022611727],[-50.027237262999897,-25.024391201],[-50.026962074,-25.02592513],[-50.025437237999896,-25.028319057],[-50.023402317,-25.031583703999896],[-50.02311746,-25.033556737],[-50.025541813999894,-25.035791198],[-50.026272784999897,-25.036240983],[-50.0285002809999,-25.035835830999897],[-50.030986651,-25.034773926999897],[-50.032202713999901,-25.035670215],[-50.032420283,-25.037212558],[-50.031617776999894,-25.040495493],[-50.031847339,-25.041378761],[-50.030092884999895,-25.042890503],[-50.02736822,-25.0435091599999],[-50.024873109999902,-25.045009256],[-50.018913607999899,-25.0471163019999],[-50.012649302999897,-25.052295581999896],[-50.009870022,-25.055768824],[-50.005632037999895,-25.058122309999899],[-49.996704639999898,-25.060623290999899],[-49.993716376999899,-25.062116660999898],[-49.990707281999903,-25.0647073929999],[-49.986931246,-25.068606547999899],[-49.983704684999893,-25.069655601],[-49.981741179,-25.069186414999898],[-49.975746784,-25.073050319999897],[-49.97220615,-25.077611948],[-49.97090458,-25.081106855],[-49.970615870999893,-25.083300294],[-49.9680563329999,-25.0880962519999],[-49.9670190739999,-25.090717165999898],[-49.966972863,-25.093134054],[-49.966224337,-25.093561469999898],[-49.963490229999898,-25.094618862999901],[-49.963189287,-25.097470759],[-49.966114369,-25.099274627999897],[-49.968304097,-25.10084575],[-49.969256782999892,-25.102618546],[-49.96701645,-25.103683557],[-49.963317424999893,-25.103626531],[-49.958865413999895,-25.104218758999899],[-49.954880929999895,-25.106135193999897],[-49.954574505,-25.109207268],[-49.958043344,-25.112989699],[-49.961429139999893,-25.1153059479999],[-49.962668705999903,-25.116909185999901],[-49.963247359,-25.119860864],[-49.962312921,-25.1222240829999],[-49.962018742999902,-25.124257052999901],[-49.964625368,-25.127466276999897],[-49.967021099999897,-25.128408259],[-49.968126356,-25.130462827],[-49.968952677999894,-25.133758706],[-49.9706920349999,-25.135822736999899],[-49.973690807,-25.138471853999899],[-49.973660453,-25.140056337],[-49.972238823999895,-25.141279607999898],[-49.970191084999897,-25.142040467],[-49.967404044,-25.14154538],[-49.964526464999899,-25.139237609999899],[-49.963849024999895,-25.134811859],[-49.962602144999899,-25.133548215],[-49.960926687,-25.134767070999899],[-49.958099535,-25.136422586],[-49.955183431,-25.136038015999898],[-49.952144415999896,-25.1354261339999],[-49.9489889869999,-25.134358657999901],[-49.947216570999899,-25.1339912719999],[-49.944522029,-25.135308634999898],[-49.942614166999896,-25.135393383999901],[-49.941618678999902,-25.134358672],[-49.940511852,-25.132417216999901],[-49.939910134999899,-25.130709142999901],[-49.939984501999895,-25.13008809],[-49.940207025999904,-25.128450551999897],[-49.939594526999898,-25.127309603],[-49.939227633,-25.126510863999901],[-49.939878903,-25.125728641],[-49.940545438999898,-25.124154683],[-49.939924731999895,-25.123352524],[-49.938034011999896,-25.122531356],[-49.935095744,-25.123391302],[-49.934061501,-25.124280671999898],[-49.931741925,-25.1259427419999],[-49.931345398999902,-25.1267302279999],[-49.932583081,-25.128445998],[-49.9335614519999,-25.130385709999899],[-49.934803649999893,-25.131876846999898],[-49.936693448,-25.132698053999899],[-49.939689082,-25.135461622],[-49.939785925,-25.137047804999899],[-49.938870016999893,-25.138392842],[-49.936811431,-25.139718764999898],[-49.936283010999894,-25.140729235],[-49.935995851,-25.14242353],[-49.934953492,-25.143765959999897],[-49.934175734999897,-25.144546519],[-49.9323879619999,-25.144971744],[-49.930878334999903,-25.144156535],[-49.929761739,-25.142780283],[-49.9269667249999,-25.142736891],[-49.922380376,-25.143346047],[-49.920719999,-25.143772929999898],[-49.919174238,-25.144767734],[-49.91839013,-25.1458879959999],[-49.918254663999896,-25.1463383409999],[-49.917355742,-25.146777391999901],[-49.916583429999896,-25.147331438],[-49.91557068,-25.147089281],[-49.914659141,-25.148207808999899],[-49.914389967,-25.1489952549999],[-49.914630202999895,-25.149679099],[-49.916006097,-25.15083242],[-49.917664767999895,-25.150517889999897],[-49.919583544,-25.149868882999897],[-49.920617953,-25.1489785549999],[-49.922281116,-25.148438423999899],[-49.923165487999896,-25.148678816],[-49.923537692,-25.149136977999898],[-49.924797026,-25.149722288],[-49.927734835,-25.148975613999902],[-49.930780233999897,-25.149248034],[-49.93305588,-25.149849824999901],[-49.934808582999899,-25.151235632999899],[-49.935680437,-25.152154575999898],[-49.936534252999891,-25.153979503],[-49.936639139999897,-25.155111887],[-49.9366238429999,-25.155904635999899],[-49.935473831999893,-25.1562261669999],[-49.932935235999899,-25.1560748489999],[-49.931407511,-25.1561637719999],[-49.930251208999898,-25.156825037],[-49.929736264,-25.157156981999901],[-49.929342446999897,-25.157830411],[-49.928189669999895,-25.1582651599999],[-49.926928517999897,-25.1577930989999],[-49.925414327999896,-25.157203405999898],[-49.922756395999897,-25.156596346],[-49.919590006,-25.156094719999899],[-49.916905911,-25.1568466159999],[-49.915757646,-25.157054815],[-49.913845098999893,-25.157364974],[-49.911807902999897,-25.157559229999897],[-49.910539494,-25.157426843999897],[-49.908905223,-25.156495591999899],[-49.907542936999903,-25.154662718999898],[-49.906804887,-25.153406586],[-49.905797623999902,-25.152938821],[-49.904521971999898,-25.153144321999896],[-49.905127246999903,-25.1547394],[-49.906371177,-25.156117548999898],[-49.907111011,-25.157260441999899],[-49.907343171,-25.158395501],[-49.906949293999901,-25.159068906],[-49.9045452189999,-25.158466055],[-49.903645432,-25.159018357],[-49.903239718999899,-25.160257090999899],[-49.903970457999904,-25.161853931999897],[-49.906108892999896,-25.163018674999897],[-49.906588577,-25.164497905],[-49.9061692719999,-25.166415281],[-49.905641644999896,-25.167426738],[-49.9043686649999,-25.167519916999897],[-49.903489571,-25.166940580999899],[-49.901989969999903,-25.16567215],[-49.899847983999898,-25.164732972],[-49.899113519,-25.163249336],[-49.8991352419999,-25.162117712999898],[-49.898904109999897,-25.1609817289999],[-49.898547331,-25.159731665],[-49.896647400999896,-25.159362201],[-49.895876792,-25.159802966],[-49.895861368999896,-25.160595729],[-49.896733116999897,-25.16151482],[-49.896686888,-25.163891308999901],[-49.900017529,-25.169037385],[-49.900259541,-25.169607121],[-49.899514922,-25.171136373],[-49.899074055,-25.1717406399999],[-49.898920351999898,-25.1730979939999],[-49.898135107,-25.174217407999897],[-49.896972311999896,-25.175218376],[-49.894829284999894,-25.174279109999897],[-49.892934782999895,-25.173683097],[-49.8911793729999,-25.172411078],[-49.890694405,-25.171271562999898],[-49.888676087,-25.170447262],[-49.887898111999903,-25.171227787],[-49.8883822459999,-25.172481497],[-49.888488702999894,-25.173501635],[-49.887557949,-25.175638633999899],[-49.887650756999903,-25.177337425],[-49.889712945,-25.179237706],[-49.894001659999894,-25.180888878],[-49.895228463,-25.183172417],[-49.895201192999899,-25.1845306499999],[-49.893904580999902,-25.185869703],[-49.888000613,-25.1887208479999],[-49.88721624,-25.189841234],[-49.884905702,-25.190937049999899],[-49.879300956999899,-25.191529892999899],[-49.875684511,-25.194416829],[-49.873848063999894,-25.197331885],[-49.872822437999901,-25.197769158],[-49.870249739,-25.199313582999899],[-49.868193898999898,-25.200413732999898],[-49.862040007,-25.203034504999899],[-49.856167344,-25.204301248],[-49.85054031,-25.206025408999899],[-49.840340462,-25.210677777999901],[-49.837509789,-25.2123308299999],[-49.836461065,-25.213899849],[-49.835131832999899,-25.216822865],[-49.83332139,-25.218379506999899],[-49.831015957,-25.219248494999899],[-49.827691122,-25.220215697999901],[-49.822146731,-25.224091706],[-49.820591887,-25.225538562999901],[-49.818809788999893,-25.225624317],[-49.815531000999897,-25.224325785],[-49.812480239,-25.224277758],[-49.812349949245153,-25.224395998125189],[-49.8124027,-25.2249153]]]]}},
{"type":"Feature","properties":{"fid":12,"id1":978322,"cd_fcim":"SG22","leg_carga":"Rp.E","cd_fito":"E","cd_leg_2":"R","clas_domi":"Rp","leg_uveg":null,"nm_uveg":null,"leg_uantr":"Rp","nm_uantr":"Florestamento/Reflorestamento com Pinus","leg_contat":null,"nm_contat":null,"veg_pretet":"E","nm_pretet":"Estepe","leg_sec1":null,"nm_sec1":null,"leg_sec2":null,"nm_sec2":null,"leg_sup":"Área Antrópica Dominante","legenda_1":"Estepe","legenda_2":"Florestamento/Reflorestamento","legenda":"3Rp - Florestamento/Reflorestamento com Pinus","ar_poli_km":6.0654,"leg1_id":10.0,"leg2_id":50.0},"geometry":{"type":"MultiPolygon","coordinates":[[[[-49.915851662999899,-25.218702316],[-49.934134819999898,-25.206131330999899],[-49.934205790999897,-25.202460916999897],[-49.930676052,-25.198504204],[-49.925386509999896,-25.1922266139999],[-49.925196232999902,-25.188781287],[-49.923451083,-25.185770813],[-49.921417176,-25.184362646999901],[-49.91618957,-25.188182864999899],[-49.909872062,-25.194970495999897],[-49.909272379,-25.199321613999899],[-49.903768135999897,-25.204056390999899],[-49.911371164999899,-25.210600122],[-49.915851662999899,-25.218702316]]]]}},
{"type":"Feature","properties":{"fid":36,"id1":976663,"cd_fcim":"SG22","leg_carga":"Acc+Egf","cd_fito":"E","cd_leg_2":"Ac","clas_domi":"Acc","leg_uveg":null,"nm_uveg":null,"leg_uantr":"Acc","nm_uantr":"Agricultura com Culturas Cíclicas","leg_contat":null,"nm_contat":null,"veg_pretet":"E","nm_pretet":"Estepe","leg_sec1":"Egf","nm_sec1":"Estepe Gramíneo-Lenhosa com floresta-de-galeria","leg_sec2":null,"nm_sec2":null,"leg_sup":"Área Antrópica Dominante","legenda_1":"Estepe","legenda_2":"Agricultura","legenda":"3Acc - Agricultura com Culturas Cíclicas","ar_poli_km":881.7689,"leg1_id":10.0,"leg2_id":44.0},"geometry":{"type":"MultiPolygon","coordinates":[[[[-49.773031633,-24.487915562999898],[-49.771859906,-24.4881159],[-49.770597590999898,-24.489740807],[-49.770195546,-24.491377837999899],[-49.767840201999903,-24.492327717999899],[-49.765867990999901,-24.492625170999901],[-49.763248125999894,-24.4944468589999],[-49.762076322,-24.497716696999902],[-49.762053616999893,-24.498812453],[-49.760167193999898,-24.500865915],[-49.758062657,-24.501598803],[-49.756800192,-24.503223735999899],[-49.755903511,-24.504964094999899],[-49.755984966,-24.507048128999898],[-49.75558912,-24.508357326999899],[-49.754739431999901,-24.513935314],[-49.755080698999897,-24.5152577019999],[-49.755048869999897,-24.516791684999898],[-49.752446074,-24.517846473999899],[-49.751344888999895,-24.517609472999901],[-49.749146924999899,-24.516805673999897],[-49.747936222,-24.515909235],[-49.747354943999895,-24.514255411],[-49.747891271999897,-24.512070724999898],[-49.746211444,-24.509961270999902],[-49.743009217999898,-24.510238433],[-49.7427474,-24.511001009],[-49.742562351999901,-24.514068121],[-49.742653608999895,-24.515605663],[-49.743253098,-24.516382291],[-49.744424727999892,-24.519251836999899],[-49.744396562999896,-24.520677464],[-49.742525335,-24.521962152999897],[-49.741040886999897,-24.5223775659999],[-49.740525507,-24.523574873],[-49.740612203999902,-24.525331101999896],[-49.741085751999897,-24.526215323],[-49.744392091999899,-24.527599884],[-49.746599983999893,-24.530197195],[-49.745818207999903,-24.532377647],[-49.742809177,-24.535179908],[-49.739076546,-24.537313058999896],[-49.73760571,-24.537069833],[-49.735182246999898,-24.535276691],[-49.732030753999894,-24.533033061],[-49.729572765999897,-24.532993551999898],[-49.725142068,-24.533140993999901],[-49.7216639009999,-24.534838312],[-49.719465052,-24.534144489],[-49.717766168999894,-24.533021296],[-49.712576331,-24.5342521339999],[-49.7108765,-24.533128888],[-49.707903801,-24.534176256],[-49.707152825,-24.534822532],[-49.705868751999894,-24.537433146999899],[-49.705601364999893,-24.538525573999898],[-49.705525305,-24.5422515939999],[-49.705243160999899,-24.544001776],[-49.703713596999897,-24.546608966999898],[-49.700759084,-24.546779914999899],[-49.699766262,-24.547202207999899],[-49.699242269,-24.548729331999898],[-49.699452877999903,-24.550487524999902],[-49.699676315,-24.551587035],[-49.697682385999897,-24.552871674],[-49.694968628,-24.553265648],[-49.690564206,-24.55209703],[-49.687412894,-24.549852781],[-49.682517736,-24.548675187],[-49.679745011999898,-24.551919660999896],[-49.679690642,-24.554550773],[-49.679144434,-24.557173924],[-49.680343212999901,-24.558728602],[-49.682743457999898,-24.5616192849999],[-49.683691258999893,-24.563389092999898],[-49.6838869709999,-24.565805192],[-49.684583755999896,-24.567791057999901],[-49.687708604,-24.571351149999899],[-49.688664716999895,-24.572681837999898],[-49.689120713999898,-24.5744446419999],[-49.687354575999898,-24.576609372999897],[-49.6844161819999,-24.575903647],[-49.682686886999896,-24.576313522],[-49.680858258999898,-24.575516174],[-49.679028677999895,-24.574717891],[-49.678573696999898,-24.572956905999899],[-49.6763284949999,-24.5744548119999],[-49.676515915,-24.577308378999899],[-49.674985851999899,-24.579916678],[-49.676684856999891,-24.581040320999897],[-49.677139809,-24.582803188],[-49.675860798,-24.585194595],[-49.675806382999895,-24.587826053999901],[-49.675009991,-24.59066469],[-49.674477511999896,-24.59263033],[-49.674700879999897,-24.593730041],[-49.678294734999902,-24.598395689],[-49.681683779,-24.6010832169999],[-49.682645549,-24.602195401999897],[-49.682855112,-24.603953965999899],[-49.678905884,-24.604547053],[-49.677197506,-24.603860706],[-49.672028166999894,-24.603995874999896],[-49.66856719,-24.604816449999898],[-49.666858837999897,-24.604130042999898],[-49.664950282999897,-24.601247670999896],[-49.663009389,-24.599899797],[-49.660827689999898,-24.598327857],[-49.657379669999898,-24.598490377999898],[-49.656628397999896,-24.59913578],[-49.656095764,-24.601101453999899],[-49.657020356,-24.603968737999899],[-49.656975019999898,-24.606161174],[-49.655217663999899,-24.607887681],[-49.650971819999896,-24.610888929999899],[-49.647710758999899,-24.613905346],[-49.647934000999896,-24.615006993999899],[-49.650320505,-24.618555613999902],[-49.652279044999901,-24.619026091],[-49.653523315999898,-24.618388696],[-49.656022803,-24.6164559159999],[-49.657996210999897,-24.616268426],[-49.6587160999999,-24.617157571999901],[-49.658424303999894,-24.619346559999901],[-49.6566705279999,-24.620853531],[-49.653924526,-24.622782784],[-49.653153662999898,-24.624304895],[-49.652383738999902,-24.625828850999898],[-49.652839613,-24.627590261],[-49.655746064,-24.629832012999902],[-49.657477710999899,-24.629422232999897],[-49.660487769,-24.626619762999898],[-49.662678969999902,-24.62775263],[-49.664888683999898,-24.628008796999897],[-49.666168005,-24.625617029999898],[-49.666956334999902,-24.623216369],[-49.668459957,-24.621924491],[-49.669939466999899,-24.621729792999897],[-49.671621213,-24.623731246],[-49.672300569,-24.62659429],[-49.671001832999899,-24.629863681],[-49.667704742999902,-24.634635789999898],[-49.666177923999896,-24.6370240789999],[-49.665663792,-24.638112432],[-49.665649914999896,-24.638770429],[-49.668994112999897,-24.643651297999899],[-49.668930373999899,-24.646721742999901],[-49.66472206,-24.647968326],[-49.661000084,-24.649443423],[-49.659980000999894,-24.651181826],[-49.659450959,-24.65292734],[-49.657907377999898,-24.6561934819999],[-49.659026275,-24.658570052999899],[-49.661454995,-24.660145034],[-49.663657567,-24.660729353999901],[-49.665119767999897,-24.661412373],[-49.667051886,-24.663198968],[-49.667740552999895,-24.665623154999899],[-49.668835826999896,-24.666190555],[-49.669466814,-24.665432892999899],[-49.670352575,-24.664240365999898],[-49.672431941999896,-24.664822853],[-49.674134267999897,-24.665838434999898],[-49.675810730999899,-24.668059866],[-49.676224431,-24.671906093],[-49.673734646999897,-24.673290736999899],[-49.672973949,-24.674375708999897],[-49.67197136,-24.675236547999898],[-49.669759406,-24.67509068],[-49.668633539,-24.675949734],[-49.66823055,-24.677588752999899],[-49.669015911,-24.678260208],[-49.669803231999893,-24.678931690999899],[-49.672012423999895,-24.679186933],[-49.673357103999898,-24.679647616999898],[-49.675197486999899,-24.679897520999901],[-49.677426126999897,-24.679275872999902],[-49.678417688999893,-24.678961908],[-49.680508226999898,-24.678996551999898],[-49.6821030609999,-24.679242879999897],[-49.683329109999903,-24.679482074],[-49.684269952999898,-24.6815808479999],[-49.684240463,-24.683007374999899],[-49.6843434849999,-24.683995416999899],[-49.684574347999899,-24.684768290999898],[-49.684806073999894,-24.685429940999899],[-49.68366553,-24.687057527],[-49.683042787,-24.687375911999901],[-49.681674156,-24.688121236],[-49.681298910999899,-24.688444090999901],[-49.681400916,-24.689433963999896],[-49.681997832,-24.69032063],[-49.682722624999897,-24.6909902999999],[-49.682704186,-24.691867208999899],[-49.681452356,-24.692944306999898],[-49.680234491,-24.692266623],[-49.6787784959999,-24.691255428],[-49.676443147,-24.691106915],[-49.673490609999902,-24.691058907999899],[-49.669666106999898,-24.691544478],[-49.668674486,-24.691858429],[-49.667173288999898,-24.693039467999899],[-49.667612689999899,-24.694922360999897],[-49.669179057999898,-24.696592655],[-49.669395068,-24.698021895999897],[-49.668249757999895,-24.699868283999898],[-49.667345375,-24.701937917999896],[-49.667069265999899,-24.703359177],[-49.667898829,-24.704908562],[-49.668245526999897,-24.7060114619999],[-49.668086249999895,-24.707763621],[-49.667188272,-24.709505132999901],[-49.666175439999897,-24.710913976],[-49.663823221999898,-24.71153384],[-49.660538653999893,-24.709724601999898],[-49.659089096999892,-24.7083841429999],[-49.657523716999897,-24.706712819],[-49.656206734999898,-24.704935668],[-49.654760014,-24.7034867429999],[-49.652564545999901,-24.702573183],[-49.650968604999896,-24.702327571999902],[-49.648868605999901,-24.702731190999899],[-49.648234663,-24.7035983059999],[-49.648221731,-24.704255578],[-49.648676706999893,-24.706019355],[-49.649504342999897,-24.707678207],[-49.649841691999896,-24.709219623999896],[-49.6495747559999,-24.710202422999899],[-49.648699861999901,-24.710846306999901],[-49.647716589,-24.710830229999896],[-49.646125249999898,-24.710364886],[-49.644524744999899,-24.710448362],[-49.644259630999898,-24.711320848],[-49.644620172,-24.711765613999901],[-49.645956522999896,-24.712556466],[-49.647176220999896,-24.713124942],[-49.647035358,-24.714000154],[-49.646282749,-24.714645813999898],[-49.644799888,-24.714949858],[-49.644410606999898,-24.715931811999898],[-49.644879525999897,-24.717036562],[-49.645606124,-24.717596989],[-49.647208629,-24.717513532999899],[-49.649418125999894,-24.717768980999899],[-49.649399574,-24.718645981999899],[-49.648752633999898,-24.720172291],[-49.647750764999898,-24.7210332229999],[-49.64784804,-24.7222411229999],[-49.648212271,-24.72246618],[-49.648577465,-24.722692161999898],[-49.650056729999896,-24.722605991],[-49.652622183999902,-24.723526822999901],[-49.652726913,-24.72440654],[-49.652822387,-24.725723864],[-49.6527723519999,-24.728137083],[-49.653232057999894,-24.729680393999899],[-49.654186736,-24.731122356],[-49.654431475999893,-24.731236247],[-49.65604137,-24.730714189],[-49.658406699999901,-24.729436087],[-49.659145424,-24.729448593],[-49.660883223,-24.728708578999896],[-49.661911006999894,-24.726642346999899],[-49.6624170689999,-24.725991231],[-49.664051871999902,-24.724262995999901],[-49.665399568999902,-24.724614405999898],[-49.666474783999902,-24.726167473],[-49.666816873999899,-24.727490182999901],[-49.667413811999893,-24.728377925999897],[-49.668149752,-24.728498891999898],[-49.668410189,-24.727845127999899],[-49.669791957999898,-24.726441501999897],[-49.670777249,-24.726457535999899],[-49.671986833999895,-24.727465357],[-49.672324341,-24.7290068729999],[-49.673024284999897,-24.730883752],[-49.674192363,-24.733863588],[-49.675492111,-24.736518858],[-49.676572044999901,-24.73785315],[-49.6776658409999,-24.738529184999901],[-49.678768873,-24.738766679],[-49.679985971999898,-24.7394444819999],[-49.682672217999894,-24.7404753819999],[-49.684007998,-24.741375584],[-49.6842333439999,-24.742366527999902],[-49.684313322,-24.744452539999898],[-49.683914942999891,-24.7458723],[-49.682038158999902,-24.747377513999901],[-49.678840216999902,-24.747215673],[-49.677480505999895,-24.747521692],[-49.674000968999898,-24.749111405999898],[-49.673607151999896,-24.750311442999902],[-49.674311787999898,-24.7519687449999],[-49.675752432,-24.75374793],[-49.678182139999898,-24.755323378],[-49.678650294,-24.756428237],[-49.677803845999897,-24.758775565999901],[-49.6740998289999,-24.759373433999901],[-49.672572352,-24.761762039],[-49.673023959,-24.763745037],[-49.673256704,-24.764406919999896],[-49.676424362,-24.765993996],[-49.677623106999896,-24.767549969],[-49.679815566999899,-24.7686833509999],[-49.681284029,-24.769145938999898],[-49.683252979,-24.769177906],[-49.684743511,-24.768544441],[-49.685759272,-24.767024884],[-49.687240570999897,-24.76683],[-49.689473559999897,-24.765988281],[-49.692158291999903,-24.7671295439999],[-49.692171200999894,-24.769487518999899],[-49.691644906999898,-24.771125416999897],[-49.6916356999999,-24.771564011999899],[-49.691747978,-24.772114717999898],[-49.692221808999896,-24.772999889999898],[-49.693550392999896,-24.774229338999898],[-49.695512966,-24.774590411],[-49.697245529,-24.7741792519999],[-49.698835392,-24.774644416999898],[-49.699561440999894,-24.775314287999898],[-49.699921186,-24.775759087],[-49.700396028999897,-24.776644272999896],[-49.700246103,-24.777959251],[-49.700227716999898,-24.778836467999898],[-49.700068609999896,-24.780589158999899],[-49.699280125,-24.782990509999898],[-49.698769468999899,-24.783859778999901],[-49.698384894999897,-24.784622311],[-49.697985568,-24.786041393999898],[-49.697344346,-24.787347557],[-49.696097553999891,-24.788095912],[-49.694839745,-24.789392328],[-49.694583092999892,-24.789935956999901],[-49.695771862,-24.791931539],[-49.696390246999904,-24.791831853],[-49.699664964,-24.788263792999899],[-49.701279723999896,-24.787521603999899],[-49.701772975,-24.787529579],[-49.702518271999899,-24.787212778],[-49.703255219999896,-24.787224238999897],[-49.704457982999898,-24.788670832],[-49.704558328,-24.789769620999898],[-49.704278722,-24.791410292],[-49.704262136999901,-24.792179029999897],[-49.705716992,-24.793299950999899],[-49.706948197,-24.793319384],[-49.708909955,-24.793680384],[-49.709277117999903,-24.793796007],[-49.710125573,-24.794468564999899],[-49.710835978,-24.795796847],[-49.711313673999896,-24.796572662999896],[-49.7120296639999,-24.797681191],[-49.711756462,-24.798994524999902],[-49.712708117,-24.800655586999898],[-49.713662421,-24.802096846],[-49.715487313,-24.803224870999902],[-49.717444582,-24.803804699999901],[-49.7183150279999,-24.8033801559999],[-49.718211843999896,-24.8023907379999],[-49.717265717,-24.8005099159999],[-49.717048379999902,-24.799080105],[-49.717082264999895,-24.797434954],[-49.719082527999902,-24.795930976],[-49.721450916,-24.794542615999902],[-49.723672086999898,-24.794249521],[-49.727112691999899,-24.7946342],[-49.728336553,-24.794982746],[-49.72940784,-24.796756716999898],[-49.729594208,-24.799722236],[-49.730933240999903,-24.800512107],[-49.7316903,-24.799536761],[-49.731722299999895,-24.7980010469999],[-49.731634578999902,-24.796243798],[-49.731404440999896,-24.795471537],[-49.733407375999903,-24.793858051],[-49.734760913999892,-24.793880021999897],[-49.735871572999898,-24.79378816],[-49.738109192999893,-24.7927271259999],[-49.739842601999896,-24.792207150999896],[-49.740948698999894,-24.792334132999901],[-49.741919572,-24.7930083309999],[-49.742018289,-24.7942165659999],[-49.740494976,-24.796496442],[-49.740089484999899,-24.798245779],[-49.7412960939999,-24.799472493999897],[-49.742128206999901,-24.800911921],[-49.742586783,-24.802564991999901],[-49.742558591,-24.803991321],[-49.742155883999899,-24.805630372999897],[-49.740649763999897,-24.8070339299999],[-49.739165508,-24.807338539999897],[-49.7379306549999,-24.807538124999898],[-49.737131534999897,-24.809169740999899],[-49.736099430999893,-24.811457622],[-49.733272445999901,-24.811192127],[-49.731923383,-24.810951271],[-49.730029911999893,-24.813225074999899],[-49.729871962999894,-24.814978039],[-49.732403041999895,-24.8176523439999],[-49.733510039999892,-24.817670816],[-49.735636462999899,-24.816058922],[-49.73751441,-24.814552969],[-49.739026920999898,-24.81282197],[-49.741029957,-24.811207407],[-49.742630226,-24.811233753999897],[-49.745963224,-24.8108485919999],[-49.74804671,-24.811320554],[-49.748145446,-24.8125297879999],[-49.747766360999897,-24.812962306],[-49.746124224999896,-24.8150208439999],[-49.745860309,-24.815894713],[-49.744122993999895,-24.816525105],[-49.742863498999903,-24.81793132],[-49.7413773809999,-24.8183463149999],[-49.741233995,-24.81933229],[-49.742076272999896,-24.820333160999898],[-49.744394593,-24.8213577],[-49.745005696,-24.821587137999899],[-49.746234257999902,-24.821716761999898],[-49.7485563339999,-24.822632762999898],[-49.748895239,-24.824064405999898],[-49.748761984999895,-24.8246108169999],[-49.746626458,-24.826661554999898],[-49.746603658,-24.827758752],[-49.747305395999895,-24.829635310999901],[-49.746878079999895,-24.832482124],[-49.74746463,-24.833918248],[-49.748189990999897,-24.834588148],[-49.749901866999899,-24.835164359],[-49.751140584,-24.834855273],[-49.752131656,-24.834541765],[-49.753122725,-24.834228254],[-49.754834611,-24.834804436999899],[-49.754690288999896,-24.835790469],[-49.754659397999895,-24.837326435999898],[-49.755068325,-24.838429785999899],[-49.755477226,-24.839534964999899],[-49.756187196,-24.8409719439999],[-49.756167197,-24.841959759999899],[-49.755394485999894,-24.843593851],[-49.755247589999897,-24.844797942],[-49.755840538999898,-24.845905752],[-49.756439848999904,-24.846683368],[-49.757422838999901,-24.846808573],[-49.759432343999897,-24.844865295],[-49.759703542999894,-24.843662958],[-49.759971981,-24.842570070999898],[-49.760354678999903,-24.841916741],[-49.760372866999894,-24.841039296999899],[-49.760880654999902,-24.840280078],[-49.762010501999896,-24.839200279999897],[-49.762632531999898,-24.838881521],[-49.764139681,-24.837478598999898],[-49.763675393,-24.836044214],[-49.764187725999896,-24.835064281],[-49.765181540999897,-24.834641287999897],[-49.765572290999899,-24.8335510749999],[-49.765467138,-24.832671006999899],[-49.764395442999898,-24.830897818],[-49.763923040999899,-24.829903099],[-49.763190358,-24.829561585],[-49.762093184,-24.828995964999898],[-49.762113159999899,-24.8280082009999],[-49.764110804,-24.826723568],[-49.765833541999903,-24.826750606999902],[-49.767912641999892,-24.827442267],[-49.769075088,-24.830863451],[-49.768809469999894,-24.831845939999898],[-49.767506388999898,-24.835337351],[-49.767553910999901,-24.835425605999898],[-49.766464566,-24.838173765999898],[-49.766071026,-24.839375269999902],[-49.766673108,-24.8400433999999],[-49.767167258999898,-24.839941796999899],[-49.769034355999899,-24.838982762999898],[-49.770525077999899,-24.838348693999901],[-49.771393777999897,-24.838033394],[-49.772108362,-24.839251424999897],[-49.771843514999894,-24.840126301999899],[-49.770581300999901,-24.841642213999901],[-49.768338845999899,-24.8429235189999],[-49.767203497,-24.844222251999899],[-49.767190859,-24.844879900999899],[-49.767553570999901,-24.845215298],[-49.767931691999898,-24.844782683999899],[-49.769680008999899,-24.843602983],[-49.771269628,-24.844177368],[-49.771623269,-24.844951487999897],[-49.772223601999897,-24.845729083],[-49.772688752,-24.847054037],[-49.773554723999894,-24.846848167999898],[-49.773940134,-24.846086274999898],[-49.773892963,-24.845372123999898],[-49.773845793,-24.844657975],[-49.772524551999894,-24.842990702999899],[-49.77241937,-24.842110604],[-49.773463911999897,-24.839163766],[-49.775218466999895,-24.837655699],[-49.77571261,-24.837554081999897],[-49.777551639,-24.838022447],[-49.778651451,-24.838369101],[-49.780136832,-24.838063358999896],[-49.781509511,-24.83709822],[-49.783478984999896,-24.837129536999896],[-49.785568246,-24.837382401999896],[-49.786416076,-24.838053935999898],[-49.787150596999894,-24.838285035999899],[-49.787912261,-24.837199982999898],[-49.787923076999903,-24.83665181],[-49.787449610999893,-24.835656178999901],[-49.786986176,-24.8342218549999],[-49.788365283999902,-24.833037826999899],[-49.792833492999897,-24.831242964999898],[-49.795828316,-24.8293142899999],[-49.798311675,-24.828257008],[-49.799580927,-24.826411817999901],[-49.800844677,-24.824785512999899],[-49.80160977,-24.823481582999896],[-49.802735851,-24.822620607],[-49.804469345999898,-24.822099283999897],[-49.806289292,-24.823445723],[-49.807980642,-24.825118793999899],[-49.808204771999897,-24.826219433999899],[-49.809052608999899,-24.826891786],[-49.808635793999898,-24.829188660999897],[-49.80810933,-24.830936628],[-49.806596193999901,-24.832668086999899],[-49.805711478,-24.833860926999897],[-49.804580856,-24.834940853],[-49.804184756,-24.836251834999896],[-49.804416138,-24.8370232679999],[-49.804882413999898,-24.838348138999901],[-49.804864375999898,-24.839225575999897],[-49.804475544999896,-24.840206407],[-49.804440428,-24.8419622229999],[-49.805293803,-24.842414823999899],[-49.806154239,-24.842428670999897],[-49.807645871,-24.8417944229999],[-49.809527121,-24.840068030999898],[-49.8115136589999,-24.839221709999897],[-49.814481411,-24.838609853],[-49.818567209,-24.8375765239999],[-49.821145152,-24.837947254],[-49.822875203,-24.837644709],[-49.825224454999898,-24.837133625],[-49.828566639999892,-24.836308788999897],[-49.830694392999902,-24.834585730999901],[-49.831947248999903,-24.833508319],[-49.834899665999899,-24.833665164],[-49.838935995,-24.835045856999898],[-49.842108244,-24.836522193999897],[-49.843487127999893,-24.835336988999899],[-49.844008113999898,-24.833918212],[-49.844793447999898,-24.83151687],[-49.845800564999898,-24.830434189],[-49.847904022999899,-24.829918629999899],[-49.849239103999899,-24.830926965999897],[-49.849331117,-24.8324655169999],[-49.846074047999892,-24.835267877],[-49.846674580999903,-24.836045292999898],[-49.847903261999896,-24.8361745079999],[-49.850374049,-24.835774393999898],[-49.852840350999898,-24.8355940719999],[-49.856388921999894,-24.836746101999896],[-49.858140248,-24.835347919999897],[-49.860253642,-24.834392653999899],[-49.862090828,-24.8348613809999],[-49.862436798,-24.836073181],[-49.862527168,-24.837720304],[-49.861876727,-24.839466711999897],[-49.861083347,-24.842198341],[-49.861319371,-24.84274993],[-49.861548195999902,-24.8436316999999],[-49.861409736,-24.844397098999899],[-49.860776142,-24.845266072999898],[-49.85768781,-24.845766341999898],[-49.854081246999904,-24.8475750869999],[-49.853069637,-24.848876783],[-49.852176901999897,-24.850399103],[-49.851301275,-24.8511534209999],[-49.849937493999896,-24.851571611999901],[-49.847480000999894,-24.851312264999901],[-49.845060815999894,-24.849079909999901],[-49.843251191,-24.847185366],[-49.840938486999903,-24.8458322],[-49.838481810999895,-24.845464223],[-49.835388172999892,-24.846293561],[-49.832169225999898,-24.847120219],[-49.830074572999898,-24.847196967999899],[-49.826875314999903,-24.847036638999899],[-49.824532216999899,-24.847219381999899],[-49.822174645,-24.848060652999902],[-49.820325694999894,-24.848140753999896],[-49.819595606999897,-24.847690815],[-49.817014834999902,-24.847429506],[-49.814665460999898,-24.847941459],[-49.8127814489999,-24.8497773879999],[-49.809688472999902,-24.850496086],[-49.8080420759999,-24.852775102999896],[-49.80567088,-24.854273926999898],[-49.801945008999894,-24.8558605529999],[-49.800183207,-24.857699086],[-49.799744877999899,-24.857981282],[-49.79854024,-24.859757357],[-49.798393518999895,-24.860962462],[-49.796401269999897,-24.862028591999898],[-49.795321973999904,-24.860584591],[-49.7947351,-24.859148404999896],[-49.794015858999892,-24.858148339],[-49.792035386999899,-24.858667130999901],[-49.791353758999904,-24.861948748],[-49.791934339999898,-24.863713350999902],[-49.792270965999897,-24.865365052999902],[-49.793103571,-24.866804722],[-49.794803174,-24.868039377999899],[-49.796394776999897,-24.868503303999901],[-49.798489609999898,-24.868426783999901],[-49.800328883999903,-24.868895979999898],[-49.800562047,-24.869558047999899],[-49.7995320409999,-24.871736321],[-49.7992376139999,-24.874146641],[-49.799813738999902,-24.876132077999898],[-49.801013741,-24.877687341999899],[-49.801728556999898,-24.8789064109999],[-49.801807768999893,-24.881102111],[-49.801661052,-24.882307322],[-49.800775949999895,-24.883390882999898],[-49.800758872999893,-24.884268495],[-49.801473721,-24.885486684999901],[-49.802685529,-24.886494641999899],[-49.803888338,-24.887940494999899],[-49.806951199,-24.888757127999899],[-49.808425860999897,-24.888889965],[-49.810150957999902,-24.888917696],[-49.812877044999901,-24.888083338999898],[-49.815823817,-24.888568833],[-49.818910980999895,-24.888178389],[-49.821013189,-24.887773289999899],[-49.821996364999897,-24.887898305999901],[-49.824104822,-24.887163846],[-49.826585113,-24.88632504],[-49.82978837,-24.886265524999899],[-49.831743000999893,-24.887064676],[-49.832079924999903,-24.888715578],[-49.831286081999899,-24.891447677],[-49.831389745,-24.892436501999899],[-49.832478333,-24.893442655999902],[-49.834429525999902,-24.894460781],[-49.836629974999894,-24.895264249],[-49.838833178999899,-24.895957321],[-49.839462481999895,-24.8953080819999],[-49.838756393,-24.893651114999898],[-49.837303147999897,-24.892420001999898],[-49.8358596409999,-24.890641490999897],[-49.835891808,-24.888995700999899],[-49.83617616,-24.887134411],[-49.8379396549999,-24.885185968],[-49.840283069999899,-24.885004003999899],[-49.841002590999899,-24.886002243999897],[-49.840116857999895,-24.887196342],[-49.840220538,-24.888186059999896],[-49.841077635,-24.888418769999898],[-49.842821425999901,-24.887458292999899],[-49.843939443999901,-24.8869271629999],[-49.8465564649999,-24.885431238],[-49.847678933999894,-24.884681154],[-49.848905121,-24.884919855],[-49.850220856999897,-24.886915503999898],[-49.851327392999899,-24.88704304],[-49.852448113,-24.8864024129999],[-49.8547039259999,-24.884462503999899],[-49.856920493999894,-24.884496753999898],[-49.858041203,-24.8838552],[-49.858784845999899,-24.883647365999899],[-49.86024881,-24.88433005],[-49.861122037999891,-24.883793662999896],[-49.862265023,-24.882056466999899],[-49.8638898,-24.880874338],[-49.864189826,-24.878135471999901],[-49.866198789999899,-24.87619032],[-49.867804914,-24.875996170999898],[-49.867907715999898,-24.87698582],[-49.867268857999896,-24.878183351],[-49.866868556,-24.879713587],[-49.866713223,-24.881357619],[-49.866312912999902,-24.882887873999898],[-49.866788518,-24.883773181],[-49.867661717,-24.883237688999898],[-49.8684345819999,-24.8814944659999],[-49.868710552,-24.879961593999898],[-49.869238653,-24.878214112],[-49.8702448539999,-24.877132041],[-49.871825991,-24.878144763],[-49.872163143,-24.879796472999899],[-49.872623659999896,-24.881449888],[-49.873824121,-24.8830048949999],[-49.8746822089999,-24.883237516999898],[-49.876164027999899,-24.883041609],[-49.87850839,-24.882858449],[-49.880487114999895,-24.882450337],[-49.883839344999892,-24.881076445],[-49.884865012,-24.879006336],[-49.8867558809999,-24.876840424],[-49.887515285999903,-24.875754920999899],[-49.888874670999904,-24.875557279999899],[-49.890472659999894,-24.875691396],[-49.892814227,-24.875618503999899],[-49.894912786,-24.875430948],[-49.895896696,-24.875446224],[-49.899602073,-24.874955751999899],[-49.900799223,-24.876729560999898],[-49.90126336,-24.878163958],[-49.900503026,-24.879249491999897],[-49.898515494,-24.8800965259999],[-49.896910332999902,-24.8802917689999],[-49.894471971999899,-24.879046623],[-49.892855251,-24.879789188999897],[-49.891711706999899,-24.881637800999897],[-49.890959219999893,-24.882284513999899],[-49.889248404999897,-24.882906243],[-49.888019749,-24.883567417999899],[-49.888122503,-24.884813509],[-49.888870567999895,-24.885503587],[-49.88989494,-24.885066824],[-49.890772074,-24.8856455119999],[-49.891010222,-24.886441761],[-49.890844,-24.888475354],[-49.891712059,-24.889506544],[-49.893727234,-24.890329854999898],[-49.894996103,-24.890349946],[-49.896022263999896,-24.889800023],[-49.8965412639999,-24.889242253],[-49.896332913,-24.886863155999897],[-49.896607391,-24.885850348],[-49.898539910999901,-24.883710418999897],[-49.900908832999903,-24.8836460479999],[-49.903325347999896,-24.886099052],[-49.905040619,-24.8865641199999],[-49.907257197,-24.88659891],[-49.9074869559999,-24.887371307999899],[-49.909440114999896,-24.888279438],[-49.9097880939999,-24.889381967],[-49.90939244,-24.890693378],[-49.909618033999898,-24.891794248999897],[-49.910473472,-24.892137159999898],[-49.9114628519999,-24.891932535999899],[-49.911815259,-24.892816124],[-49.911654794999897,-24.894680121],[-49.9110045689999,-24.896425215],[-49.910989565999898,-24.8971943069999],[-49.912213402,-24.897652659999896],[-49.913305785,-24.898437745999896],[-49.914814197999902,-24.896923328],[-49.916034351999897,-24.897492036],[-49.916259000999894,-24.898592918999896],[-49.916733086999898,-24.899587688999901],[-49.917954251,-24.900155496],[-49.919570060999902,-24.899411807],[-49.920591080999891,-24.8975622039999],[-49.921463236999898,-24.897026511],[-49.923185722,-24.897162153999897],[-49.923670351999895,-24.897609508],[-49.924731161999894,-24.9000404129999],[-49.925204290999901,-24.901036076],[-49.926678334999899,-24.901278750999897],[-49.928773393,-24.90120131],[-49.931109073999899,-24.9014565599999],[-49.933499636999898,-24.905225109999897],[-49.934830048,-24.90645324],[-49.935689973999899,-24.906576221],[-49.936555288,-24.906479334],[-49.937558619999898,-24.905507303],[-49.938794763,-24.905306829],[-49.940395641999892,-24.905331218999901],[-49.941631784,-24.905130733999901],[-49.942516133,-24.903936234999897],[-49.942412044,-24.902947402999896],[-49.941081615999899,-24.901719322999899],[-49.938503585,-24.901240938999898],[-49.936691197999899,-24.899456955999899],[-49.936091972,-24.898569119999898],[-49.935996722999896,-24.897140566],[-49.935187679,-24.894384617999897],[-49.935338193999897,-24.892959416999897],[-49.938319454999899,-24.891688429999899],[-49.939174931,-24.892031259],[-49.940754735,-24.893152250999901],[-49.942105381,-24.893393174],[-49.943221517,-24.892971146],[-49.944098976999896,-24.892216457],[-49.944113866999892,-24.891448291],[-49.945642054,-24.888837157999898],[-49.946030428,-24.887855951999899],[-49.947315521999897,-24.885131150999896],[-49.947977688,-24.882726471999899],[-49.94824878,-24.881414285999899],[-49.949245166,-24.880880228],[-49.950474109,-24.881009046],[-49.952094100999894,-24.8800453859999],[-49.952244500999903,-24.8786211719999],[-49.952531425,-24.876539985999898],[-49.954908787999898,-24.8746010529999],[-49.957350074,-24.875736221999901],[-49.95744982,-24.876944792999897],[-49.9572906719999,-24.878808707],[-49.956402832,-24.880111666999898],[-49.956506950999895,-24.881101315],[-49.957216430999893,-24.882648451999898],[-49.957320552999896,-24.883638109999897],[-49.958169940999895,-24.8843102119999],[-49.959028109,-24.884542595],[-49.960654173999899,-24.883249538],[-49.961890910999898,-24.882939495],[-49.962991418999898,-24.883395042],[-49.963494329999897,-24.882854294],[-49.96548604,-24.881787877],[-49.967714731999898,-24.881163550999897],[-49.971828157999894,-24.881829243],[-49.972507138999902,-24.884912621999899],[-49.9736839609999,-24.887783709],[-49.976359079999895,-24.889580770999899],[-49.978818055,-24.889838203999897],[-49.982278462999901,-24.889232069999899],[-49.986226963,-24.888853258],[-49.988906540999899,-24.890430351],[-49.990584743999896,-24.89287102],[-49.993277452,-24.893789409],[-49.9967161269999,-24.8942806119999],[-49.99889561,-24.896289924],[-50.000109938,-24.897185819],[-50.002075540999897,-24.89743558],[-50.003800727999895,-24.897461289],[-50.005302287999903,-24.896167179],[-50.006347069,-24.893109411],[-50.006388533999903,-24.890914372999898],[-50.005716839999899,-24.887392168999899],[-50.008713089999901,-24.885242869],[-50.009723070999904,-24.883941353999901],[-50.0105122679999,-24.8829243509999],[-50.011343058,-24.882964591],[-50.01158844,-24.883823790999898],[-50.012356654999898,-24.884689937999898],[-50.0130559,-24.884623486999899],[-50.013425001999899,-24.883540667],[-50.013865229,-24.883313820999899],[-50.01430307,-24.883242982999899],[-50.014566634999895,-24.883169831],[-50.014573556,-24.882781192],[-50.013894862999898,-24.881760206],[-50.013732047,-24.881136626999897],[-50.01427066,-24.880367236],[-50.015145365,-24.880224634999898],[-50.016198865,-24.879852629],[-50.016727405,-24.879549391],[-50.016995513,-24.879242699],[-50.017445994999896,-24.8784721389999],[-50.019129742999901,-24.877099267999899],[-50.019770463,-24.875477147],[-50.020761877,-24.873782122],[-50.021920840999897,-24.8724004809999],[-50.022283957999896,-24.8717063389999],[-50.022477539,-24.870699712],[-50.022487794,-24.870156017999896],[-50.022324978999897,-24.869531559999899],[-50.0221803089999,-24.8679748109999],[-50.022614088999894,-24.867077227],[-50.024878529,-24.867430229],[-50.026007385,-24.86635023],[-50.0262833909999,-24.864817321],[-50.023662466999895,-24.860168423999898],[-50.021864154999903,-24.857507696],[-50.020174852999894,-24.855726167999897],[-50.0194694079999,-24.853959517],[-50.018267232,-24.852405263],[-50.015204151,-24.851589995],[-50.013999359,-24.850145191999896],[-50.012925902999896,-24.848372765],[-50.011879864,-24.8450651819999],[-50.011052836,-24.843187487],[-50.009349018,-24.842173102999897],[-50.008634995,-24.840846163],[-50.008392651999898,-24.840623062999896],[-50.008304740999897,-24.8387552189999],[-50.008085776,-24.837325397],[-50.007253743,-24.83577795],[-50.003617620999897,-24.832759923],[-50.001654183999896,-24.832400779999901],[-49.999959864999894,-24.8308382079999],[-49.999492597,-24.8295145939999],[-49.99926935,-24.828303715999898],[-49.998919392999902,-24.827311021],[-49.998805849999897,-24.823354686],[-49.999152033999898,-24.82229648],[-49.999622148999897,-24.820371436999899],[-49.999097127999896,-24.819495037],[-49.997591814,-24.818892026999897],[-49.997165121999899,-24.818498620999897],[-49.997090998,-24.816758841999899],[-49.9972197539999,-24.816279794],[-49.997457889,-24.814543281999899],[-49.996163491999894,-24.814233186999896],[-49.995590147,-24.815866699],[-49.99472488,-24.815854245],[-49.993252179,-24.8135138009999],[-49.990311778,-24.814240837999897],[-49.9889121739999,-24.813833519],[-49.988383261,-24.813149558],[-49.987647008999893,-24.813406097],[-49.985040837,-24.812899617],[-49.982441412,-24.812083040999898],[-49.979803014999895,-24.813286562],[-49.978691243999897,-24.816688095],[-49.978826478,-24.818710590999899],[-49.978775954999897,-24.821350971],[-49.9791094999999,-24.822132707],[-49.979428109,-24.823692433],[-49.97869558,-24.825545534999897],[-49.977814279999897,-24.825999004],[-49.976769877,-24.825982272],[-49.975209959,-24.825492439],[-49.973337225,-24.823133668],[-49.972693307,-24.820326129999899],[-49.9731015,-24.817225301999901],[-49.9743577139999,-24.815379299],[-49.974561803999897,-24.813828452999896],[-49.974642241999895,-24.80963409],[-49.9752106769999,-24.807311852999899],[-49.975924888999899,-24.806390037],[-49.9775203129999,-24.805015709],[-49.978607978999896,-24.802857366999898],[-49.979529585999899,-24.800229766],[-49.979562798999893,-24.798520738],[-49.978757175999895,-24.795090127],[-49.978278321999895,-24.7927521669999],[-49.977134448999898,-24.78885007],[-49.977009793,-24.786207691999898],[-49.976925138999896,-24.781544568999902],[-49.978201842,-24.778611833999896],[-49.977688386999901,-24.778137946],[-49.977182126999899,-24.7771980579999],[-49.973862186999895,-24.777614174999901],[-49.970163958999898,-24.779577623999899],[-49.96697334,-24.782325006999901],[-49.965560384999897,-24.783236409],[-49.962210419999899,-24.785205398999899],[-49.959548068999901,-24.787649737],[-49.957931868999893,-24.790111812],[-49.956303082,-24.793194017999898],[-49.956254726999902,-24.795679989999901],[-49.956057339,-24.79691883],[-49.954130815,-24.797356269],[-49.948727278,-24.797273362999899],[-49.945747261999898,-24.798159016999897],[-49.944847582,-24.799544363999896],[-49.944136684999897,-24.800310137999901],[-49.941993238999899,-24.8029192979999],[-49.941776357,-24.805091108999896],[-49.940712629999901,-24.806006289],[-49.939143680999891,-24.805982333],[-49.937759141,-24.805495628],[-49.933227507,-24.805426064999899],[-49.930407941999896,-24.806935914999901],[-49.928793782999897,-24.809242065],[-49.928418612,-24.810634539],[-49.926460816,-24.812624969999899],[-49.924345821,-24.813835113],[-49.920664244999898,-24.814865228],[-49.919236827999896,-24.816553595],[-49.917068661,-24.8204040369999],[-49.917206827,-24.822271547],[-49.917871108,-24.823991135],[-49.917507557999897,-24.8247616469999],[-49.916983886,-24.824753611999899],[-49.91576084,-24.824891156],[-49.914348467999893,-24.825801575],[-49.913939564,-24.8289024319999],[-49.913915180999894,-24.830145591],[-49.913376377,-24.830914644999901],[-49.911972254,-24.831358989],[-49.910760904,-24.830873556],[-49.910622751999895,-24.829007800999896],[-49.909782827999898,-24.827439948999899],[-49.909261584,-24.827276841999897],[-49.905944327,-24.827536333],[-49.905793531999898,-24.826290797999899],[-49.908619324,-24.824469133],[-49.912337170999898,-24.821574886999898],[-49.913068709,-24.819877043999899],[-49.9130955259999,-24.818478882],[-49.914199890999896,-24.815542709999896],[-49.914395076999902,-24.814457945],[-49.914090976999894,-24.812122982999899],[-49.9132476629999,-24.810711195999897],[-49.912583444999896,-24.808991691],[-49.911384878,-24.80788524],[-49.909655846999904,-24.8070817239999],[-49.90564783,-24.807019789],[-49.9026689989999,-24.807750901999899],[-49.9007281579999,-24.808963230999897],[-49.895146751,-24.809032013],[-49.892033311,-24.8077405659999],[-49.889420017999903,-24.807700232999899],[-49.886777825,-24.809057039],[-49.884680326,-24.809334808],[-49.8808690709999,-24.808032764],[-49.8794929909999,-24.807078832999899],[-49.877942694999895,-24.806122507999898],[-49.874609463999903,-24.807158635999897],[-49.870937125999895,-24.807722085999899],[-49.868145195999901,-24.807834192],[-49.865151002999895,-24.809341047],[-49.863759704999893,-24.809164062],[-49.862190757999898,-24.809138791999896],[-49.862203568,-24.808516816999898],[-49.863289741999893,-24.80651391],[-49.866970448999894,-24.805484518999901],[-49.868738192,-24.804269127999898],[-49.874683167999898,-24.803429530999896],[-49.882202905,-24.8023040049999],[-49.884632621,-24.802807116999897],[-49.889143122999897,-24.803965408],[-49.893672263,-24.804191594],[-49.897149268,-24.804711668],[-49.8994150669999,-24.804747184999901],[-49.90029056,-24.804604976999897],[-49.904684089999897,-24.802808565],[-49.908524645999897,-24.802558075],[-49.912181736,-24.802769358],[-49.9151326859999,-24.8034371329999],[-49.917379976999896,-24.804403646],[-49.918252039,-24.804417327999897],[-49.921744174999894,-24.804161016999899],[-49.925220271999898,-24.804679840999899],[-49.927856382999899,-24.803633709999897],[-49.929653970999894,-24.800863963],[-49.930201897999893,-24.799628960999897],[-49.930402826,-24.798234185],[-49.932691898,-24.797025526],[-49.936181505,-24.796924094999902],[-49.937254444999894,-24.795542046],[-49.938318141,-24.794626917],[-49.9396618809999,-24.794147037999899],[-49.937502991,-24.793727416],[-49.936970261999896,-24.793236748],[-49.937096878,-24.792273371],[-49.939394346999897,-24.791148726],[-49.939532925,-24.789605376999898],[-49.939662013,-24.788545359],[-49.93990028,-24.78738922],[-49.939278874999893,-24.785930481],[-49.939293831,-24.785158999],[-49.939734384999895,-24.784779116],[-49.941683382999898,-24.784905806],[-49.943285057999894,-24.786089541],[-49.943880575,-24.788898839999899],[-49.943875083,-24.789188834999898],[-49.9449490229999,-24.789688618],[-49.946375319,-24.788744629999897],[-49.947896278,-24.788574519999901],[-49.9462083969999,-24.787832946],[-49.945870398999901,-24.78728382],[-49.945879589999898,-24.786818742],[-49.945984142,-24.785887015],[-49.948258971,-24.785457086999898],[-49.949302997999894,-24.785550534],[-49.95296569,-24.785450339],[-49.953676056999896,-24.7848405609999],[-49.954478590999898,-24.783842537999899],[-49.959675859999898,-24.781047486],[-49.962566142999897,-24.780314702999899],[-49.966262039,-24.778506370999899],[-49.967335943999899,-24.777046802],[-49.967535455999901,-24.775729643],[-49.967466687999895,-24.774796535999897],[-49.969047013,-24.774199348],[-49.973050934,-24.774493879],[-49.975345161999897,-24.773051585],[-49.976428129999896,-24.771126966999898],[-49.975756852999893,-24.7697178979999],[-49.974123913,-24.7685276129999],[-49.971787226999901,-24.767715519],[-49.969003953999902,-24.767362578],[-49.966850658999903,-24.766086836999897],[-49.964779146999902,-24.76496724],[-49.962967510999896,-24.764007093],[-49.960633301999891,-24.7630399079999],[-49.957095014999894,-24.761198238999899],[-49.953636854,-24.759747072],[-49.950544512,-24.757369600999901],[-49.9501995319999,-24.757208987],[-49.945551219,-24.754185746],[-49.941747279,-24.752572939999897],[-49.940372232,-24.751620428],[-49.937571713999901,-24.752199079],[-49.934221936999904,-24.754167508999899],[-49.929831866,-24.755808072],[-49.927746485999897,-24.755466048],[-49.927776632,-24.7539123359999],[-49.928150283,-24.752675209],[-49.933080347,-24.7501099149999],[-49.935366539999897,-24.749058304999899],[-49.936100155,-24.7472049839999],[-49.935959477,-24.745493055999901],[-49.935120114999897,-24.743771683],[-49.932912622999893,-24.740786003],[-49.931918567999894,-24.738129596999897],[-49.931061788999898,-24.737339155],[-49.930020150999901,-24.737168175],[-49.928962466,-24.737773981],[-49.927573956999893,-24.7374405149999],[-49.926724958999898,-24.736341008],[-49.927799143,-24.734804315],[-49.925904181,-24.73368698],[-49.923819975999898,-24.73334406],[-49.921935733999895,-24.731605806999898],[-49.920602731,-24.728478851],[-49.917536395999896,-24.724858715],[-49.913916472,-24.722783159],[-49.9125885,-24.719344469],[-49.912105515999897,-24.7173171009999],[-49.909905333,-24.714021617999897],[-49.908547202,-24.712136471999898],[-49.905439257999902,-24.710689795999897],[-49.900373137,-24.711232530999897],[-49.896326975,-24.713189788],[-49.89491172,-24.7142546819999],[-49.892134039,-24.713713320999897],[-49.890391489,-24.7136867359999],[-49.886894647999895,-24.714253465999899],[-49.881799975,-24.716348473],[-49.877452414999901,-24.7158146139999],[-49.8739717139999,-24.715605389999901],[-49.870841798,-24.715245927999899],[-49.866495258,-24.714711925999897],[-49.862125109,-24.715419543999896],[-49.8596696769999,-24.716158071999899],[-49.856832890999897,-24.718599329],[-49.854036000999898,-24.719021233],[-49.851429529,-24.718669704],[-49.850749675,-24.7177274219999],[-49.843234212,-24.718850892],[-49.835197687999901,-24.719811923999899],[-49.830961391999892,-24.722541788999898],[-49.826879365999901,-24.726205775],[-49.822785316999898,-24.730490635999899],[-49.821469398,-24.735285688],[-49.822119937999901,-24.737625766999898],[-49.821712545999901,-24.7405712989999],[-49.81854564,-24.742075779999901],[-49.8165007899999,-24.739711665999899],[-49.816170326,-24.738775005],[-49.816223473,-24.7361346379999],[-49.814337424,-24.734551602],[-49.809458735,-24.734473511],[-49.808266913999894,-24.733056996],[-49.8081151109999,-24.731967810999897],[-49.808139989,-24.730725151999899],[-49.810464311,-24.727810158999898],[-49.813961498999902,-24.727244289999899],[-49.816609225,-24.725576772],[-49.818189581999896,-24.724981407],[-49.823487368,-24.721492236],[-49.826654973,-24.719987841],[-49.827911741,-24.718144086999899],[-49.826915383,-24.715642551],[-49.826408284,-24.714857648999899],[-49.822951463,-24.713405248],[-49.819827609,-24.712734382999898],[-49.815472756999903,-24.712665507999898],[-49.8126912769999,-24.712310298],[-49.811318441,-24.7112014369999],[-49.809785367,-24.709468434],[-49.807559722999898,-24.707413903],[-49.803932438999894,-24.705803013],[-49.802172023999901,-24.706706687999901],[-49.801618693,-24.708250961],[-49.799154670999897,-24.709454826999899],[-49.795682625,-24.708777935999898],[-49.79518259,-24.707683061999898],[-49.795910127999896,-24.706140328999897],[-49.796279865,-24.705059472],[-49.796298803999903,-24.7041278099999],[-49.794236455,-24.702697394],[-49.789389334,-24.701065619],[-49.785170862999898,-24.702862963],[-49.783736211999894,-24.704859858],[-49.783018128,-24.705934897],[-49.782821499,-24.707019088],[-49.779485654,-24.708209627],[-49.775837022,-24.707684134],[-49.773563537,-24.708114458999898],[-49.770420841,-24.708374766999899],[-49.769897406,-24.708366479999899],[-49.768535286,-24.706790709],[-49.768575879,-24.704772399],[-49.767208738,-24.703507519],[-49.765157616999893,-24.701456089],[-49.764676791999896,-24.699428643],[-49.764707889,-24.697876209],[-49.765420041,-24.697109366999896],[-49.768546085,-24.697625776999899],[-49.771147190999898,-24.698288863999899],[-49.772528306999902,-24.698932928],[-49.7757914909999,-24.701315021],[-49.779978979999903,-24.701071177],[-49.783294751999897,-24.7008132089999],[-49.784717373,-24.699438057999899],[-49.785615586999903,-24.698054634],[-49.788257196,-24.696698415],[-49.791741056,-24.696753653],[-49.794158589999896,-24.697879913999902],[-49.796743325,-24.699319440999901],[-49.798641952999894,-24.700281572999902],[-49.802467189999902,-24.700653316999897],[-49.805255491,-24.700697761],[-49.807333313999898,-24.701351404],[-49.808879241999897,-24.702463569],[-49.809047418,-24.70277686],[-49.811290942999896,-24.703899667],[-49.813378230999902,-24.704088358],[-49.815293872,-24.704118714999897],[-49.8170467469999,-24.7036808299999],[-49.819316643,-24.703406062999896],[-49.821756682999897,-24.703444592],[-49.823492206,-24.703783331999897],[-49.826077191,-24.705220816999901],[-49.828680999,-24.705728441999902],[-49.831102245999894,-24.7066985649999],[-49.832835324999898,-24.70719224],[-49.835949748,-24.708328792],[-49.838543247999894,-24.709301254],[-49.843904901,-24.711405381],[-49.846527581,-24.7109802629999],[-49.848965737999897,-24.711018543999899],[-49.853893301,-24.70861179],[-49.857377334,-24.708666268999899],[-49.862253106999894,-24.708897647999901],[-49.864719291999904,-24.707538283],[-49.867351227999897,-24.706648064],[-49.869986609,-24.705601031999898],[-49.872098524999899,-24.704546782999902],[-49.875567282,-24.705377749],[-49.877471162999903,-24.706028526999901],[-49.879720886999898,-24.706840881999899],[-49.881634107,-24.707025799999897],[-49.886683035,-24.707260068],[-49.887738247999899,-24.7068094699999],[-49.8879216979999,-24.706346928999899],[-49.888985217,-24.705431392],[-49.8898559679999,-24.705445138],[-49.89362857,-24.708610798999899],[-49.898143352,-24.709457644999901],[-49.900081041999897,-24.708399893],[-49.900642108999897,-24.7063886719999],[-49.899997772999896,-24.703739121],[-49.898994908999896,-24.70154883],[-49.896638503999895,-24.697317601999899],[-49.893372800999899,-24.694967843],[-49.893216265,-24.694033818],[-49.890141415,-24.690879711],[-49.888097295,-24.688516583999899],[-49.887253541999904,-24.687105414],[-49.887280484,-24.685708002999899],[-49.884358843999898,-24.683644705999896],[-49.880340976999896,-24.684202318],[-49.878577529,-24.685262231],[-49.87345878,-24.688600213],[-49.871018869999901,-24.688562106999896],[-49.870086511999901,-24.687622890999897],[-49.865670757,-24.685805994],[-49.8613232209999,-24.685427875999896],[-49.857869073,-24.683820167],[-49.8542536369999,-24.681589279],[-49.849737010999895,-24.680896835999899],[-49.847634575,-24.681485037],[-49.847405147999893,-24.684277391],[-49.845794462999898,-24.686426996999899],[-49.842640242,-24.687308809999898],[-49.841995593,-24.684657499],[-49.841152102999899,-24.683246223],[-49.837716884,-24.680707631],[-49.836684944999895,-24.680069667999899],[-49.832815405999895,-24.681873271],[-49.830718873,-24.682150519999901],[-49.830217778999895,-24.681054896],[-49.829396640999896,-24.678557085],[-49.827162670999904,-24.676968745999897],[-49.826303928999899,-24.676333164],[-49.824922784999899,-24.675690317],[-49.822126303999895,-24.676111852],[-49.8209202849999,-24.675471423],[-49.820611237,-24.673447585999899],[-49.819411197,-24.672496334999899],[-49.818036057,-24.671542643999899],[-49.817179842,-24.670752087],[-49.816490259,-24.670431575999896],[-49.811942137,-24.671290844999898],[-49.808480976999896,-24.670149364999897],[-49.807798927,-24.669361216],[-49.807634244,-24.668893021],[-49.80712133,-24.6684181379999],[-49.804187606999896,-24.6669739989999],[-49.803325452,-24.666495143999896],[-49.802283230999898,-24.6663219329999],[-49.799690293,-24.665349326999898],[-49.797611812999897,-24.664694799],[-49.793932806,-24.665723667999899],[-49.790744225999894,-24.668312961],[-49.788638276,-24.669055666],[-49.788115897999894,-24.669047425],[-49.786741868,-24.668093617999897],[-49.786943461,-24.666699676999897],[-49.79012009,-24.664730241],[-49.792818730999898,-24.660424675999899],[-49.79613146,-24.660322473999898],[-49.799935664,-24.661780657999902],[-49.801674370999898,-24.661963616],[-49.804296608,-24.661539860999898],[-49.808128237999895,-24.661600681],[-49.810028147,-24.662407625999897],[-49.815932344,-24.663432681],[-49.819914281,-24.664739024],[-49.822996431,-24.667426831999897],[-49.824539726999895,-24.668694635999898],[-49.827151617,-24.668735511],[-49.829612632,-24.667687482],[-49.832256195999904,-24.666175171],[-49.835199449999898,-24.667154180999901],[-49.837087598,-24.668582608999898],[-49.837932529999897,-24.669837927999897],[-49.842036914999902,-24.6737861229999],[-49.846519341,-24.67618591],[-49.849273337999897,-24.677938111999897],[-49.852054514999892,-24.678292023],[-49.8536310759999,-24.677850623],[-49.855375833,-24.677723364],[-49.856405359999897,-24.678515310999899],[-49.858975952,-24.680730824],[-49.861221961999902,-24.68169819],[-49.863312561,-24.681730650999899],[-49.866609303999894,-24.682404274999897],[-49.868684664999897,-24.683213328],[-49.871640064999902,-24.683569459999898],[-49.874451774999898,-24.6823708229999],[-49.876617497,-24.680809525],[-49.877464100999894,-24.679808172],[-49.882894592999904,-24.678339981999898],[-49.883793206999897,-24.676955484],[-49.883827016999895,-24.675248226999901],[-49.882979904,-24.673992069999898],[-49.882131329999901,-24.672890895],[-49.877149813999893,-24.6692412159999],[-49.873580104,-24.664680960999899],[-49.869626873999898,-24.66197899],[-49.866872895,-24.660227998],[-49.861186018999895,-24.657032570999899],[-49.856013247999897,-24.65431095],[-49.849496024999894,-24.649083662999896],[-49.84433885,-24.645585414],[-49.841561497,-24.645075635999898],[-49.839293642,-24.6451946339999],[-49.837726647999894,-24.645170178999901],[-49.836531625999903,-24.643909214999898],[-49.836214090999896,-24.642350467],[-49.835358880999898,-24.641560979999898],[-49.830671379999899,-24.640710091],[-49.823861382,-24.641535275],[-49.822116851,-24.6416623339999],[-49.821420413999896,-24.6416517289999],[-49.817103507999896,-24.6397191239999],[-49.817130821,-24.638321983],[-49.819755293999904,-24.637742280999898],[-49.8223678519999,-24.637783206999899],[-49.824629708,-24.637974206],[-49.8263707529999,-24.638002061999899],[-49.830213929,-24.637441945],[-49.833895847999898,-24.636257821],[-49.833918118,-24.635170576999897],[-49.831184465,-24.632487151],[-49.8301824529999,-24.630297255],[-49.828692354999895,-24.626390464999897],[-49.825597772,-24.624322844999899],[-49.8219878909999,-24.621936283],[-49.822058818999899,-24.618365793999896],[-49.821585169999899,-24.615873418],[-49.819871569,-24.614448529999901],[-49.818668326,-24.613653324],[-49.817340642,-24.610371562999898],[-49.816170722,-24.607867734],[-49.815160475,-24.606143662999898],[-49.813797623,-24.604569639],[-49.811039646,-24.603128375],[-49.806048532,-24.600098174],[-49.802774374999899,-24.598338833999897],[-49.798237907,-24.598732027],[-49.795101023,-24.598836678999898],[-49.787755827999895,-24.600273206999898],[-49.785160117,-24.599455632999899],[-49.784835961999903,-24.5982078229999],[-49.786428615,-24.596990573],[-49.792572159,-24.59460483],[-49.796394330999902,-24.595130509999898],[-49.799708725,-24.5948733819999],[-49.800928244,-24.594892263999899],[-49.802152750999902,-24.594601312999899],[-49.804786269,-24.5935562189999],[-49.804981743,-24.592472491999896],[-49.804491357,-24.590911611],[-49.802485624,-24.586687288999897],[-49.800498885,-24.581530909],[-49.800057372999895,-24.577486275999899],[-49.795959579999895,-24.573385060999897],[-49.791137279999901,-24.570668103999896],[-49.784154949,-24.571487895],[-49.778902702,-24.572801221],[-49.774513144999901,-24.574595061],[-49.770642228,-24.576552007],[-49.767131425999899,-24.577893328],[-49.762778855999898,-24.577822816],[-49.758802014999894,-24.576362188999898],[-49.757948262999896,-24.575570879999898],[-49.758672126,-24.574185761],[-49.7634073689999,-24.572553791],[-49.76708616,-24.571525692],[-49.767456817,-24.570444552],[-49.767124242999898,-24.569662456999897],[-49.765062138999902,-24.568232596],[-49.759713033,-24.565817615999901],[-49.753657297,-24.563856447],[-49.753336837999896,-24.562453896999898],[-49.753884120999899,-24.561220383],[-49.755277522,-24.561242820999901],[-49.758053812999897,-24.561753227999901],[-49.761857892,-24.5630573249999],[-49.766343686999896,-24.565147472],[-49.767895633,-24.5659485679999],[-49.772207448,-24.568037107999899],[-49.775341474999898,-24.568086695],[-49.780765750999898,-24.566775875],[-49.78269433,-24.566185979999897],[-49.789657583999897,-24.566296473999898],[-49.792632980999898,-24.565568085999899],[-49.792831976999899,-24.564328695],[-49.792844927,-24.563708242999898],[-49.789747906999899,-24.5617947379999],[-49.7866234359999,-24.5612797379999],[-49.780039437,-24.559621578999899],[-49.777806800999898,-24.558032715],[-49.773996686,-24.557040435],[-49.772989443,-24.555160769999897],[-49.773004965,-24.554384542],[-49.773365075,-24.553769915],[-49.775982782,-24.553501465999897],[-49.777189103999902,-24.554141778],[-49.779610282999897,-24.554956825],[-49.7830587569999,-24.556719486],[-49.784961305999893,-24.557371373999899],[-49.794362018999898,-24.557520526999902],[-49.795593325999896,-24.556918981],[-49.7956147559999,-24.555832979999899],[-49.794952955,-24.554114071999898],[-49.794117096,-24.552393648],[-49.792941665999898,-24.5502009739999],[-49.791953256999896,-24.547390344999901],[-49.788008649999895,-24.544377896999897],[-49.785077419999901,-24.542933385],[-49.780389349999901,-24.542236925999898],[-49.778677435999896,-24.540812232999897],[-49.7785309,-24.539413198],[-49.779062527999898,-24.538955017],[-49.781674073,-24.538997188999897],[-49.784991265999899,-24.538584504],[-49.785012752999897,-24.537497669999897],[-49.7846766709999,-24.536871473999899],[-49.782780261999896,-24.5359098939999],[-49.782106600999896,-24.534811483999899],[-49.78159299,-24.53433862],[-49.781434445999899,-24.533560011],[-49.784231984,-24.532983305999899],[-49.785799274999896,-24.533008043999899],[-49.787210526,-24.532098383999898],[-49.7873965329999,-24.531481353999901],[-49.787430984,-24.529773272999897],[-49.787285385999894,-24.528374316999898],[-49.786094639999895,-24.526957966999898],[-49.781773889,-24.525336373],[-49.780752192999898,-24.524233115999898],[-49.780773696,-24.523146346],[-49.782356406999902,-24.522395881],[-49.787056123999896,-24.522470981],[-49.788799888,-24.522343274],[-49.789866483999894,-24.521273902999898],[-49.790230016999899,-24.520502658999902],[-49.790332288999899,-24.515381391999899],[-49.79070875,-24.513990749999898],[-49.79385661,-24.513264015999898],[-49.794733682,-24.512967414999899],[-49.795284141,-24.511579216],[-49.794970489,-24.509866395],[-49.794487831,-24.507840513999898],[-49.794534182999897,-24.505513181],[-49.79512849,-24.50195167],[-49.796036424,-24.500102952999899],[-49.79847955,-24.4998319279999],[-49.800020786999895,-24.501097178999899],[-49.799992404999898,-24.502494453999898],[-49.80030608,-24.504207220999898],[-49.800557656,-24.504676332],[-49.801821917,-24.506808779],[-49.802325066,-24.507747919999897],[-49.803341803,-24.509160755],[-49.803135942,-24.510710491999898],[-49.801713907,-24.512239588999897],[-49.801660645,-24.514878509],[-49.800578671,-24.516724917],[-49.798962665,-24.519182562],[-49.798253622999894,-24.519792251],[-49.797153658999896,-24.522569680999897],[-49.798859568999902,-24.524304803999897],[-49.800755952999893,-24.525266239999898],[-49.801075642999898,-24.526668517999898],[-49.800360602999895,-24.527588872],[-49.798446261,-24.527558443],[-49.796151994999896,-24.529073587],[-49.793155558,-24.530889615],[-49.791873994999897,-24.534005409],[-49.792523753999895,-24.536344583],[-49.794211767,-24.539010887],[-49.796471766999893,-24.539202009999901],[-49.79821215,-24.539230017],[-49.7987282819999,-24.539548893],[-49.799586521,-24.540183297999899],[-49.799511819,-24.543908454],[-49.8003665849999,-24.544698647],[-49.801379982999897,-24.5462665659999],[-49.8028965929999,-24.5487756049999],[-49.803027818,-24.550951808],[-49.803332119999901,-24.553130446999898],[-49.80435849,-24.554077982],[-49.804330139999898,-24.555474639],[-49.803945203999902,-24.55733201],[-49.805094904,-24.560766497],[-49.807500811999894,-24.562357592999899],[-49.808707252,-24.562997799999899],[-49.8125493759999,-24.562437165999899],[-49.813585234,-24.562920044999899],[-49.813034778,-24.564307647],[-49.81035285,-24.567837299],[-49.810299676999904,-24.570475889999898],[-49.810952196999899,-24.572659549],[-49.81246061,-24.575633496],[-49.815572378999896,-24.5767705599999],[-49.816443674999903,-24.576784526],[-49.820506185999896,-24.573898218],[-49.822767486,-24.574089182999899],[-49.824138655999896,-24.575198283],[-49.82446449,-24.576290108],[-49.821809887999898,-24.578422309999901],[-49.819350663,-24.579469914999901],[-49.817755785,-24.580842161],[-49.815072787,-24.584371159999897],[-49.815053922999901,-24.585302376],[-49.8156911069999,-24.588263398],[-49.8180144459999,-24.594045204999897],[-49.819557298999896,-24.595311751999898],[-49.821397733999895,-24.599068031999899],[-49.822719452999898,-24.602660362999899],[-49.826520455,-24.604274618],[-49.827378010999894,-24.6049081809999],[-49.828059951999897,-24.60569608],[-49.828389296999894,-24.606633126999899],[-49.828706757,-24.608190749999899],[-49.829206727,-24.609286043999898],[-49.830059319,-24.610231282],[-49.832115186999893,-24.6119716709999],[-49.834708677,-24.612944715],[-49.835915418999903,-24.6135849409999],[-49.835884757,-24.615136859],[-49.833945023999902,-24.616348731],[-49.833213527999902,-24.618045901999899],[-49.833542921999893,-24.618982077999899],[-49.834724932999897,-24.620865344],[-49.8369406589999,-24.623384642],[-49.8391599,-24.625625057],[-49.840009130999896,-24.6267252489999],[-49.841181852,-24.629073326],[-49.843206328999898,-24.632366692999899],[-49.844217839999899,-24.634090861999901],[-49.846425881999899,-24.636920975999899],[-49.849045326999899,-24.636651813999901],[-49.850481569999893,-24.634500212],[-49.849314668,-24.631841345999899],[-49.849348698,-24.630134401],[-49.852550553999897,-24.626767501],[-49.852898745999894,-24.626773221999901],[-49.8542737779999,-24.627726583],[-49.854212654,-24.630831518],[-49.854537196,-24.632078505],[-49.85522079,-24.632710565],[-49.856953422999901,-24.6332039549999],[-49.857447641,-24.634610087999899],[-49.855330313,-24.635974716],[-49.852863779,-24.6373336],[-49.852482526,-24.639035797999899],[-49.85275926,-24.642611386999899],[-49.855868055999899,-24.644058239999897],[-49.857062178,-24.645320026],[-49.859286703999899,-24.647373667],[-49.862030154,-24.649591265],[-49.865128775999899,-24.651502870999899],[-49.867905266,-24.6520124319999],[-49.870665051999893,-24.653453467999899],[-49.871533175,-24.653622214999899],[-49.872379188,-24.654878288],[-49.873412092999892,-24.655516077],[-49.877067092999894,-24.655727662999897],[-49.877916567999897,-24.656828790999896],[-49.878774393,-24.657464161999897],[-49.878939209999892,-24.657931387],[-49.879267318999901,-24.659024450999897],[-49.879945166,-24.659966419999897],[-49.880433684,-24.6616825639999],[-49.881274854,-24.663249477999901],[-49.881769275999901,-24.664654828],[-49.883823471999897,-24.666550199],[-49.884868222,-24.666566345],[-49.885452324,-24.663469957],[-49.886185074,-24.6616173799999],[-49.887600092999897,-24.660551841],[-49.890053929,-24.659814147],[-49.890747974,-24.659979548],[-49.892140936,-24.660001345999898],[-49.894616772999896,-24.658176266999899],[-49.896048361999902,-24.656179188999896],[-49.897328777,-24.653093338],[-49.897368379999904,-24.651074532999896],[-49.900503429,-24.651122829],[-49.900999887999902,-24.652528104999899],[-49.901316844999897,-24.654086834999898],[-49.902352268999898,-24.654568659999896],[-49.906173092,-24.6552489319999],[-49.910344613999897,-24.655778949],[-49.912941261999897,-24.656596534999899],[-49.913968438,-24.657544082999898],[-49.914118182,-24.658789665],[-49.912199455999904,-24.658914887],[-49.909247702999899,-24.6584033359999],[-49.904355273999897,-24.659103365999897],[-49.899826193,-24.659033339],[-49.897003109999901,-24.660853721],[-49.895731929,-24.66347482],[-49.895521629,-24.665334576999896],[-49.895323042999898,-24.666574534999896],[-49.896170190999896,-24.667830619],[-49.896835417,-24.6693932979999],[-49.896823674,-24.670014938999898],[-49.893440899,-24.673689501],[-49.895103934999902,-24.677754053999902],[-49.896131129,-24.678701744],[-49.898004551,-24.680905566],[-49.898481502,-24.683242585999899],[-49.900012558999897,-24.685130837],[-49.900511517,-24.686381334],[-49.900444083,-24.689797838999898],[-49.902999053,-24.69278881],[-49.906231627999901,-24.6968777609999],[-49.910704812999896,-24.699741710999898],[-49.913471179999902,-24.700872681],[-49.914505346999896,-24.701510459],[-49.915018534999895,-24.701984308999901],[-49.915345886999894,-24.7030766029999],[-49.911804881999899,-24.705972797999898],[-49.911768805999898,-24.7078361649999],[-49.912428358999897,-24.709710843],[-49.914296304999901,-24.712224798],[-49.915641799999904,-24.714731659999899],[-49.918014762,-24.718185393999899],[-49.918867055,-24.719130778999901],[-49.921781069,-24.721661735999898],[-49.922817778,-24.722143634],[-49.92400093,-24.724025502],[-49.924670831999897,-24.725434413999899],[-49.926550668999901,-24.727327577],[-49.928609083,-24.729068133999899],[-49.930339096999894,-24.729716276],[-49.93366431,-24.728990736],[-49.93453612,-24.729004367],[-49.935749469999898,-24.729333595],[-49.936605259,-24.730123983999899],[-49.936580993999897,-24.731366651],[-49.936701818,-24.734163448999897],[-49.938926752,-24.736217216999901],[-49.942913823,-24.737366408],[-49.944113177999895,-24.738472430999899],[-49.944776444999896,-24.740191362999898],[-49.944752217,-24.741434081],[-49.945936595,-24.743316021999899],[-49.946960829,-24.744419695],[-49.949721052999898,-24.745860524999902],[-49.9518005629999,-24.746514211],[-49.954411825999898,-24.746709014],[-49.955636888999898,-24.746416348],[-49.956358733999892,-24.745185739999901],[-49.956739478,-24.7434817729999],[-49.957806288999898,-24.7424108609999],[-49.958508784999893,-24.742111152999897],[-49.959179912,-24.743519191],[-49.959275820999899,-24.747560676],[-49.95854237,-24.749414057],[-49.956738452999893,-24.752570921],[-49.955245325,-24.7531691679999],[-49.955225747,-24.754178529999901],[-49.957190705999899,-24.756227909],[-49.961002769999901,-24.757452115],[-49.964456364999897,-24.759135697],[-49.968239813,-24.761835161],[-49.969964370999897,-24.762793186999897],[-49.971616771999898,-24.762974065],[-49.97284166,-24.762759745],[-49.974757748999899,-24.762789089999899],[-49.977789742,-24.763767336999898],[-49.97934473,-24.764489553],[-49.980556114,-24.764897055999899],[-49.981586136,-24.765767287],[-49.982193422,-24.765931381],[-49.983829751,-24.766966601],[-49.985304622999898,-24.767300084999899],[-49.986609889,-24.767396888999897],[-49.987476064999903,-24.767721313],[-49.988945182999899,-24.768365725999899],[-49.990155209,-24.768927321],[-49.9911878899999,-24.769564073],[-49.992055271,-24.769810974999899],[-49.993188521,-24.769827925999898],[-49.994571769999901,-24.770392729],[-49.997757521,-24.772460081999899],[-49.998975703,-24.772556585],[-50.000777155,-24.772470224],[-49.998860022,-24.769698345999899],[-49.997408392999901,-24.768359199],[-49.996089484,-24.766473657999899],[-49.996104214999896,-24.765705882],[-49.995775135,-24.763615574],[-49.994940776999897,-24.762176141999902],[-49.994714934999898,-24.7610759149999],[-49.995230608,-24.759876138],[-49.994516178999895,-24.758659043999899],[-49.993542106999897,-24.758096077999898],[-49.991323934,-24.758172264999899],[-49.989221336999904,-24.758688677999899],[-49.988248973999902,-24.758015359999899],[-49.986409411999894,-24.757658784999901],[-49.983930859999901,-24.758498473],[-49.98209833,-24.757812714],[-49.980299473999892,-24.755261350999898],[-49.979327161999898,-24.7545871],[-49.977499027999897,-24.753682494],[-49.974922407999898,-24.753203798999898],[-49.974318303999894,-24.752645742],[-49.973477042999896,-24.751536373999897],[-49.973246227999894,-24.750764439],[-49.971908423999899,-24.749865477],[-49.970203649,-24.748962497],[-49.968492565999895,-24.748278311],[-49.966774718999901,-24.748031792999896],[-49.963684077,-24.748643259999898],[-49.961728384999901,-24.747954835],[-49.960429055,-24.745081846999899],[-49.960778504,-24.739711245],[-49.961816138,-24.736983788],[-49.962233894999898,-24.734466892999897],[-49.959909180999894,-24.733662271],[-49.956886121999901,-24.730872928999897],[-49.955922723,-24.7297601389999],[-49.955433227999897,-24.729643198999899],[-49.954316831,-24.730064980999899],[-49.953567601,-24.730602964999896],[-49.951420572999901,-24.733422065],[-49.951396943999896,-24.734628277999896],[-49.951000996999902,-24.736049259],[-49.949610940999897,-24.737892766],[-49.94812731,-24.738199234],[-49.946791597999898,-24.737301143],[-49.947200724999895,-24.735222806],[-49.948708719,-24.733599793999897],[-49.947987504999901,-24.732711841],[-49.947258527,-24.732260611999902],[-49.945779321,-24.732347338999897],[-49.943295486999901,-24.733407228],[-49.941317266999896,-24.733924933],[-49.939844139999899,-24.733683405999898],[-49.938052225,-24.7309123429999],[-49.937468281999898,-24.729257455],[-49.936997108999897,-24.728154007999901],[-49.935295058999898,-24.727030252999899],[-49.932272342,-24.724240736999899],[-49.932053904,-24.722810609],[-49.93051653,-24.719605350999899],[-49.930418705,-24.718286313],[-49.930934560999901,-24.7170886759999],[-49.933530804,-24.716470018999896],[-49.93538491,-24.716059238999897],[-49.936275721999898,-24.714537486],[-49.934963889999899,-24.712432406999898],[-49.933266342999893,-24.711089919999896],[-49.933792706,-24.709342594],[-49.934946692,-24.706946319999897],[-49.9337694479999,-24.7041838489999],[-49.931400077,-24.699429284],[-49.930567987999893,-24.697880649],[-49.929724651,-24.696990209],[-49.9291479339999,-24.695006459],[-49.930059760999903,-24.692387313],[-49.932815934999901,-24.689907159],[-49.935189073999901,-24.688078312999899],[-49.935349984,-24.686105543999897],[-49.934643139999899,-24.684558697999901],[-49.933791764,-24.683997361999896],[-49.93201342,-24.678126071999898],[-49.932608184999893,-24.672869671999898],[-49.933646575999894,-24.670033647],[-49.936352411,-24.670074843999899],[-49.9407521199999,-24.671678842999899],[-49.942995674,-24.670177456],[-49.943331493999899,-24.665575051999902],[-49.943590199,-24.664921202],[-49.946351084999897,-24.662111228999901],[-49.947127178999892,-24.660148788999898],[-49.945948272999892,-24.657498996999902],[-49.941800644999901,-24.655679765999899],[-49.938606351,-24.655411385],[-49.936408339,-24.654500049],[-49.935103307999896,-24.645704924],[-49.934997071999895,-24.638464228],[-49.934802388,-24.6358288559999],[-49.932126744999898,-24.634252000999901],[-49.92471534,-24.638910095],[-49.924411796999898,-24.641866932],[-49.924255257999896,-24.643618789],[-49.923600569,-24.645692998],[-49.921114046999897,-24.646971085],[-49.919290323,-24.645845943],[-49.91745166,-24.645488196],[-49.915935155999897,-24.647548861],[-49.914940570999896,-24.648082320999897],[-49.913730401999899,-24.64707671],[-49.914130821999898,-24.645437548999897],[-49.913682008999892,-24.643236212],[-49.9123503329999,-24.642119565],[-49.910267915999896,-24.641648152],[-49.907220915,-24.640174461999898],[-49.906363596999896,-24.63994216],[-49.9039035979999,-24.639904047999899],[-49.903429290999895,-24.639019683999898],[-49.902239395,-24.636916754],[-49.901033744,-24.635692409999898],[-49.899188044999896,-24.635663558],[-49.896961286,-24.636286758],[-49.893342853,-24.638862736999901],[-49.891714516,-24.64037381],[-49.891565648,-24.641687252999898],[-49.891281197999902,-24.643657048999899],[-49.886898447999897,-24.6475371669999],[-49.884280577,-24.649251669],[-49.882434034,-24.649332101],[-49.881216842999898,-24.648654452],[-49.878111341,-24.650142507999899],[-49.876860534999899,-24.651219328],[-49.875260242,-24.651194612],[-49.874408349999896,-24.650742571],[-49.874675130999897,-24.649650418999897],[-49.873825968999896,-24.649088106],[-49.873094614999893,-24.648748033999897],[-49.871242636,-24.6490480319999],[-49.869635409999894,-24.6494616969999],[-49.86792351,-24.648886585999897],[-49.867318141999895,-24.648437922],[-49.865003384,-24.647195372999899],[-49.863418451999898,-24.646512592],[-49.862445095999902,-24.645948543],[-49.861731612999897,-24.6447307779999],[-49.86063947,-24.643946296],[-49.858685594999898,-24.643148101999898],[-49.856491675,-24.642125970999899],[-49.8556557429999,-24.640797124],[-49.855688746999903,-24.6391520929999],[-49.857331641,-24.636984146],[-49.859570908999899,-24.635703226],[-49.864167420999898,-24.633471158],[-49.866407588999898,-24.632191129],[-49.868642327,-24.6311288869999],[-49.872908996,-24.626918614],[-49.874417803,-24.6252966929999],[-49.876179994,-24.623240703999898],[-49.877308436999897,-24.622160504],[-49.884318106999899,-24.616018948],[-49.884874716999896,-24.612736858999899],[-49.885655555999897,-24.6105562619999],[-49.885569578999899,-24.608690124],[-49.884985436,-24.60714896],[-49.882200485999896,-24.604912232999897],[-49.880998564,-24.603467431999899],[-49.880414501999894,-24.601923557],[-49.8817971839999,-24.600409409999898],[-49.883822382999895,-24.597480355],[-49.883727529999902,-24.596053518],[-49.883265718999894,-24.594511370999896],[-49.880312509999897,-24.594574767],[-49.877699592999903,-24.596068336],[-49.875693849999898,-24.5980113859999],[-49.875048547999903,-24.599536535],[-49.874989970999899,-24.602496229999897],[-49.872373464999896,-24.604209420999897],[-49.870540580999901,-24.603632762],[-49.869087809999897,-24.602404137999901],[-49.866906581,-24.600724327],[-49.864091621999897,-24.600022913],[-49.861643649,-24.599435909999901],[-49.86080434,-24.598326921],[-49.860109603999895,-24.596122519999899],[-49.860187935999896,-24.592176067],[-49.858572900999896,-24.589900691],[-49.85761761,-24.588460193999897],[-49.856153546,-24.587889479999902],[-49.853793964,-24.588948806999898],[-49.851695176999897,-24.589354571999902],[-49.849214295,-24.590412193],[-49.848110958999897,-24.590285739999899],[-49.846886948999895,-24.589936133],[-49.8465396349999,-24.588834860999899],[-49.846095953,-24.586415237],[-49.844648849999899,-24.584966999999899],[-49.842327773,-24.584162888],[-49.840871754,-24.583152915],[-49.839912117,-24.581931077],[-49.838780217,-24.576979207],[-49.841319985,-24.57296144],[-49.845168292,-24.5711582399999],[-49.8473794599999,-24.571302755],[-49.847608,-24.572183574999897],[-49.846962584,-24.573709417],[-49.845090715,-24.575104372999899],[-49.845435269999896,-24.576315827],[-49.846273434999894,-24.577426570999901],[-49.846751133999895,-24.578201491999899],[-49.847460881999901,-24.579637658],[-49.849893486,-24.580991928999897],[-49.851491375999899,-24.581017658999901],[-49.854251603999899,-24.578318829999901],[-49.854900466999901,-24.576574256],[-49.855688635,-24.574065139],[-49.855511672,-24.570553878999899],[-49.85515817,-24.5697797989999],[-49.852254139,-24.567322744999899],[-49.846892867999898,-24.564825324],[-49.843079470999896,-24.564875530999895],[-49.839472193999903,-24.566902548],[-49.835479285999902,-24.569799106999898],[-49.833496613,-24.57053624],[-49.829729762999904,-24.568282976],[-49.830261791999902,-24.566207899999899],[-49.831293847,-24.563812608],[-49.833658567,-24.562423728999899],[-49.836314256,-24.558737748999896],[-49.836827518999897,-24.557649447],[-49.839209077999897,-24.555384101999898],[-49.840478472,-24.553430512],[-49.840642738,-24.551349533999897],[-49.837992668,-24.548567057],[-49.833368176,-24.546081607999898],[-49.831026037,-24.546373511999899],[-49.829043543999902,-24.547109637999899],[-49.826669193,-24.5490459489999],[-49.824098006,-24.5500190059999],[-49.822495798,-24.5502136049999],[-49.821018459999898,-24.5502449899999],[-49.818388975999902,-24.54954586],[-49.816252224,-24.548798898],[-49.812824705,-24.547977423],[-49.811325411,-24.546089271],[-49.810333204,-24.543442727999899],[-49.8104379749999,-24.541305426999898],[-49.810768283999899,-24.540104427],[-49.810673852,-24.5386778919999],[-49.810220694999899,-24.536752458],[-49.811783729999895,-24.535461152],[-49.814233736999896,-24.535938187999896],[-49.816063373999903,-24.536679937],[-49.818254494,-24.537811263],[-49.821223183999898,-24.536926761999897],[-49.82311651,-24.534489086999901],[-49.823204954999895,-24.533119806999899],[-49.8223097979999,-24.531735937999898],[-49.82111402,-24.530071785999901],[-49.821859037999893,-24.528192271],[-49.825813801,-24.527159282999897],[-49.828297676,-24.525883478],[-49.829848309999896,-24.522179090999899],[-49.829145056999899,-24.520414353],[-49.828415885999902,-24.519964116],[-49.82620789,-24.519710184],[-49.821967408,-24.5227128279999],[-49.8155142909999,-24.525680972],[-49.811856958,-24.524087293],[-49.811142273,-24.522980227999902],[-49.811181819999895,-24.521006206],[-49.813437328999903,-24.518849889],[-49.816651320999902,-24.518023593999899],[-49.818380033,-24.517612131],[-49.821137188,-24.515024497],[-49.822173622,-24.512410191999898],[-49.822453967999898,-24.510660103],[-49.823247533,-24.507821962],[-49.821592322999898,-24.504506965],[-49.822619731999893,-24.502330895999901],[-49.825113352,-24.500616217999898],[-49.827562078999904,-24.501093065999896],[-49.830266128999895,-24.501136100999901],[-49.833734193999902,-24.499874964],[-49.835967915999895,-24.4988144329999],[-49.836516893999899,-24.4959729989999],[-49.836573174999891,-24.493122941],[-49.834417217999892,-24.490238584999897],[-49.833451705,-24.489346901],[-49.830528343999902,-24.487984337999897],[-49.828600881999897,-24.485981441],[-49.828124397999893,-24.485205876999899],[-49.828558174,-24.481868303999899],[-49.828838445,-24.480118419999897],[-49.830146934,-24.476192689],[-49.832907043,-24.473385860999901],[-49.835399341,-24.471671279999899],[-49.8381424089999,-24.4697415219999],[-49.838690324,-24.466900397],[-49.835051598999897,-24.464430325999899],[-49.830834516,-24.4663377279999],[-49.829298675999894,-24.469382843999899],[-49.82710695,-24.470521219],[-49.826122805999901,-24.470615949],[-49.821886640999899,-24.473398502999899],[-49.820898777,-24.473602489],[-49.820134777,-24.474906469],[-49.817646846999899,-24.476401447999898],[-49.815166886,-24.477459226999901],[-49.8124711,-24.476977962],[-49.811717049,-24.477842042],[-49.809003252,-24.478237828],[-49.805084210999901,-24.477518033],[-49.802366885999902,-24.478132358],[-49.800629397999899,-24.478981754],[-49.798131306999899,-24.480915583],[-49.793394909999897,-24.484129074999899],[-49.791629272,-24.4862936339999],[-49.788806109999904,-24.489154013],[-49.786543369,-24.4916396039999],[-49.787126611999902,-24.493183899],[-49.788213378,-24.494187692],[-49.789691285999901,-24.494101822999902],[-49.792021213999895,-24.49435862],[-49.792360107,-24.495898584],[-49.791940101,-24.498413747],[-49.791656804999896,-24.500273931],[-49.792462105,-24.503027718999899],[-49.791443485999899,-24.504764646999899],[-49.789214026,-24.505607171999898],[-49.787270458,-24.50436991],[-49.785082498999898,-24.503129208999898],[-49.784239326,-24.502238126999899],[-49.782921723,-24.500572299999899],[-49.782078565999896,-24.4996812199999],[-49.780998101,-24.498348558],[-49.779741957999896,-24.493614088],[-49.776364934999904,-24.490271165],[-49.774204336,-24.487715233999896],[-49.773031633,-24.487915562999898]]]]}},
{"type":"Feature","properties":{"fid":37,"id1":982652,"cd_fcim":"SG22","leg_carga":"Acc+Egf","cd_fito":"E","cd_leg_2":"Ac","clas_domi":"Acc","leg_uveg":null,"nm_uveg":null,"leg_uantr":"Acc","nm_uantr":"Agricultura com Culturas Cíclicas","leg_contat":null,"nm_contat":null,"veg_pretet":"E","nm_pretet":"Estepe","leg_sec1":"Egf","nm_sec1":"Estepe Gramíneo-Lenhosa com floresta-de-galeria","leg_sec2":null,"nm_sec2":null,"leg_sup":"Área Antrópica Dominante","legenda_1":"Estepe","legenda_2":"Agricultura","legenda":"3Acc - Agricultura com Culturas Cíclicas","ar_poli_km":73.8528,"leg1_id":10.0,"leg2_id":44.0},"geometry":{"type":"MultiPolygon","coordinates":[[[[-50.198641739,-25.187734564],[-50.198672062999897,-25.190159803],[-50.199918781999898,-25.192472554999899],[-50.198846283999899,-25.194752309],[-50.199336914999897,-25.19613636],[-50.199282647,-25.199118885],[-50.200033463999901,-25.200276914],[-50.201048370999899,-25.201209860999899],[-50.201787219,-25.203055769999899],[-50.200711352,-25.205564936],[-50.200927872,-25.207863877],[-50.203170406999902,-25.212026928999897],[-50.203656774,-25.213640371999897],[-50.203628482999896,-25.215246401999899],[-50.203861348,-25.2166273029999],[-50.205115894999899,-25.2184816719999],[-50.204840788999896,-25.219395624999898],[-50.204309808999895,-25.220306345],[-50.201483333999896,-25.219807304],[-50.200753112,-25.217500834],[-50.195421074999899,-25.213062776999898],[-50.191117113999901,-25.208869841],[-50.186787271999897,-25.206053569999899],[-50.1797192289999,-25.203226189999896],[-50.18411746,-25.195199534],[-50.1836453599999,-25.187532401999896],[-50.183450380999901,-25.180626436999901],[-50.181224979,-25.179483509],[-50.1782272949999,-25.179661887999899],[-50.175974218,-25.180073562],[-50.173746576,-25.179152562999899],[-50.171774451,-25.177789876],[-50.170277723,-25.177768957],[-50.168728759,-25.180635332999898],[-50.165910723,-25.184595604],[-50.1668233,-25.189275119999898],[-50.166509308999899,-25.1928262019999],[-50.168185835,-25.196629347999899],[-50.166857960999899,-25.201053891999898],[-50.164866410999899,-25.200802768],[-50.161913257,-25.198538326999898],[-50.159970813,-25.195620731],[-50.159005008999898,-25.1938285159999],[-50.157230419999898,-25.195358152],[-50.156948379,-25.197131671],[-50.155648116999899,-25.200003226],[-50.155358518999897,-25.2022216579999],[-50.153059346999896,-25.205076813999899],[-50.15002494,-25.207255530999898],[-50.148970285,-25.210351456999899],[-50.148426377,-25.21278876],[-50.146892076,-25.214765631],[-50.144925051999898,-25.213181502999898],[-50.145227539999901,-25.210297021],[-50.145547097999902,-25.2065228179999],[-50.144344182999895,-25.204060410999897],[-50.140410366,-25.200891347],[-50.1362276569999,-25.197719068],[-50.134742679999896,-25.19703021],[-50.131732892999899,-25.1978758979999],[-50.130710324999903,-25.199193980999897],[-50.130673767999895,-25.201194528],[-50.130394835999894,-25.202746073],[-50.125627273999896,-25.2042315039999],[-50.123598160999904,-25.205979763999899],[-50.12280406,-25.208412833999898],[-50.122034673,-25.209513091],[-50.120537780999896,-25.209491006999901],[-50.119589335999898,-25.206810631999897],[-50.119132287999903,-25.204580708],[-50.117652582999902,-25.203669781],[-50.115648182999898,-25.204085177],[-50.113598509,-25.206945114999897],[-50.113803232999899,-25.209392016],[-50.114497343,-25.212292101999896],[-50.110849317,-25.2139051559999],[-50.105941657999892,-25.209387904],[-50.100012412999902,-25.2061877729999],[-50.093027982,-25.206085069],[-50.088445384999901,-25.210907505999899],[-50.086866101999902,-25.215328702],[-50.086791358,-25.219328233999896],[-50.088229861999899,-25.222461175],[-50.085677429,-25.225534823],[-50.080636599999899,-25.228128238999897],[-50.079237006999897,-25.231670218],[-50.078924007999902,-25.239767372],[-50.079963055999897,-25.244228748999898],[-50.081243506,-25.249138424],[-50.081401657,-25.250751695],[-50.084651631,-25.2521174409999],[-50.088574216,-25.253493752999898],[-50.092012224999898,-25.254423202999899],[-50.093973045,-25.255112229],[-50.098126709,-25.257370636999898],[-50.099565502,-25.2595900849999],[-50.098288048,-25.261989029999899],[-50.094323549999899,-25.262809377999897],[-50.090893974,-25.261440426],[-50.088208981,-25.259861799999896],[-50.082279343,-25.260214018999896],[-50.079289295,-25.261708574999897],[-50.0797501549999,-25.263473947],[-50.081427362999897,-25.2661353559999],[-50.083604033999904,-25.268584863999902],[-50.086732893,-25.272808045],[-50.091807725,-25.278597627999897],[-50.097425277999903,-25.281758264999901],[-50.101537187999902,-25.279756069],[-50.106738457999903,-25.277307306999901],[-50.109577590999898,-25.277120187],[-50.1152812939999,-25.275366969999897],[-50.119181728999898,-25.2735876079999],[-50.1197263,-25.271988774],[-50.119253528999899,-25.269686745999898],[-50.118827178999894,-25.264860064999898],[-50.118938562,-25.258893445],[-50.120019828999901,-25.256154672],[-50.123704065,-25.252075945999898],[-50.129128302,-25.251466911999902],[-50.134784077999896,-25.252238017],[-50.140417283,-25.254270839999897],[-50.143779637999891,-25.253631361],[-50.147171598999897,-25.251385578999898],[-50.152624375999899,-25.249169858],[-50.159590269,-25.248812165999897],[-50.162740643999896,-25.245643801],[-50.16459058,-25.243146060999898],[-50.169299969999898,-25.239312227],[-50.175593434999897,-25.233435126],[-50.175382429,-25.230907530999897],[-50.179304908999896,-25.227750898999901],[-50.1826798539999,-25.2264222119999],[-50.187873970999895,-25.224202804999898],[-50.193857847999901,-25.221074988999899],[-50.197418932999902,-25.220149684],[-50.199858162999902,-25.2206438609999],[-50.202639733999895,-25.223552926],[-50.204508447999899,-25.227136726],[-50.206156966,-25.228538333],[-50.208345418,-25.228684778999899],[-50.210167252999895,-25.227677007999901],[-50.210971635,-25.225968295],[-50.213267330999898,-25.220148085999899],[-50.214087956999897,-25.217520368999899],[-50.214258519999902,-25.215228055],[-50.2136463269999,-25.2134969859999],[-50.212249390999901,-25.212329863],[-50.211076632,-25.209501641],[-50.211642079999898,-25.206755698999899],[-50.214287644999899,-25.202892054],[-50.216694536,-25.1981062629999],[-50.220350584999899,-25.1954048549999],[-50.223234147,-25.192691887],[-50.226702431,-25.186086789999898],[-50.228600977,-25.180835300999899],[-50.228675424,-25.176705755999897],[-50.228462996,-25.174176960999898],[-50.226643278,-25.170802105999897],[-50.225150793999902,-25.1705585989999],[-50.222144836,-25.171182222],[-50.220632329999894,-25.172049367999897],[-50.219103983999894,-25.173805243999897],[-50.2160863349999,-25.175095600999899],[-50.214831159999896,-25.175521964],[-50.2122806799999,-25.178596082],[-50.210502285999901,-25.180348808999899],[-50.207996072,-25.180979539999896],[-50.205485634999896,-25.181832212],[-50.202939182999899,-25.184685284],[-50.20268178,-25.185126059],[-50.202391631999902,-25.187343471999899],[-50.201376898,-25.188218707],[-50.198641739,-25.187734564]]]]}},
{"type":"Feature","properties":{"fid":39,"id1":976671,"cd_fcim":"SG22","leg_carga":"Acc+Egf","cd_fito":"E","cd_leg_2":"Ac","clas_domi":"Acc","leg_uveg":null,"nm_uveg":null,"leg_uantr":"Acc","nm_uantr":"Agricultura com Culturas Cíclicas","leg_contat":null,"nm_contat":null,"veg_pretet":"E","nm_pretet":"Estepe","leg_sec1":"Egf","nm_sec1":"Estepe Gramíneo-Lenhosa com floresta-de-galeria","leg_sec2":null,"nm_sec2":null,"leg_sup":"Área Antrópica Dominante","legenda_1":"Estepe","legenda_2":"Agricultura","legenda":"3Acc - Agricultura com Culturas Cíclicas","ar_poli_km":757.54,"leg1_id":10.0,"leg2_id":44.0},"geometry":{"type":"MultiPolygon","coordinates":[[[[-50.109102261,-24.941146674],[-50.110478638999901,-24.942905998],[-50.110315452999899,-24.945899492],[-50.110072965,-24.94724904],[-50.110926162999903,-24.948034107999899],[-50.113426194999896,-24.9476849549999],[-50.115507829999899,-24.946556357999899],[-50.117615953,-24.943976839],[-50.119577272999898,-24.9434262609999],[-50.121627551999893,-24.943940155999897],[-50.123686989999896,-24.943970407999899],[-50.124655639999894,-24.944370826999901],[-50.125960975999902,-24.944196],[-50.126077818999896,-24.943715583],[-50.1261999809999,-24.942943161],[-50.127078189,-24.9423767329999],[-50.12861049,-24.941626154999899],[-50.128727340999895,-24.941144828999899],[-50.128647473999898,-24.939597647],[-50.128545511,-24.939208425999897],[-50.131409466,-24.9368357829999],[-50.131859131999896,-24.935971766],[-50.134279135,-24.9340743979999],[-50.136362004,-24.932848991999901],[-50.137230781,-24.932716881],[-50.137732775,-24.933277344],[-50.137974597,-24.933548788999897],[-50.137092127999892,-24.934406323999898],[-50.134245052,-24.935910317],[-50.133895955999897,-24.937258454999899],[-50.134428356999898,-24.937749960999898],[-50.136355539,-24.939034316999898],[-50.136217608,-24.940674525],[-50.13510332,-24.942301264],[-50.133248772999892,-24.942854227999902],[-50.132033452,-24.944092666999897],[-50.132556301999898,-24.945162744999902],[-50.133521119999898,-24.945756588999899],[-50.133177746999898,-24.94671785],[-50.133595735999897,-24.947593995],[-50.135008792999898,-24.947421425999899],[-50.138400407999896,-24.945731769],[-50.140242014,-24.945854942],[-50.140658592999898,-24.946827805999899],[-50.139556292999899,-24.947777496],[-50.138777663,-24.948829926],[-50.138420895,-24.950564138999901],[-50.137534992,-24.951517532],[-50.135239377999902,-24.952547707999898],[-50.133828721,-24.952622646999899],[-50.132623914999897,-24.953281664],[-50.131189704999898,-24.954613176999899],[-50.128985901,-24.956515295],[-50.126044264999898,-24.9572440869999],[-50.123058349999901,-24.954494581999899],[-50.121974235,-24.954478754],[-50.1168624519999,-24.9553701789999],[-50.115441628,-24.9559286739999],[-50.114441145999898,-24.957267558999899],[-50.114417516999893,-24.958524164],[-50.114284743,-24.959874292999899],[-50.113724837999897,-24.960832786],[-50.113800759999897,-24.962573571999901],[-50.113863663999894,-24.9649905969999],[-50.113941997,-24.966635598],[-50.113167098999895,-24.967492747999898],[-50.111976639,-24.967378746999898],[-50.111891553,-24.966121601999898],[-50.110488985999893,-24.965714571],[-50.108321642999897,-24.965682832],[-50.106783842,-24.966722676],[-50.104929060999901,-24.967275521],[-50.102554450999897,-24.966757252],[-50.101475606999898,-24.966451140999901],[-50.099449331999899,-24.964585491],[-50.100659595,-24.963636371999897],[-50.102485835,-24.964532736],[-50.103024063999896,-24.964830911],[-50.105743136999898,-24.964387880999897],[-50.106080340999895,-24.963716774],[-50.106857689,-24.962762016999896],[-50.110049187999898,-24.960198249],[-50.111158385999893,-24.9588625969999],[-50.1103182089999,-24.957399462999899],[-50.109062502,-24.9549661409999],[-50.107885616,-24.954078271],[-50.108005913999897,-24.953500219],[-50.109667277,-24.951592159],[-50.109137768,-24.950908026],[-50.106969569999897,-24.950876266],[-50.106073915,-24.952409049],[-50.104019728999901,-24.952088484999901],[-50.102964613,-24.950526741],[-50.102217712,-24.949839776],[-50.100937018999893,-24.948757045],[-50.100946198,-24.948274317],[-50.102042356,-24.947614028],[-50.104532772,-24.947843508999899],[-50.105630349999899,-24.9470873879999],[-50.106536165,-24.945070105],[-50.106544341,-24.944588284],[-50.105274285999897,-24.942925233],[-50.102868752999903,-24.945603934],[-50.100744597999899,-24.945904938999899],[-50.099881625999899,-24.94544831],[-50.099656732999897,-24.944112786999902],[-50.100688728999899,-24.942240484],[-50.100717851999896,-24.940686486999901],[-50.099365731,-24.939667663999899],[-50.096630734999898,-24.939293495999898],[-50.095229921999895,-24.9409382599999],[-50.090661613999899,-24.945311955999902],[-50.089918729,-24.9450786579999],[-50.0895592319999,-24.944296321],[-50.088962947,-24.942844603],[-50.090243067,-24.941086931],[-50.090602721,-24.939703360999896],[-50.090420521999896,-24.938202303],[-50.0896766769999,-24.937968999999899],[-50.086287329,-24.939362362999898],[-50.082624011999897,-24.94197244],[-50.080986326999898,-24.9429477689999],[-50.076711364999895,-24.944993966],[-50.0730651659999,-24.946716105999897],[-50.069402591999896,-24.949326113],[-50.068506710999898,-24.950534744],[-50.067429045,-24.952494944],[-50.065171581,-24.954547401999896],[-50.064786779,-24.958300295999898],[-50.066284951999897,-24.959894504],[-50.069947821999897,-24.958900978],[-50.071936799999904,-24.959454605999898],[-50.072283649,-24.959774059],[-50.073801586999899,-24.960319688],[-50.075447856,-24.960344866],[-50.07696737,-24.9607864399999],[-50.076937856,-24.962356991],[-50.076797486,-24.963613009],[-50.0766488639999,-24.9652869949999],[-50.077089430999898,-24.966865544],[-50.079187766999894,-24.967838645],[-50.080829959999896,-24.968072778],[-50.083735452,-24.969897107999898],[-50.0848745589999,-24.971799716999897],[-50.086273502,-24.9724478209999],[-50.08830031,-24.971011863999898],[-50.090299235,-24.9710415559999],[-50.095458424,-24.971851756],[-50.098242421999899,-24.973883434],[-50.098197555999896,-24.976291874],[-50.097344473999897,-24.977850906999901],[-50.094713913999897,-24.980222107],[-50.093150900999895,-24.982085035999898],[-50.090403319999893,-24.984349735],[-50.087529324999899,-24.987135876],[-50.085477027,-24.989934563],[-50.086331629,-24.991413669999897],[-50.08684914,-24.99205033],[-50.087766642,-24.993321206],[-50.087852161999898,-24.994999366999899],[-50.087198294999901,-24.998551296],[-50.085253618999893,-25.001875552999898],[-50.086627369,-25.003886454999897],[-50.088135163999901,-25.005061919999896],[-50.088577455999904,-25.0065348269999],[-50.086979074999903,-25.010283689999898],[-50.086967676,-25.010912591],[-50.085403443999901,-25.0127757019999],[-50.084535634999895,-25.015171967999898],[-50.084743789,-25.016642799999897],[-50.085310904,-25.017698335],[-50.086462016,-25.019077394],[-50.087616276999896,-25.020247411999897],[-50.089715053999896,-25.021222479],[-50.092768206999899,-25.021475882999898],[-50.095262999999896,-25.020151585999898],[-50.098361997,-25.017996067999899],[-50.1010965259999,-25.016360783],[-50.103245849999901,-25.014611067],[-50.105622989,-25.013284283999898],[-50.106095731,-25.0131854209999],[-50.107142289,-25.013829877],[-50.106389664999902,-25.016333616999898],[-50.104336749999895,-25.0192377599999],[-50.100411836,-25.021588967999897],[-50.101094402999898,-25.022856904],[-50.103662485,-25.023837978],[-50.105408703,-25.02480746],[-50.105626797999903,-25.025752548999897],[-50.105599984,-25.027219468999899],[-50.105337077999899,-25.028683333999897],[-50.105446414,-25.029103844999899],[-50.106844134999896,-25.029857901],[-50.107784555999892,-25.029871921999899],[-50.109329170999892,-25.0290564959999],[-50.110056594999897,-25.027913648],[-50.111721863999897,-25.026890691999899],[-50.113003600999896,-25.0275382079999],[-50.113581004999894,-25.028175690999898],[-50.113914129999898,-25.029228191],[-50.113898685,-25.030067092],[-50.109745811,-25.0319964779999],[-50.108422413,-25.03354798],[-50.108526075,-25.0342834369999],[-50.108486962,-25.03637845],[-50.105732680999893,-25.039062827999899],[-50.105366108999895,-25.039791287999897],[-50.105361992,-25.0400012479999],[-50.1048459679999,-25.042403317],[-50.102343752,-25.044147752999898],[-50.100839182,-25.04286812],[-50.100856226999902,-25.041925101999897],[-50.100444770999893,-25.03877504],[-50.098722176,-25.036549372999897],[-50.09506205,-25.0372295139999],[-50.092334525999902,-25.03844587],[-50.089352795,-25.040603039999898],[-50.086731368999899,-25.042449873999896],[-50.084902347,-25.045881253999898],[-50.084286628,-25.047339699999899],[-50.082244649999893,-25.049614149],[-50.080229569,-25.050423364],[-50.078336193,-25.051023223999898],[-50.075113375999898,-25.053490429],[-50.073015948,-25.052411965],[-50.072335987,-25.051039744],[-50.071688164999898,-25.0479905239999],[-50.071605883999901,-25.046102928],[-50.072931748999899,-25.0443415189999],[-50.076952971,-25.0432481389999],[-50.077423204999896,-25.043255196999898],[-50.079558930999902,-25.042239412],[-50.081821454,-25.040805243],[-50.083056007,-25.037680302999899],[-50.082228447,-25.031589309],[-50.080974685999898,-25.029475636],[-50.07922281,-25.028820923999898],[-50.077318765,-25.0299446779999],[-50.075664155,-25.030444411],[-50.073760068999903,-25.031569063999896],[-50.073508428,-25.0324030579999],[-50.072766246,-25.034383852],[-50.072371620999895,-25.036578306],[-50.070564728999898,-25.038856563],[-50.067829759999896,-25.040492634],[-50.066051410999897,-25.0411998179999],[-50.063936954,-25.041063440999899],[-50.062888808,-25.040523747999899],[-50.062200643,-25.039570576],[-50.06222453,-25.038313555999899],[-50.064487706,-25.036775457],[-50.065822848,-25.034594250999898],[-50.065497213999897,-25.033122669],[-50.065379670999903,-25.033120215999901],[-50.063743105999897,-25.0325518299999],[-50.059478004999896,-25.034164061999899],[-50.058266099,-25.036032753],[-50.057733414,-25.039378631],[-50.056502704999893,-25.042293529999899],[-50.053870752999899,-25.0445599889999],[-50.049335804999899,-25.048055136],[-50.046712047,-25.049902566],[-50.044528166999896,-25.053433238],[-50.0380117139999,-25.062138375999897],[-50.033973726999896,-25.064174432999899],[-50.033235963,-25.065839486],[-50.033200414999904,-25.067724781],[-50.034336372,-25.06983926],[-50.034285139999895,-25.072562719],[-50.033308027,-25.074434712],[-50.032108275,-25.075673639999899],[-50.029504967,-25.076473918],[-50.027144177999901,-25.076857294],[-50.02708869,-25.0797908239999],[-50.028887164,-25.084220192],[-50.031195770999894,-25.086560392],[-50.032543915999895,-25.089934533],[-50.033417597,-25.093511593999899],[-50.033122842999902,-25.096651311999899],[-50.0307221139999,-25.0991312109999],[-50.030638450999895,-25.103531462],[-50.031038606,-25.107311629],[-50.030284994999896,-25.109815234999896],[-50.027892465,-25.111876117999898],[-50.026014242,-25.1116375299999],[-50.023445215,-25.110551303999898],[-50.020622111999899,-25.110508412999899],[-50.016136034999896,-25.1112791639999],[-50.012268268999897,-25.116671572],[-50.010314374999901,-25.120415213999898],[-50.005763976999894,-25.124539058],[-50.002441947999898,-25.125957232999898],[-50.000049062999899,-25.128017117999899],[-49.996021385999896,-25.129424012999902],[-49.992196227,-25.132510663999899],[-49.990497165,-25.135210085],[-49.990257761999899,-25.13541607],[-49.990235796,-25.139456983999899],[-49.993173092999896,-25.140764121],[-49.994152760999903,-25.143417186],[-49.994761576999899,-25.145262357],[-49.994719261999897,-25.147442333999898],[-49.993014784,-25.149022805999898],[-49.990437458,-25.149098012],[-49.987708204999898,-25.150318549999898],[-49.986650305999895,-25.151794368],[-49.987265369999903,-25.1532953],[-49.990429982,-25.156212496],[-49.992487367,-25.156357817999901],[-49.995811994999897,-25.157671104],[-49.997335069,-25.158841578999898],[-49.997309034999894,-25.160217964],[-49.997414142,-25.161480993999898],[-49.998932747999895,-25.162880727],[-50.001380059,-25.162917905],[-50.00225476,-25.164308137],[-50.001572302999897,-25.166362824],[-50.001156399999893,-25.1678482559999],[-50.000609556,-25.169561265],[-49.999390767,-25.1726412199999],[-49.998914767,-25.1773381739999],[-50.000147909999896,-25.180225236999899],[-50.001935161999896,-25.181056703999896],[-50.00267253,-25.1829038599999],[-50.000572683,-25.184937085999898],[-49.999249687,-25.1867531669999],[-50.004212175,-25.190040859],[-50.007176112,-25.189970657999901],[-50.011772864999898,-25.188720648999901],[-50.014082058,-25.189214551],[-50.016636590999902,-25.1903996879999],[-50.020230295,-25.191142662999898],[-50.024845269999901,-25.192359617999898],[-50.027106251999896,-25.195377309],[-50.028346998999901,-25.197920103999898],[-50.030363688999898,-25.200245668],[-50.028749156999901,-25.203894721],[-50.026138202,-25.205691280999897],[-50.026374607,-25.206842062],[-50.028905993999892,-25.209175448999897],[-50.031984364,-25.209910605999898],[-50.034085159999897,-25.207876047],[-50.039058095999899,-25.203819859],[-50.042682323999898,-25.202955764],[-50.043699177999898,-25.203659941999899],[-50.04521034,-25.205518276],[-50.044643140999902,-25.208263891999898],[-50.044084849999898,-25.210550951],[-50.043783392999899,-25.212841418],[-50.044993143999896,-25.2169912439999],[-50.045173608,-25.221124835999898],[-50.044327220999897,-25.225013777],[-50.041178172999892,-25.227950376],[-50.036274351,-25.228336173999899],[-50.031912038999899,-25.227352841],[-50.027305360999897,-25.225677201999897],[-50.024720075999895,-25.226097138999901],[-50.021649513999897,-25.224903232],[-50.017025010999895,-25.224144672],[-50.014960845,-25.224342985],[-50.013182981999897,-25.222939535],[-50.014527528,-25.219975679999898],[-50.016911313,-25.21656876],[-50.01799992,-25.213601573999899],[-50.017016039999895,-25.211061978],[-50.011682192,-25.207080321],[-50.00889669,-25.204513167999899],[-50.005334293,-25.202165022],[-50.002512919,-25.201433036],[-49.9999278189999,-25.201853630999899],[-49.995300265,-25.201324106],[-49.9932999379999,-25.198081148],[-49.994108411999896,-25.196257224999901],[-49.994662607999899,-25.194199669999897],[-49.994196578999897,-25.191668025999899],[-49.992942682,-25.189812972],[-49.989860136999901,-25.189307660999898],[-49.985450977,-25.190846742],[-49.982586565999895,-25.192410102999897],[-49.977976305,-25.190963225],[-49.973338965,-25.190891918],[-49.968604925999898,-25.195869193999897],[-49.963373235999896,-25.1999206139999],[-49.959234174999892,-25.200774984999899],[-49.956955771,-25.198674745999899],[-49.956991096,-25.196839586999896],[-49.956507282,-25.19522496],[-49.954494848,-25.192669661],[-49.955853515999898,-25.189018632999897],[-49.956697549999902,-25.18535981],[-49.957830133,-25.180098744],[-49.960459447999902,-25.177385016999896],[-49.967977055999896,-25.174975455],[-49.968021366999899,-25.172681052],[-49.967277952999893,-25.171179147],[-49.962104455,-25.169541861],[-49.9570634889999,-25.171689493],[-49.952134778999898,-25.168054551999898],[-49.947110531999897,-25.169312385],[-49.946024956,-25.173746073],[-49.949937155,-25.178256448999896],[-49.949842493999896,-25.183150458999897],[-49.945775294,-25.186647852],[-49.942268122,-25.187039022],[-49.938726355,-25.189209514],[-49.933167097999899,-25.192239845],[-49.930676052,-25.198504204],[-49.934205790999897,-25.202460916999897],[-49.934134819999898,-25.206131330999899],[-49.915851662999899,-25.218702316],[-49.917082472999901,-25.22225636],[-49.920626811,-25.224974691999901],[-49.925650982,-25.221665503999898],[-49.928973356,-25.223093164],[-49.930883739,-25.224270464],[-49.933050994,-25.225451236],[-49.935538961,-25.223421554],[-49.939167374999897,-25.222329321999897],[-49.943667742999899,-25.222858037],[-49.944804717999901,-25.224022965999897],[-49.947625206999895,-25.224754636999897],[-49.950570561999896,-25.2257182489999],[-49.953288931,-25.2250713769999],[-49.955152584999901,-25.222000524999899],[-49.958816211999896,-25.219072732],[-49.9616422,-25.219574968999897],[-49.963671087,-25.22121236],[-49.965825843999895,-25.2230817179999],[-49.969419854,-25.223825403],[-49.973677832999897,-25.223546266],[-49.976643139,-25.22347637],[-49.978552772999898,-25.224652442],[-49.980069856999897,-25.226168671],[-49.984414867999902,-25.2280709099999],[-49.987368450999895,-25.22857463],[-49.990126374999896,-25.225861807999898],[-49.993546340999892,-25.222241288],[-49.996956189999899,-25.22585062],[-49.997059555999897,-25.227229117],[-49.9958647509999,-25.229047218999899],[-49.994285427,-25.230745057],[-49.993580196,-25.233947782],[-49.992500237999899,-25.2364564979999],[-49.990286742,-25.237685317999897],[-49.987583635,-25.237529481],[-49.984599326999898,-25.238631899],[-49.979240366999896,-25.242567481],[-49.975086151,-25.244109269],[-49.969811808,-25.243569678],[-49.965167268999899,-25.237186966],[-49.968067500999901,-25.233789858],[-49.963463898,-25.231997174],[-49.959341486,-25.231934398999901],[-49.953500187,-25.234140313999902],[-49.952688543999898,-25.236079527],[-49.950194300999897,-25.238451159],[-49.947456793999898,-25.2401304529999],[-49.942800361,-25.240977766],[-49.941371025999899,-25.241643849],[-49.938383561999892,-25.242807017],[-49.941214849999895,-25.256336389999898],[-49.938618220999899,-25.2573294429999],[-49.934564475999892,-25.247052417],[-49.931741035,-25.246433840999899],[-49.927714052999896,-25.248094620999897],[-49.924932417,-25.251953774],[-49.92334614,-25.253994951],[-49.911825213,-25.266499181],[-49.907119744999896,-25.26986979],[-49.906316009999898,-25.271463793999896],[-49.902957429,-25.271871310999899],[-49.899312434,-25.271407499],[-49.896979551,-25.278429913],[-49.889437995,-25.279265430999899],[-49.886146800999896,-25.281174531],[-49.881921229999897,-25.290946273],[-49.890897987,-25.2983307639999],[-49.900392372999896,-25.299527339999898],[-49.904444446999896,-25.303198865999899],[-49.906529866,-25.308127016999897],[-49.907072834999902,-25.320338418999899],[-49.908204864999895,-25.321835743999902],[-49.913754034,-25.323960954],[-49.920656444,-25.329193584999899],[-49.927565393999892,-25.331827103],[-49.929583216,-25.3341537589999],[-49.931832604999897,-25.337862243999897],[-49.931792522999892,-25.339927909],[-49.928917022999897,-25.341950577],[-49.925507323,-25.344883001],[-49.925955674,-25.348334101],[-49.929248672,-25.351370351],[-49.933641025,-25.350978224],[-49.936272302,-25.348263666],[-49.941009712,-25.343284609],[-49.945431792,-25.341286366999899],[-49.946978465999891,-25.3413099969999],[-49.948773983,-25.341796852999899],[-49.952361489999895,-25.342999054],[-49.9541388499999,-25.344404476999898],[-49.961086828999896,-25.345199297],[-49.966819206999901,-25.342072781],[-49.972010375,-25.340314885999899],[-49.977223110999894,-25.33740891],[-49.982441228,-25.334273482],[-49.985577686999896,-25.332025308],[-49.990585337,-25.326360135999899],[-49.994456800999899,-25.326189672999899],[-49.997781863999897,-25.327617215],[-50.000362719999899,-25.327426720999899],[-50.002206761999901,-25.3253888529999],[-50.004819080999894,-25.3235915929999],[-50.008429573999898,-25.324061069],[-50.010141565,-25.324364487],[-50.012178025,-25.325772897],[-50.012658917999893,-25.327617743],[-50.015161904,-25.331558322],[-50.017403502,-25.335725865],[-50.019662138999898,-25.338974869],[-50.023236478999898,-25.340865376999897],[-50.030471897,-25.340055126],[-50.034604976,-25.339658115999899],[-50.039476118,-25.341109350999901],[-50.043313046,-25.342773618999896],[-50.048477928999901,-25.342391840999898],[-50.052916019999898,-25.339473424999898],[-50.05710498,-25.336091845999899],[-50.058180279999902,-25.333811249999897],[-50.062127972,-25.329506820999899],[-50.069926682,-25.326178945],[-50.073573708,-25.324167],[-50.081349433999897,-25.323065545],[-50.081604153999898,-25.322630063],[-50.081382718,-25.321308012],[-50.080419897999896,-25.319973546],[-50.078980921,-25.317754352999899],[-50.079532253,-25.314684503],[-50.078425551999892,-25.307854236],[-50.079219704999893,-25.3050079889999],[-50.081287352999894,-25.299983654],[-50.081583925999894,-25.297349466],[-50.081617218999895,-25.295591209999898],[-50.082164183,-25.292741876],[-50.082735853,-25.288573921999898],[-50.084026418999898,-25.285515919],[-50.083809291999899,-25.283973852],[-50.082888418,-25.280443754],[-50.080033678999904,-25.274685716999898],[-50.075394292999896,-25.2719800039999],[-50.0736675859999,-25.271955594999898],[-50.073446245999897,-25.270632908],[-50.074223166,-25.268667051999898],[-50.074531657,-25.265374408999897],[-50.074335063,-25.262734162999898],[-50.072418479999897,-25.259629098999902],[-50.0716868169999,-25.2591780929999],[-50.070946557999896,-25.259167491],[-50.067442802999899,-25.261751932],[-50.06443215,-25.264344654999899],[-50.06215839,-25.267168225],[-50.061112777999895,-25.270230028],[-50.06029898,-25.274175085],[-50.059007210999901,-25.277232827],[-50.054014826999897,-25.280235579999896],[-50.050794535,-25.280846751999899],[-50.049058195,-25.281259890999898],[-50.047520131999896,-25.284314435999899],[-50.0469977059999,-25.285844966999896],[-50.046696503999897,-25.2886973949999],[-50.047419594999894,-25.289587151],[-50.049390163999895,-25.289837035999899],[-50.051109335,-25.290302061],[-50.051087793999898,-25.291400478],[-50.050824419,-25.292276340999898],[-50.0483280569999,-25.293777294999899],[-50.046362746999897,-25.29330809],[-50.045120523,-25.293729566],[-50.045095613999898,-25.295048246],[-50.045543364,-25.297472802999899],[-50.0452387919999,-25.300545622999898],[-50.044946184,-25.302958653999902],[-50.045402561999893,-25.304944630999898],[-50.046586405999896,-25.307600204],[-50.047774580999899,-25.3100364649999],[-50.047996816999898,-25.311358491],[-50.0482310209999,-25.31202067],[-50.047452780999897,-25.313987719999897],[-50.045248812999901,-25.313075623],[-50.042123473999894,-25.308631944999899],[-50.040931019,-25.306416833],[-50.039467541999898,-25.305514488],[-50.036978623,-25.306577665999896],[-50.034723878,-25.308301179999901],[-50.030491659999896,-25.310217022999897],[-50.027970012999894,-25.313036699999902],[-50.027447415,-25.314567383999901],[-50.026199753999897,-25.315208144999897],[-50.022042444999897,-25.313167542],[-50.020143458999897,-25.309182314999902],[-50.018231538999899,-25.305855137],[-50.014831207,-25.3029460919999],[-50.012371651,-25.302469172],[-50.00838985,-25.304168596999897],[-50.006361285,-25.306995491999899],[-50.005591454999895,-25.308521896999899],[-50.0025173289999,-25.31441101],[-50.001696199,-25.318575962],[-50.000919564999897,-25.320542057999901],[-49.999383103999897,-25.323376577],[-49.997133267,-25.324882423],[-49.994707418999901,-25.322646865],[-49.996535056,-25.317398285],[-49.997338842,-25.314112547],[-49.996895859999896,-25.311468411],[-49.995423779999896,-25.311006330999898],[-49.993198231999898,-25.311192366999897],[-49.990407221999895,-25.315107877999896],[-49.983618447999902,-25.3215991349999],[-49.980393116999899,-25.322429004999901],[-49.977457625999904,-25.321065943999898],[-49.976763343,-25.318636816],[-49.977026978,-25.317761833],[-49.979510874999896,-25.3169202569999],[-49.982004473999893,-25.315639082],[-49.986016176999897,-25.312402721999899],[-49.990035521,-25.308726755999899],[-49.992555146999898,-25.306126806999899],[-49.995043247999895,-25.305064901],[-49.996524006999898,-25.305087396],[-49.999267887,-25.303591011],[-50.00276855,-25.301225320999897],[-50.004036960999898,-25.2994862259999],[-50.004296144,-25.2988306139999],[-50.007077082,-25.295355701999899],[-50.006868115,-25.2933739489999],[-50.007876314,-25.292290475],[-50.009845899999895,-25.292539696999899],[-50.012041864999894,-25.293891540999898],[-50.014254222,-25.294365164999899],[-50.017181908999902,-25.296167285],[-50.019148169999902,-25.296636697999901],[-50.022084570999901,-25.298000138],[-50.023777749,-25.299784028],[-50.024493108999899,-25.301113459999897],[-50.026939689999899,-25.302249176],[-50.030168956999894,-25.301198634999899],[-50.0346524549999,-25.299067723999897],[-50.03517498,-25.297537126999899],[-50.034451922999899,-25.296646397999901],[-50.033468770999896,-25.296412199],[-50.0307750979999,-25.295273298],[-50.030800093,-25.293953702999897],[-50.031318297,-25.29264338],[-50.033555645,-25.291798191999899],[-50.036073692999892,-25.289198051],[-50.036604847,-25.28722706],[-50.0356337099999,-25.286334010999902],[-50.033178591,-25.285637979999898],[-50.031226353999898,-25.28450893],[-50.031251331999897,-25.283190309999899],[-50.031510415999897,-25.282535633999899],[-50.033981818999898,-25.282352588],[-50.034722141,-25.282363282999899],[-50.039172682,-25.281990622],[-50.039436070999898,-25.281115719999899],[-50.039465332999903,-25.279576896],[-50.039017656999903,-25.277153427],[-50.040300041999892,-25.274535278],[-50.043767379,-25.273927490999899],[-50.046243009999898,-25.273524133],[-50.048727243,-25.272682156],[-50.053510241999895,-25.267698080999899],[-50.054563551999891,-25.264197737999901],[-50.055122689,-25.260689122],[-50.056001049,-25.259933868],[-50.054528215999895,-25.258108572],[-50.042372916,-25.260221519],[-50.026659494999898,-25.2597562],[-50.02331371,-25.259477009999902],[-50.020274147999899,-25.256676642999899],[-50.016756201999904,-25.253740153],[-50.015237651999897,-25.2556958979999],[-50.011227184999896,-25.258931873999899],[-50.008249787999901,-25.25976602],[-50.004286019999903,-25.260585185],[-49.998858148999901,-25.260502829],[-49.995664108,-25.259794885999899],[-49.992000125999894,-25.257760909999899],[-49.987316910999901,-25.257470770999898],[-49.9826085,-25.258498116999899],[-49.980634821999892,-25.258468953],[-49.979404793999898,-25.258230393999899],[-49.9789325,-25.25712369],[-49.979209183,-25.2555892509999],[-49.981221149999897,-25.253642120999899],[-49.984720325999895,-25.251277128],[-49.987940408,-25.2506667399999],[-49.991144015,-25.250935277999897],[-49.9943423,-25.2514230479999],[-49.998265364,-25.252801463],[-50.002948492999899,-25.253092339],[-50.007649014,-25.2525041859999],[-50.013603642,-25.2508350149999],[-50.017604299999896,-25.248038573],[-50.019122774,-25.246083794],[-50.019156481,-25.244325925999899],[-50.017976566999899,-25.2414507569999],[-50.018499075,-25.239920561999899],[-50.020263578,-25.237969108],[-50.021003774999897,-25.237979835],[-50.021978013999899,-25.23865438],[-50.023404047,-25.241532759999899],[-50.026100475,-25.242452184999902],[-50.027820273,-25.242917263],[-50.031043488,-25.242087148999897],[-50.033280417999897,-25.24124123],[-50.036985738999896,-25.241077241],[-50.038469469999896,-25.240880239],[-50.03996283,-25.240242875],[-50.042429500999901,-25.240279975],[-50.044640492,-25.240752342999901],[-50.045879123999896,-25.240551162],[-50.04663462,-25.239682888999898],[-50.048157131,-25.237508764],[-50.050640049,-25.236665969999898],[-50.051381209999896,-25.236677549],[-50.053349436999895,-25.2369264129999],[-50.053852162999902,-25.236494374],[-50.054612885,-25.235407757],[-50.054399304999897,-25.233645802],[-50.053683979,-25.232316819999898],[-50.052971993999897,-25.230767652999901],[-50.053498588,-25.229017292],[-50.054494415,-25.228592663],[-50.055723390999901,-25.2288308729999],[-50.05620027,-25.229717148999896],[-50.057907136,-25.23084073],[-50.0591232129999,-25.231738542999899],[-50.063576178999895,-25.231145410999897],[-50.065306892,-25.230951525],[-50.067793978999894,-25.229889351999901],[-50.069541838999903,-25.228817485],[-50.069850340999892,-25.225525398999899],[-50.070176005999897,-25.221354515],[-50.070209366,-25.2195968239999],[-50.069028999999894,-25.216722155],[-50.068350323999894,-25.2134163959999],[-50.067011922999903,-25.210816588999897],[-50.066162428,-25.2082424009999],[-50.068919209999898,-25.207616969],[-50.070943381999896,-25.206091946999898],[-50.071230356999898,-25.204095551],[-50.068789952,-25.201168938999899],[-50.069321570999897,-25.199399647999901],[-50.071317359,-25.199428515999898],[-50.070830104,-25.194612434],[-50.071039563999896,-25.192749432],[-50.073149935999901,-25.192002246],[-50.077019704999898,-25.190504164999897],[-50.077777161,-25.1874039419999],[-50.0781733439999,-25.184921233999898],[-50.082517958,-25.181565502999899],[-50.077896977,-25.181264875],[-50.075186565999893,-25.181435017999899],[-50.071897919,-25.181071313],[-50.069436755,-25.180511016],[-50.0667476879999,-25.179526528999901],[-50.063700034,-25.17885252],[-50.059118220999899,-25.178364825],[-50.054595769999899,-25.174733165],[-50.053568476999899,-25.173040446],[-50.053521105999899,-25.1693698939999],[-50.054355895,-25.168753231],[-50.058260515999898,-25.167657974999898],[-50.058522224999898,-25.16629926],[-50.058563332999903,-25.164098994],[-50.059073329999897,-25.162009050999899],[-50.05908479,-25.16138067],[-50.057371625999899,-25.15862938],[-50.058922891999899,-25.157499592],[-50.057001618999898,-25.153278477999901],[-50.05694908,-25.1498173579999],[-50.060211177,-25.14535933],[-50.063024801,-25.145925162],[-50.070723217999898,-25.149604247],[-50.074443481999893,-25.1520700959999],[-50.073477796999896,-25.153313567999898],[-50.0712552809999,-25.152546356999899],[-50.067652046,-25.1501870489999],[-50.065367191999897,-25.152773441],[-50.062638912999901,-25.153885976],[-50.061805778999897,-25.154397587999899],[-50.060819668,-25.156793653],[-50.062279468,-25.160484369],[-50.064746137,-25.160731401],[-50.0706420819999,-25.160190159],[-50.074297293,-25.159825055999899],[-50.077691860999892,-25.160819529],[-50.080137307999898,-25.162218160999899],[-50.082119598999896,-25.163191407999896],[-50.083641300999901,-25.1636324199999],[-50.087759721999902,-25.163693431999899],[-50.087875747999895,-25.163800917999897],[-50.087619308999898,-25.1649495899999],[-50.086650487,-25.166403251999899],[-50.084498819,-25.168153941],[-50.086860949,-25.169297491999899],[-50.088454581999898,-25.167495657],[-50.094475438999893,-25.163072867],[-50.099930344,-25.160819686],[-50.103477546,-25.160791754999899],[-50.10303263,-25.157896413999897],[-50.103311677,-25.1563451859999],[-50.102596321999897,-25.1545572419999],[-50.100101048999896,-25.154520266999899],[-50.100125886999898,-25.153187747999898],[-50.101402649999898,-25.151651338999898],[-50.104412001999897,-25.150806119],[-50.105188901,-25.149262308999901],[-50.106718851,-25.147507205999897],[-50.107716540999895,-25.147521970999897],[-50.108198211999891,-25.148417059999897],[-50.1078834589999,-25.151968386999901],[-50.108590244,-25.1542010759999],[-50.110299071,-25.1562256939999],[-50.113990494999904,-25.15894745],[-50.118451272,-25.160568253999898],[-50.1227244849999,-25.158853013999902],[-50.124224386,-25.158653132],[-50.125201691,-25.159778453999898],[-50.124673832,-25.161325597],[-50.121898196999894,-25.1630629749999],[-50.122605131999897,-25.165295735],[-50.12431744,-25.167098411],[-50.1262892499999,-25.168460433999901],[-50.131545406,-25.172982901999898],[-50.133234136999896,-25.176118238999898],[-50.135200810999898,-25.177702198999899],[-50.138169589,-25.179078864999902],[-50.1411511969999,-25.179789639],[-50.144143663999898,-25.179833573999897],[-50.1481392009999,-25.179669255],[-50.150415920999897,-25.177925116],[-50.151455360999897,-25.1757174419999],[-50.151503530999896,-25.173052153999897],[-50.148122454,-25.167001929],[-50.148167378,-25.164558692],[-50.150669320999903,-25.164150446999898],[-50.152874132999898,-25.166405086999898],[-50.157559682999896,-25.169362071],[-50.163030453,-25.170331021],[-50.168042893999903,-25.169069432],[-50.1688331779999,-25.166859515999899],[-50.16736431,-25.165281293],[-50.165936925,-25.161483647999901],[-50.166713505999894,-25.159938697],[-50.168451551,-25.160408526],[-50.172626543,-25.164024672],[-50.178813159999898,-25.166781167999901],[-50.182060632999899,-25.1666059719999],[-50.182595657,-25.164613879999898],[-50.181147875999898,-25.161926032999897],[-50.180946803,-25.159256812999899],[-50.183707032999898,-25.158407603999901],[-50.187399266999897,-25.161127569],[-50.188352455,-25.163586187],[-50.189321606,-25.16515521],[-50.1915342389999,-25.166964758999899],[-50.194004305999897,-25.168333568],[-50.199725132,-25.169305014],[-50.203969421999901,-25.169144025],[-50.206241478,-25.167620572],[-50.207296260999897,-25.164525012],[-50.205852437,-25.161615342999898],[-50.203913007,-25.158476531],[-50.204230658999897,-25.154703986999898],[-50.207465352,-25.1551934149999],[-50.210361410999901,-25.160568726999898],[-50.217791836999901,-25.1635638999999],[-50.222780626999899,-25.163635851],[-50.227273765999897,-25.163477667999899],[-50.230765933,-25.163527019],[-50.233505084999898,-25.163788877999899],[-50.235286415999894,-25.161814182999901],[-50.238327958999896,-25.1591902269999],[-50.240583957999903,-25.158556169999898],[-50.245359377999904,-25.156624423],[-50.246871724999899,-25.1557562939999],[-50.248906987999895,-25.153563688999899],[-50.253682254999894,-25.151631850999898],[-50.256195455999901,-25.150555112999896],[-50.259465716,-25.1490465699999],[-50.262255953999897,-25.146420297999899],[-50.2667654319999,-25.145372000999899],[-50.268760813999897,-25.145400464],[-50.271270693,-25.1445473919999],[-50.272822482,-25.141458084999901],[-50.272849606999898,-25.13990369],[-50.272644450999898,-25.137455796],[-50.272430965999902,-25.135453588],[-50.273249617,-25.131464686999898],[-50.273035152,-25.129462517],[-50.271068999999898,-25.127878877999898],[-50.269089396,-25.1269627799999],[-50.266393422999904,-25.124258433],[-50.262958126999898,-25.121099147999896],[-50.262241785999898,-25.119310936],[-50.263519631999898,-25.11755213],[-50.263805033,-25.11555629],[-50.2643310079999,-25.1140082709999],[-50.262361356,-25.109672675999899],[-50.260929285,-25.107016173],[-50.257047367,-25.1034468729999],[-50.254660731999898,-25.099020365999898],[-50.253514150999898,-25.094171015],[-50.252822033,-25.091525702999895],[-50.249426028999899,-25.088401882],[-50.2457437159999,-25.08747089],[-50.240277669,-25.089808963999896],[-50.232853718999898,-25.091241986999901],[-50.229473613,-25.087238659],[-50.229565277999903,-25.082188555999899],[-50.230350985999891,-25.079563703999899],[-50.230931311999896,-25.074739985999898],[-50.229527871999899,-25.070546224999902],[-50.227836967,-25.068546066999897],[-50.223124136,-25.069573520999899],[-50.222721420999903,-25.071125472999899],[-50.21923436,-25.070741862],[-50.217235978999895,-25.070824444],[-50.216575958999897,-25.072816979],[-50.216064625999898,-25.073477183],[-50.2144489249999,-25.073119833999897],[-50.2130820839999,-25.07276653],[-50.212066213,-25.0737527749999],[-50.211411969,-25.075412067999899],[-50.211269082999891,-25.07641025],[-50.211875715999902,-25.0774206369999],[-50.212098689,-25.078869105999896],[-50.2103533229999,-25.078732922],[-50.208081698999898,-25.080146247],[-50.2081886409999,-25.081148517],[-50.209166971999899,-25.0822750409999],[-50.209379886999898,-25.084279589999898],[-50.210289561,-25.089186206],[-50.212978074,-25.092339007],[-50.214959150999903,-25.093257193999897],[-50.217162275999897,-25.095623924999899],[-50.219753334999901,-25.097329744],[-50.222056116,-25.101143522],[-50.224530866999892,-25.102291656],[-50.227273301999894,-25.1025526409999],[-50.2288650039999,-25.104244041],[-50.229206716,-25.1060293459999],[-50.227179035999903,-25.107779415],[-50.224927910999902,-25.107969404],[-50.221909066,-25.109261267],[-50.220254643,-25.111017836],[-50.217108717,-25.112417673],[-50.215860287999902,-25.112400110999896],[-50.2119824809999,-25.112901050999898],[-50.208822218,-25.115079740999899],[-50.208787854,-25.116970921],[-50.206763193,-25.118498105],[-50.205984371999904,-25.120154292999899],[-50.2074499779999,-25.12195486],[-50.207925449,-25.123296269],[-50.208135146999901,-25.125523993999899],[-50.208498477,-25.126084854999899],[-50.209722658,-25.127437566],[-50.209948247999897,-25.128775845999897],[-50.210817204,-25.129010606999898],[-50.214059700999897,-25.129278961999898],[-50.214041230999896,-25.130280768],[-50.213650050999902,-25.131163695999899],[-50.213885702,-25.131945833],[-50.214612722,-25.133180844],[-50.214342754,-25.134289107],[-50.213211244,-25.134717859],[-50.208207418999898,-25.135313297],[-50.207814577999898,-25.13630857],[-50.208046007999897,-25.137312646999899],[-50.207521873999902,-25.138640597999899],[-50.205631533,-25.1396151339999],[-50.203625175999896,-25.140141503999899],[-50.197725904,-25.141837159],[-50.195859888999898,-25.141476441999899],[-50.195174201,-25.1380184779999],[-50.198175972999898,-25.137727663],[-50.202061985999897,-25.136892621],[-50.202699552999896,-25.136123331],[-50.203726727999893,-25.134581621999896],[-50.204747734,-25.1332608939999],[-50.204780480999901,-25.131482832],[-50.20468198,-25.1300347009999],[-50.204856713,-25.1272564289999],[-50.204139159,-25.125577619999898],[-50.203430693,-25.123342668999896],[-50.202443795,-25.122660658],[-50.200324767,-25.122519666999899],[-50.199326186999897,-25.1225051989999],[-50.198102069999898,-25.121153388],[-50.196984895,-25.120803103],[-50.194848994,-25.1215506029999],[-50.193478672,-25.121419966999898],[-50.192872973999904,-25.120410283999899],[-50.19189133,-25.119505444],[-50.192158769999899,-25.118508668999898],[-50.191304821,-25.117384413],[-50.189703192999893,-25.116248844],[-50.189714896999895,-25.115582222999901],[-50.190349204999897,-25.115034938999898],[-50.193577826,-25.115971922],[-50.195427746999897,-25.117221135999898],[-50.197290995999893,-25.117692304999899],[-50.200545630999898,-25.1171845709999],[-50.200695423999896,-25.115851098999901],[-50.200839995999893,-25.114741345],[-50.201005676,-25.112519378999899],[-50.200282993,-25.111062546],[-50.199167468,-25.110601788999897],[-50.198809052999898,-25.109706725999899],[-50.1996751289999,-25.108386018],[-50.201188509999895,-25.10757311],[-50.202401768,-25.106033943999901],[-50.201928972999895,-25.104580316],[-50.200871960999898,-25.104343172],[-50.199556811,-25.104602353999901],[-50.199232537999897,-25.105264986999899],[-50.198663590999899,-25.105701666999899],[-50.1972923699999,-25.105571045],[-50.196612294,-25.105227231999898],[-50.195368132999896,-25.104986783999902],[-50.193861575,-25.105466371],[-50.192278171999895,-25.106777947999898],[-50.191459161999894,-25.107155729999899],[-50.190319287,-25.10802813],[-50.189996767,-25.1086359839999],[-50.190176454,-25.109083068],[-50.1902272889999,-25.109695662],[-50.189089993,-25.110457583],[-50.188423250999904,-25.109335733],[-50.187702439999896,-25.107823197999899],[-50.186514305999893,-25.107973424],[-50.186437268999896,-25.108750621999899],[-50.186797257,-25.109535201],[-50.186972700999895,-25.110205096999902],[-50.18695675,-25.111094508999898],[-50.186741740999899,-25.112593353],[-50.186221788999894,-25.113698321999898],[-50.185650204999895,-25.114245476999901],[-50.184780503999896,-25.114066364999896],[-50.184038520999898,-25.1136660089999],[-50.1836734789999,-25.113159926],[-50.183059366999899,-25.112594962999896],[-50.180953787999897,-25.111675820999899],[-50.179915367,-25.110436873],[-50.179734062999898,-25.110101189],[-50.1796298309999,-25.108987391],[-50.179145414999901,-25.108201220999899],[-50.177099184,-25.107449054],[-50.176641098999895,-25.1086104849999],[-50.176877436,-25.109336873],[-50.176682779,-25.109778285999898],[-50.175856234,-25.110600743],[-50.174535972999898,-25.11113742],[-50.1732723739999,-25.111953390999901],[-50.173253761999895,-25.112954208],[-50.1737434,-25.113517606999899],[-50.174051591999898,-25.113688683],[-50.174486183999896,-25.113862281999896],[-50.175296591999896,-25.113873521999899],[-50.176111397999897,-25.113718580999898],[-50.178173654,-25.113581349999901],[-50.179035849999899,-25.114205200999898],[-50.179028173999896,-25.114595116],[-50.178764921,-25.115369964],[-50.178338241999896,-25.116528182],[-50.177686276,-25.118077209],[-50.177410312999896,-25.119517770999899],[-50.176015525999901,-25.120722133999898],[-50.174024254999892,-25.1203597159999],[-50.1725461609999,-25.119225614],[-50.170583002999898,-25.117417635],[-50.168354639,-25.11638356],[-50.165753574999897,-25.115234195],[-50.164848396,-25.117000990999898],[-50.164954205999898,-25.118003417999898],[-50.168150755999896,-25.120718664],[-50.168000806999899,-25.122051234],[-50.166229995,-25.123360374],[-50.165730214999897,-25.123353076999898],[-50.164244603,-25.122664567999902],[-50.162757371999902,-25.1220865549999],[-50.162371244,-25.122748406],[-50.163085257,-25.124649211999898],[-50.16368233,-25.1261046139999],[-50.164169353,-25.126779462999899],[-50.165280639999892,-25.12746229],[-50.167762264,-25.12827679],[-50.1690006319999,-25.128850703999898],[-50.169366473,-25.1293020419999],[-50.170600609999902,-25.1300978619999],[-50.171097786,-25.130216555999898],[-50.1719794569999,-25.129783871],[-50.174247458,-25.12859335],[-50.175264665,-25.12760702],[-50.176318087999896,-25.124618935999898],[-50.178089836999902,-25.123309741],[-50.180094497,-25.122894081],[-50.181961988999902,-25.123143451],[-50.18397185,-25.122505873],[-50.185216097999898,-25.122745472999899],[-50.185949476999902,-25.123534843],[-50.184038976999901,-25.125620554],[-50.183648654999899,-25.126505264999899],[-50.183255081999896,-25.127611897999898],[-50.182120951999899,-25.128151015],[-50.179330362,-25.1305580319999],[-50.180049730999897,-25.132236958999901],[-50.179775385,-25.133567101],[-50.179252095,-25.134894995],[-50.177653678999903,-25.133536438999901],[-50.175566570999898,-25.131615366999899],[-50.173190738999899,-25.131803401999896],[-50.171276802999898,-25.134111941999898],[-50.171135353999901,-25.1349998429999],[-50.1721196,-25.135793401999898],[-50.17259655,-25.1370235219999],[-50.1736909259999,-25.138595847],[-50.175418055,-25.13973412],[-50.177535575,-25.13998672],[-50.178535841,-25.139890750999896],[-50.179284585999895,-25.139901196],[-50.181758876999893,-25.141160391],[-50.181718463,-25.143384207999897],[-50.181444100999897,-25.144715327],[-50.18168228,-25.145386121999898],[-50.183286661999894,-25.146410457999899],[-50.186628403,-25.148015929999897],[-50.187610135999897,-25.148920897],[-50.187601683999901,-25.149364754],[-50.189288593999898,-25.152726904],[-50.189764026,-25.154068512],[-50.189483841,-25.155733063999897],[-50.187854961999896,-25.156043081999901],[-50.1863775859999,-25.154908893],[-50.177193007,-25.145098784],[-50.177164290999897,-25.146655929999898],[-50.176515524,-25.147981381999898],[-50.174510665999897,-25.148397062999898],[-50.172497295999896,-25.149258415],[-50.170230744,-25.150337597],[-50.167731903999893,-25.150412586],[-50.1663428029999,-25.1512827879999],[-50.165948139999898,-25.152389501],[-50.165426392999898,-25.153605134],[-50.164536127999895,-25.154482623],[-50.163423113999897,-25.153909321],[-50.162846258999892,-25.1513422529999],[-50.162785926,-25.14778244],[-50.162941804999896,-25.146116377999899],[-50.163217903,-25.144673843],[-50.163368536999897,-25.143230627],[-50.163397347999897,-25.141672589999899],[-50.162558835,-25.139769144999896],[-50.160295579,-25.140627188999897],[-50.1591495609999,-25.141832936999897],[-50.1574971309999,-25.143477988],[-50.158100122999898,-25.144599252],[-50.156199407,-25.146128776999898],[-50.154728108999898,-25.144662041999901],[-50.153626954999893,-25.143422029],[-50.152215874,-25.145515025999899],[-50.151445803999898,-25.146615969],[-50.150049133,-25.147929948999899],[-50.147867885,-25.151124836999898],[-50.14537068,-25.151088213],[-50.145100398999901,-25.152196497],[-50.145325678999903,-25.153534963],[-50.146165090999894,-25.155438579],[-50.146026170999896,-25.1562151279999],[-50.144374236,-25.157748762],[-50.142250702999895,-25.157828363999897],[-50.1387481209999,-25.1582227449999],[-50.137495208999901,-25.158426791999897],[-50.135614683,-25.158843831],[-50.134112815,-25.159044659],[-50.132494063,-25.158798160999897],[-50.131265847999899,-25.1576678079999],[-50.130303043999895,-25.155762540999898],[-50.13194649,-25.154673778],[-50.132959672,-25.15391033],[-50.134093049999898,-25.153370416],[-50.134109169999896,-25.152481763],[-50.134256691999902,-25.151259544],[-50.135147034999896,-25.150383067999897],[-50.136407482,-25.149734254999899],[-50.138418343999895,-25.148984556999899],[-50.139425569,-25.148554460999897],[-50.140312599999895,-25.147899919999897],[-50.140826575999895,-25.147017688999899],[-50.141230862,-25.145466281],[-50.142745464999898,-25.144597829],[-50.143888956999895,-25.143502628],[-50.144672516999897,-25.141623604],[-50.145438339999899,-25.140744621999897],[-50.148193578,-25.140228247],[-50.149562331,-25.140470523],[-50.151180005,-25.140716896999898],[-50.152428566,-25.14073473],[-50.154081989999895,-25.1390897389999],[-50.154102295,-25.137979218999899],[-50.152246536999897,-25.137062068],[-50.150616101,-25.137482367999898],[-50.149248993999898,-25.137129592999898],[-50.148021789,-25.135999422999898],[-50.148174161,-25.134443932],[-50.148935679,-25.133787794999897],[-50.150184205999899,-25.133805636],[-50.151558827999892,-25.133714562],[-50.153077582,-25.132624187],[-50.153368128999901,-25.130404589],[-50.150509567999897,-25.129694742],[-50.146841238,-25.13231036],[-50.1439419129999,-25.133825993999899],[-50.143050005999896,-25.134813854999898],[-50.141630343,-25.137351477],[-50.141249073,-25.137679992],[-50.139624516999895,-25.1377678059999],[-50.136388247999896,-25.137274917999896],[-50.134798582999899,-25.135472287],[-50.13494675,-25.134139634999897],[-50.13371633,-25.133231345999899],[-50.133102278,-25.132666232],[-50.133245495,-25.131667852],[-50.1345381289999,-25.129239221],[-50.1366930189999,-25.127491248999899],[-50.138824867,-25.126966054],[-50.139944621,-25.127205158],[-50.141453864,-25.126559587],[-50.141725783,-25.125340008999899],[-50.141133097999898,-25.123662663999898],[-50.138767511999895,-25.123294281],[-50.138203785,-25.120060877999897],[-50.135836583999897,-25.119803891999897],[-50.134448225,-25.120561494],[-50.132656832999899,-25.122982699],[-50.131400792999898,-25.123408606999899],[-50.128812673999896,-25.1215913509999],[-50.120762026999898,-25.118136155999899],[-50.117053669,-25.116191097999902],[-50.114791461,-25.1170478139999],[-50.113509623,-25.118809599],[-50.112987699,-25.120024968999896],[-50.1130539769999,-25.123139634],[-50.112301959,-25.1233518549999],[-50.107199172,-25.122498363],[-50.106314117999901,-25.123151848],[-50.105514778,-25.125809575999899],[-50.10799718,-25.126624577],[-50.110117143,-25.126768060999897],[-50.110742070999898,-25.126665633999899],[-50.112750486,-25.126139026],[-50.112992461,-25.126476473],[-50.112849168999894,-25.127474821],[-50.110956907999892,-25.128559217],[-50.1107010529999,-25.128889306999898],[-50.110563692999897,-25.1295552499999],[-50.111042002,-25.130674015999897],[-50.112395444,-25.131805949999901],[-50.114395973999898,-25.131613538],[-50.116036692999899,-25.130636377],[-50.116646402999898,-25.131424346],[-50.11895392,-25.134906121],[-50.118304887999898,-25.136231381],[-50.115671457,-25.136860492],[-50.114698593999897,-25.135511504999897],[-50.112856555999898,-25.133816031],[-50.110759677,-25.132449751],[-50.110009305999895,-25.132549642],[-50.106602342,-25.134502282],[-50.104480638,-25.134471101],[-50.102895535999899,-25.132444583999899],[-50.103037888,-25.131446207],[-50.103186509999901,-25.130225036],[-50.101123191999903,-25.127078863999898],[-50.101516427,-25.126083768999898],[-50.10128973,-25.124856838],[-50.100186267999902,-25.123728134],[-50.099715665,-25.122163735999901],[-50.097359748999899,-25.121350325],[-50.0959971179999,-25.120774516],[-50.094514366999896,-25.1199733549999],[-50.094783159999899,-25.118976678],[-50.094711831,-25.116083035],[-50.094123774999893,-25.114183766999901],[-50.093923683999897,-25.111511366999899],[-50.093729571,-25.1085057],[-50.093754476,-25.107170697999901],[-50.093045337,-25.105047064999898],[-50.091093826,-25.102571165],[-50.090486885,-25.101673674],[-50.090026693,-25.099552409999898],[-50.086469860999898,-25.096164228],[-50.085289003999897,-25.092696536999899],[-50.084429612999898,-25.0919053719999],[-50.084067277,-25.091233942],[-50.084831497,-25.0904657839999],[-50.084966236999897,-25.089912261999899],[-50.085355179,-25.089138299999899],[-50.086230841,-25.089041037999898],[-50.086985419,-25.088718438999901],[-50.088008782,-25.087399299],[-50.087414857999896,-25.085833511],[-50.086557156,-25.0849309779999],[-50.085951956999892,-25.083921232999899],[-50.086717807999904,-25.0830426119999],[-50.088096506999904,-25.0827290679999],[-50.088719666,-25.082738101],[-50.089703479,-25.083530842999899],[-50.089805645999895,-25.084755952],[-50.090535287999899,-25.085768226],[-50.091535391,-25.085671657],[-50.093037849,-25.085471115999898],[-50.093780447,-25.08581595],[-50.094267213,-25.086490802999897],[-50.094723813999892,-25.088721489999898],[-50.096206386999896,-25.089522545999898],[-50.098092472,-25.088770774999901],[-50.099351032999898,-25.088234595],[-50.098862583,-25.087671147],[-50.099623122,-25.087014337],[-50.101243063,-25.087149541],[-50.103633121,-25.086183275999897],[-50.105754431,-25.086214454999897],[-50.107370064999898,-25.086572407999899],[-50.108378763,-25.086031128999899],[-50.107655006999899,-25.0846856319999],[-50.105289822,-25.084317046],[-50.103286306,-25.084733066999899],[-50.101789836999899,-25.084599479],[-50.100432681,-25.083801008999899],[-50.100579328,-25.082580057],[-50.103478336,-25.081065163999899],[-50.10460978,-25.080637833],[-50.105248477,-25.079868944999898],[-50.10527167,-25.078644580999899],[-50.106038111,-25.077655435999901],[-50.1070629969999,-25.0762248989999],[-50.107456132,-25.075230006],[-50.107603722,-25.074009105999899],[-50.107249978,-25.072891298999899],[-50.105754555,-25.072757748999898],[-50.105128776,-25.072860131],[-50.0997755,-25.072113928],[-50.0950430299999,-25.071599448],[-50.093144193999898,-25.066343882],[-50.094294503999897,-25.064916002],[-50.095791543999901,-25.064938213999898],[-50.097640633999902,-25.066187765999899],[-50.10021936,-25.068450404],[-50.103184331999898,-25.070051409],[-50.10554411,-25.070641832],[-50.106921057999898,-25.070439608],[-50.109400279999903,-25.071366700999899],[-50.110250103999903,-25.0726023409999],[-50.109837462,-25.074708372],[-50.108929400999898,-25.076586081],[-50.108901948,-25.0780313839999],[-50.110226682,-25.080608384],[-50.111327349,-25.081849145],[-50.112938673999899,-25.082428927],[-50.114822999999895,-25.0817884699999],[-50.114966258,-25.080790309999902],[-50.115359370999897,-25.079795389],[-50.116975004,-25.080151454],[-50.117593181,-25.080494611999899],[-50.119351069999894,-25.079853409999899],[-50.1202234,-25.079977014999901],[-50.120859412,-25.079319477],[-50.123729225,-25.079362026999899],[-50.124733583,-25.079042571999899],[-50.125014098999898,-25.077378613999901],[-50.121800715999903,-25.075663156],[-50.117955653999893,-25.074383334999897],[-50.114857522,-25.073225464999897],[-50.113252196999895,-25.072312466],[-50.112523186,-25.071188901],[-50.112542015,-25.0701891749999],[-50.112183966,-25.069293245],[-50.11118061,-25.069612655],[-50.110429427,-25.0697134229999],[-50.1096971099999,-25.068812641],[-50.108224860999897,-25.067456626],[-50.107420583999897,-25.067110139999901],[-50.106688270999896,-25.066210274],[-50.105989403,-25.063531033999897],[-50.106517230999899,-25.061980902],[-50.110060561999894,-25.059364015],[-50.115836421,-25.057448098999899],[-50.11832416,-25.057928640999901],[-50.120556784999899,-25.058629593],[-50.120781856999898,-25.059967558],[-50.117988126999897,-25.062595184],[-50.117214837999896,-25.063918433],[-50.118454448999898,-25.064381013999899],[-50.120191770999895,-25.064850937],[-50.123365752,-25.068678978],[-50.124855226999898,-25.069145680999899],[-50.126368447999901,-25.068278488],[-50.130123943999898,-25.067666678],[-50.131642403999898,-25.066576712],[-50.132667792999897,-25.065033839999899],[-50.132721454,-25.062143383],[-50.133764890999899,-25.059712250999898],[-50.134816863999902,-25.0568365399999],[-50.133363985,-25.054368745],[-50.132129661,-25.053683505],[-50.130170582999902,-25.051652988999898],[-50.130718653,-25.048991869],[-50.130002465,-25.047202038],[-50.128056304,-25.044504241],[-50.127348696999896,-25.042270777999899],[-50.129144849999896,-25.0396276879999],[-50.131385918,-25.039883025999899],[-50.130842146999903,-25.042322215999899],[-50.131541212999899,-25.045001162999899],[-50.136482294999901,-25.047742066999898],[-50.138522942999892,-25.045325723999898],[-50.141263713999898,-25.045587419],[-50.144719777,-25.047639779999901],[-50.145112372,-25.053427713999898],[-50.144555891,-25.056534419999899],[-50.145039466999897,-25.057430048999901],[-50.149244215999893,-25.0594938949999],[-50.150475323999899,-25.060401854],[-50.151673324999898,-25.063088261],[-50.1551552809999,-25.063804982],[-50.156652321,-25.063826891999899],[-50.15966768,-25.062758704],[-50.159449922999897,-25.060977045999898],[-50.157736149,-25.059172604],[-50.153015608,-25.057991692],[-50.1520579459999,-25.0557531339999],[-50.152614322,-25.0526473369999],[-50.152638907,-25.0513135519999],[-50.155146960999893,-25.050682746999897],[-50.160599835,-25.052763273],[-50.164354046999897,-25.052151062999897],[-50.16389169,-25.050142643],[-50.162193987999892,-25.047449128],[-50.161489375,-25.044992046999901],[-50.165764355999897,-25.043275243],[-50.168263791999898,-25.043089837],[-50.170006293999904,-25.043336698],[-50.172227187,-25.044703645],[-50.174444848999904,-25.046292431],[-50.175417688,-25.047640723],[-50.177836279999902,-25.051902068999897],[-50.180560211999897,-25.053052598999898],[-50.181485186,-25.057070363],[-50.181674411,-25.060408566],[-50.184410149,-25.0608935449999],[-50.186709734,-25.058035327],[-50.188009966,-25.05516261],[-50.190303265999901,-25.05252716],[-50.195121373999903,-25.048370501],[-50.196361048,-25.04883273],[-50.197788165999896,-25.052634839999897],[-50.194460533,-25.057257961999898],[-50.190253237,-25.061985035],[-50.185764466,-25.068592496999898],[-50.186218558999897,-25.071045662999897],[-50.188148928,-25.074744062],[-50.188375988999901,-25.075970672],[-50.189987449999897,-25.076550026999897],[-50.191990116999897,-25.076244846999899],[-50.192975832999899,-25.076926749999899],[-50.194966797999903,-25.077288976],[-50.197505842999902,-25.07487917],[-50.198657269,-25.07333762],[-50.198434978999899,-25.064993595],[-50.198342365,-25.063213536],[-50.201255508,-25.060808578],[-50.203146902999897,-25.059723918],[-50.205021754,-25.059639870999899],[-50.206761801,-25.0599979089999],[-50.208111699,-25.061241353],[-50.2095912509999,-25.062262706999899],[-50.210447343999896,-25.063164777999901],[-50.211698122,-25.063071895999897],[-50.2125927599999,-25.061861351999902],[-50.213876871999901,-25.059877701999902],[-50.2130340369999,-25.058197804],[-50.216414936,-25.057579307],[-50.217054875999899,-25.056697957],[-50.218227746999901,-25.053934927999897],[-50.218890302,-25.051831175999901],[-50.220533346,-25.050631918],[-50.2215565179999,-25.049201137999901],[-50.221748803999901,-25.0455346379999],[-50.2220260839999,-25.0439812719999],[-50.223775429999897,-25.043894624],[-50.226389877,-25.0441548649999],[-50.2299749539999,-25.047764712999896],[-50.232747753999895,-25.0497499589999],[-50.2336831799999,-25.049707822],[-50.235022197,-25.048113863],[-50.236510753999895,-25.045187724999899],[-50.237796019999898,-25.043037943999899],[-50.231282254999897,-25.04124874],[-50.229358100999896,-25.038586653],[-50.229898777,-25.035958287],[-50.228240377999903,-25.032201169999901],[-50.224587078999903,-25.029732902],[-50.218450297999894,-25.028327169],[-50.2164857019999,-25.027859586],[-50.208865621,-25.026653186],[-50.204506394999896,-25.0224182259999],[-50.201850471999897,-25.019305011],[-50.200916418999903,-25.016436380999899],[-50.199966646999897,-25.014445887],[-50.196798197,-25.0124245649999],[-50.195615156999899,-25.00977196],[-50.1979041969999,-25.00585144],[-50.201477746999899,-24.999095182],[-50.205491465,-24.9952002479999],[-50.20778954,-24.990841808],[-50.208059449,-24.989527895],[-50.209386589999895,-24.984496351999901],[-50.202737407,-24.984181358999898],[-50.1985717969999,-24.996418188999897],[-50.179229715,-24.989332148999896],[-50.180243451,-24.987809549999898],[-50.185970509,-24.984598693999899],[-50.1879852759999,-24.982212451999899],[-50.189989397,-24.980485176999899],[-50.191773068,-24.977216020999897],[-50.193310843999896,-24.973944693999901],[-50.19391576,-24.967805338999899],[-50.197246289999903,-24.960826215999898],[-50.196538368999896,-24.959060122],[-50.193605851,-24.957700325],[-50.190145991999898,-24.958309991],[-50.188206141999899,-24.956524605],[-50.183694174,-24.947237419],[-50.186439650999901,-24.945301698],[-50.180666669999894,-24.93753313],[-50.18665936,-24.933229258],[-50.191617510999897,-24.931543484],[-50.202523848999903,-24.927968861999901],[-50.206171333,-24.930656268999901],[-50.2075903349999,-24.933969918999896],[-50.209513480999902,-24.9366319109999],[-50.213144488999902,-24.940197151999897],[-50.215103278999898,-24.940883576],[-50.215318682999893,-24.942643285],[-50.2222004609999,-24.936704215],[-50.231648707,-24.932008493999898],[-50.236090063999896,-24.931632511],[-50.242533820999896,-24.929528274999896],[-50.254030386999901,-24.920470513999899],[-50.260020493999896,-24.916165465999899],[-50.262537998999896,-24.913126763],[-50.266682803,-24.9017700039999],[-50.267746327999895,-24.897394708],[-50.2697947939999,-24.893033551],[-50.270826265,-24.890413703],[-50.273382612,-24.885180207],[-50.274392249,-24.883877814999899],[-50.278464987999897,-24.876472362999898],[-50.281482564,-24.873002217],[-50.288917604999895,-24.870472723],[-50.295851866999897,-24.868374866999901],[-50.29836127,-24.865776162],[-50.298914333,-24.862271948999901],[-50.295561077999899,-24.855901187],[-50.295105652999901,-24.85508262],[-50.295051793999903,-24.8541184659999],[-50.295235680999895,-24.853925482999902],[-50.295576896999897,-24.853341201],[-50.296101405999899,-24.852536558999901],[-50.296338254,-24.851648079],[-50.296354272,-24.847902054],[-50.2969182699999,-24.847142622],[-50.297571809,-24.84642079],[-50.298512705999897,-24.845872201],[-50.299442552999899,-24.845411972],[-50.300382806999899,-24.8449080779999],[-50.302161058,-24.844067808],[-50.3031375629999,-24.843768720999897],[-50.303938449,-24.843218396999902],[-50.304034941999895,-24.842282601],[-50.304038506,-24.840374016999899],[-50.304144772999898,-24.8394392649999],[-50.304155239999893,-24.836629405999897],[-50.304391068,-24.835740964999896],[-50.304397497,-24.834804088999899],[-50.304172271999903,-24.833909067],[-50.303195941999896,-24.833646158],[-50.302306796,-24.834070384],[-50.301416495999895,-24.83457579],[-50.300626398999903,-24.8351262199999],[-50.299687941999899,-24.835506042],[-50.298935855,-24.836137224],[-50.297960643999893,-24.836346894],[-50.296938552,-24.836341586999897],[-50.295908804,-24.836254985],[-50.295168308999898,-24.835656485],[-50.29480412,-24.834758825999899],[-50.294529001999898,-24.833863182],[-50.294535454,-24.832927223],[-50.294491993999898,-24.831989741],[-50.294498446,-24.831053790999896],[-50.294684392,-24.83016385],[-50.295160547,-24.829313985999899],[-50.295577135999892,-24.828384019999898],[-50.295685679,-24.827359938],[-50.295962309999894,-24.826426425999898],[-50.296388518999898,-24.82557687],[-50.296624377999898,-24.824687563999898],[-50.296820085,-24.8237986769999],[-50.297114033999904,-24.821921185999901],[-50.296362821999892,-24.821321677999897],[-50.295341638999901,-24.821325499999897],[-50.294510004999893,-24.820805277],[-50.293668112,-24.820249347],[-50.293534602999898,-24.819310801],[-50.293909792,-24.818468852],[-50.294435215,-24.81766434],[-50.294990115,-24.8168519819999],[-50.29555405,-24.816092646999898],[-50.296305581999896,-24.815497096999902],[-50.297195191999897,-24.8150364379999],[-50.297986213999891,-24.814486073],[-50.298411936,-24.813600058999896],[-50.298419365,-24.812663277999899],[-50.298515853,-24.811728511999899],[-50.299079896999899,-24.810960065],[-50.299782625,-24.810283641],[-50.300534012999897,-24.8096963029999],[-50.301137543,-24.808973045999899],[-50.301801741999896,-24.808251449],[-50.302365638,-24.807492128],[-50.303205925,-24.806986159999898],[-50.303581181,-24.806136033],[-50.304145067,-24.805376715],[-50.304520329999896,-24.804525682],[-50.304527736999901,-24.803588934999897],[-50.304393218999898,-24.802650445],[-50.303795517,-24.801928833],[-50.303611428999893,-24.801034436999899],[-50.303897778999897,-24.80010205],[-50.304133702999899,-24.799204620999898],[-50.304460524,-24.798317437],[-50.304566785999903,-24.797381931999897],[-50.304563413,-24.796445990999899],[-50.304014184,-24.7946541009999],[-50.303648397999893,-24.793802190999898],[-50.303744873999896,-24.792866580999899],[-50.304130873999902,-24.792016635],[-50.304734223,-24.791302542],[-50.304830694,-24.790366941999899],[-50.30390813,-24.78874016],[-50.30349245,-24.787886741999902],[-50.302986598999894,-24.787041338999899],[-50.302853074,-24.786102924],[-50.302859494,-24.785167147],[-50.30272597,-24.784228738],[-50.30198562,-24.783629469999898],[-50.301479279,-24.782819645],[-50.301155761999894,-24.781888023999898],[-50.300971352,-24.7809490009999],[-50.300977792,-24.780012331999899],[-50.301260252999896,-24.779629073999899],[-50.299764098,-24.779108060999896],[-50.295562413,-24.777273975999897],[-50.288078598999896,-24.778057164],[-50.280305691999899,-24.781054862999898],[-50.274326680999891,-24.781192335],[-50.270387172,-24.778695288999899],[-50.264226414999904,-24.7750569039999],[-50.2615444139999,-24.771912355],[-50.256601558999897,-24.769845082],[-50.253364216,-24.769799226],[-50.250156079999897,-24.7681995139999],[-50.247924321999896,-24.767724712],[-50.246209624999899,-24.766146367],[-50.252619818,-24.755807175],[-50.253421891999899,-24.752711736],[-50.251722081,-24.750239018999899],[-50.249545936999901,-24.746657757],[-50.247577664999902,-24.745297998999899],[-50.243069616999897,-24.746787453],[-50.241761967999899,-24.750319702],[-50.241725347999896,-24.752316558],[-50.242183614999895,-24.754543073],[-50.241870181,-24.758088787],[-50.240812013,-24.761624316999896],[-50.237985797999897,-24.766466626999897],[-50.233637744999896,-24.7728413899999],[-50.225330458,-24.777827511999899],[-50.219826411,-24.779302473],[-50.212855319,-24.779202756999897],[-50.207838969,-24.781126952],[-50.202820266999893,-24.7832745229999],[-50.202763273999899,-24.786380554999898],[-50.204961124999897,-24.788853824999901],[-50.207192985999896,-24.789328987],[-50.208907599,-24.790907702],[-50.207349698,-24.794436365999896],[-50.205807608,-24.797077713999897],[-50.201815714999896,-24.797464173],[-50.200297841999898,-24.798774939999898],[-50.194783803999904,-24.800692775],[-50.192257833,-24.802653914],[-50.191716143999898,-24.805088121],[-50.192908243,-24.807990424],[-50.193129281,-24.809546754999896],[-50.193803072,-24.813552736],[-50.197225042999897,-24.8171529809999],[-50.196939443999902,-24.819147223999899],[-50.194380532,-24.822884318],[-50.189849743999893,-24.825481604999901],[-50.1868623,-24.825439113],[-50.184633436999896,-24.824740260999899],[-50.1803553559999,-24.827120771999898],[-50.179563915999893,-24.829550201],[-50.178438818999901,-24.836639211],[-50.176663509,-24.838389277],[-50.176870793,-24.8406116519999],[-50.177337147999893,-24.842393939],[-50.177578303999894,-24.842841328],[-50.177534663999893,-24.845283164],[-50.178252921,-24.846847898],[-50.179225061999894,-24.848193250999898],[-50.179196417999897,-24.849746668999899],[-50.180919725999892,-24.850881704999896],[-50.182670694,-24.850463293999898],[-50.185650944999892,-24.850950068],[-50.187091832,-24.853857005999899],[-50.187051535,-24.856076367],[-50.186786950999895,-24.856960778],[-50.19046552,-24.8601215529999],[-50.19564007,-24.863304019999898],[-50.197346673999895,-24.865326614],[-50.197046127999897,-24.868207958],[-50.195800827,-24.8681903559999],[-50.191618575999897,-24.865243966],[-50.188373563,-24.865641665999899],[-50.186192124999899,-24.862279923999896],[-50.183971399,-24.861137631],[-50.182031233,-24.858223331],[-50.179576863999898,-24.856190279],[-50.177102346999895,-24.855266446],[-50.175375775,-24.8543530389999],[-50.172921494,-24.852319963999896],[-50.169447206,-24.851604133999899],[-50.166201363999903,-24.852000647999901],[-50.163939339,-24.853077572999901],[-50.162711109,-24.85217138],[-50.163228654999898,-24.8510694399999],[-50.163742934,-24.850189172999901],[-50.162277826,-24.848613923],[-50.157493353999897,-24.851430383],[-50.155953703,-24.8538495029999],[-50.153675586999903,-24.855813923],[-50.152953188,-24.854471644999901],[-50.153479293,-24.852925484],[-50.155017995,-24.850505461999898],[-50.155042522,-24.849174607999899],[-50.150511851,-24.8517725029999],[-50.14694359,-24.856160077],[-50.144387868,-24.859674732],[-50.14061142,-24.861839749],[-50.138593596999897,-24.863142303],[-50.138096273,-24.863134993],[-50.138323598999897,-24.864248351999901],[-50.142011182,-24.866966485],[-50.143224318999899,-24.8687604409999],[-50.143938176999896,-24.870547078999898],[-50.142668277,-24.871860225],[-50.140193742999898,-24.8709360299999],[-50.138467182999896,-24.870023263999901],[-50.137197257999901,-24.871336384],[-50.134379763,-24.8755139149999],[-50.134849177,-24.87707483],[-50.13556728,-24.878638956],[-50.136776160999901,-24.880654706],[-50.138810216,-24.878464424],[-50.141039442,-24.879161944],[-50.141272020999899,-24.880054616999896],[-50.139981702999897,-24.882478057999901],[-50.137943363,-24.88489007],[-50.137653949999901,-24.887106505999899],[-50.135640197,-24.888186571999899],[-50.132847166,-24.891031471999899],[-50.131818219999893,-24.892793108],[-50.133047513999898,-24.89369959],[-50.135788013,-24.893739441],[-50.137754877999903,-24.895099813999899],[-50.140482581,-24.895806535],[-50.143218830999899,-24.896068925999899],[-50.144248691,-24.894307239999897],[-50.144285101,-24.892309231999896],[-50.143808065,-24.891191628999898],[-50.144080367,-24.889863736999899],[-50.147315890999899,-24.890133412],[-50.148817516999898,-24.8897110129999],[-50.147131444999893,-24.886578574999898],[-50.145416575999896,-24.884998891999899],[-50.144934285,-24.884104823],[-50.145461489999896,-24.882557591],[-50.145481823999894,-24.881447335],[-50.148772946999898,-24.878609733999898],[-50.149300104999895,-24.877063441],[-50.151304232999898,-24.876426678],[-50.153786393,-24.876906518999899],[-50.156008100999898,-24.878049120999897],[-50.160973444,-24.879009637],[-50.164969921,-24.878400987],[-50.1667263309999,-24.877760039999899],[-50.166510612,-24.875981592],[-50.165034900999899,-24.874849519999898],[-50.159102709,-24.872321869],[-50.159890237999896,-24.870112832999897],[-50.162912142,-24.868381309],[-50.165631166,-24.869530156999897],[-50.165856319999897,-24.870866135],[-50.16981645,-24.872255271],[-50.170805598999891,-24.872713173999898],[-50.172311308,-24.872069924],[-50.173609752999901,-24.869202189],[-50.177101207999904,-24.869031331],[-50.180321879999902,-24.869964708999898],[-50.182804997999895,-24.870445221999901],[-50.183793169999895,-24.870903978999898],[-50.184483912999902,-24.874021532],[-50.183438483,-24.8766699399999],[-50.185407412999901,-24.878030843],[-50.187889649999896,-24.878510406],[-50.189886223,-24.878317667],[-50.192409707,-24.876577637],[-50.195373387999894,-24.877952913999902],[-50.198069311,-24.880433455999899],[-50.199543239,-24.881565366999897],[-50.202533273999897,-24.8816086789999],[-50.204765923,-24.882084038999899],[-50.205722462,-24.884318080999901],[-50.205689751999898,-24.886094331],[-50.207413427999896,-24.887228472999901],[-50.209406828999896,-24.887257298999899],[-50.211137954,-24.887948030999897],[-50.212118819999894,-24.88885012],[-50.214295636,-24.8924337199999],[-50.216035204,-24.892681049],[-50.219277295,-24.892504711999898],[-50.220764954999893,-24.892970589],[-50.221977775,-24.894764403999897],[-50.221953586,-24.896095509999899],[-50.2187198559999,-24.895827572],[-50.214179617999896,-24.898871223],[-50.21191415,-24.900171339999901],[-50.210687789,-24.899042532999896],[-50.207208556999895,-24.898549613999901],[-50.204432059999895,-24.900507569999899],[-50.202174961,-24.901363305999901],[-50.198920125999898,-24.902203659999898],[-50.195640916999899,-24.904376956],[-50.193909710999897,-24.903687001],[-50.193693798,-24.901907471],[-50.195758360999896,-24.897940241],[-50.196554099,-24.895286572],[-50.196595287,-24.89306778],[-50.1943849419999,-24.891260315],[-50.190400041,-24.891202473],[-50.187679715999899,-24.890052822],[-50.184682103999897,-24.890453669999896],[-50.181408145,-24.892404112999898],[-50.176667699999896,-24.892779972],[-50.1749802799999,-24.889648549999897],[-50.173240772,-24.889400986999899],[-50.171717019,-24.890932866],[-50.169664869,-24.894233818],[-50.167177297,-24.893975757],[-50.166209299999892,-24.892407508],[-50.164979897,-24.891501165],[-50.161460345,-24.893226515],[-50.154453180999894,-24.894900793],[-50.152190736,-24.895977818999899],[-50.151157649,-24.897961254999899],[-50.146102160999902,-24.901883418],[-50.146065764999904,-24.903881505999898],[-50.147273866,-24.905897407999898],[-50.148499999,-24.907025593999897],[-50.148213942,-24.909019607999898],[-50.146948133,-24.910111269],[-50.14544017,-24.910755378],[-50.138869746999902,-24.915767016],[-50.134340067,-24.9181436319999],[-50.131522048,-24.922320112],[-50.131755625,-24.923212048],[-50.131685908999899,-24.926985934999898],[-50.13115758,-24.928531586999899],[-50.129125014999893,-24.9307232029999],[-50.127621163,-24.931145548999897],[-50.124676682,-24.928658824],[-50.123717351,-24.926647678999899],[-50.120544662,-24.923048213999898],[-50.1156033769999,-24.920754706],[-50.113643059,-24.918949671999897],[-50.111694676999903,-24.916477659999899],[-50.108701912999898,-24.916656089],[-50.108427444999897,-24.9179840679999],[-50.109383287999904,-24.920218745999897],[-50.112070243999895,-24.9231448429999],[-50.113773286,-24.925390142],[-50.114972655,-24.927850713999899],[-50.115678892999895,-24.930081317],[-50.115143826999898,-24.932072267999899],[-50.111864522999895,-24.934244927999899],[-50.110854773,-24.934896294999898],[-50.108820056999896,-24.9370859799999],[-50.108799560999898,-24.938196487],[-50.109102261,-24.941146674]],[[-50.227576154,-24.80311348],[-50.228712929,-24.802896974],[-50.230607321,-24.804244382],[-50.230829373999903,-24.806422804],[-50.229582596999897,-24.807881299],[-50.229393085,-24.808732763],[-50.229736062999898,-24.80904814],[-50.231650266,-24.809231813999901],[-50.232327396,-24.810406147],[-50.231692642,-24.811718186999897],[-50.229390662999897,-24.813705339999899],[-50.229183744999901,-24.815488926999898],[-50.230129936,-24.816201421],[-50.231106704999895,-24.815205644999899],[-50.234511573999896,-24.814943678999899],[-50.235268263999899,-24.816508562],[-50.236115439999899,-24.817841960999896],[-50.236796962,-24.818782837999898],[-50.239372181999897,-24.820995432],[-50.240914092,-24.822493542],[-50.24097727,-24.823815316],[-50.240427269999898,-24.825361141],[-50.237316231,-24.828658429],[-50.232535695,-24.832707516],[-50.231621843,-24.835103662999899],[-50.230453370999896,-24.837028605999901],[-50.227285556999895,-24.838615508],[-50.223694043,-24.839573926999897],[-50.221265736999896,-24.838839956],[-50.220633301999897,-24.835256559999898],[-50.219974733,-24.833071466],[-50.218597411999895,-24.832042360999896],[-50.2216380039999,-24.813361561],[-50.223279534,-24.804528117],[-50.224505532999899,-24.804235209],[-50.226160631,-24.804258756],[-50.227576154,-24.80311348]],[[-49.914083794,-25.282833018999899],[-49.920846904,-25.2797231589999],[-49.9263534,-25.274987487],[-49.938246395999897,-25.286420425],[-49.940623676,-25.283470979],[-49.945031099999902,-25.282161329999898],[-49.948101004,-25.283356296],[-49.948039282999893,-25.286570147999896],[-49.944370035999903,-25.289728011],[-49.945609444999896,-25.292272144],[-49.946604615999902,-25.294124702],[-49.947839520999892,-25.296898249],[-49.947529006,-25.299648219999899],[-49.946412918999897,-25.3039934399999],[-49.950150638,-25.310708804999898],[-49.952675462999899,-25.326819498],[-49.950835568999899,-25.328627668999896],[-49.947733277999902,-25.329039252],[-49.943355962999895,-25.328742428999899],[-49.940325558,-25.325481626999899],[-49.937921092999893,-25.316490115999898],[-49.935837536999898,-25.304290126999899],[-49.931364069,-25.295726558999899],[-49.925257749,-25.2915002199999],[-49.914083794,-25.282833018999899]]]]}},
{"type":"Feature","properties":{"fid":40,"id1":982318,"cd_fcim":"SG22","leg_carga":"Ag+Egf+Rp","cd_fito":"E","cd_leg_2":"Ag","clas_domi":"Ag","leg_uveg":null,"nm_uveg":null,"leg_uantr":"Ag","nm_uantr":"Agropecuária","leg_contat":null,"nm_contat":null,"veg_pretet":"E","nm_pretet":"Estepe","leg_sec1":"Egf","nm_sec1":"Estepe Gramíneo-Lenhosa com floresta-de-galeria","leg_sec2":"Rp","nm_sec2":"Florestamento/Reflorestamento com Pinus","leg_sup":"Área Antrópica Dominante","legenda_1":"Estepe","legenda_2":"Agropecuária","legenda":"3Ag - Agropecuária","ar_poli_km":346.7843,"leg1_id":10.0,"leg2_id":45.0},"geometry":{"type":"MultiPolygon","coordinates":[[[[-50.216275653,-24.603114949],[-50.217522902,-24.602910999999899],[-50.217862355999898,-24.6033819519999],[-50.219581296999898,-24.604648681],[-50.219898831999899,-24.606361713999899],[-50.221430496,-24.608402682999898],[-50.2221039779999,-24.6096535299999],[-50.226263478,-24.610800555],[-50.226760637,-24.612205054],[-50.227081461999902,-24.613762300999898],[-50.224714505999899,-24.619474239999899],[-50.221000735,-24.622526755],[-50.219413182,-24.62359151],[-50.215908253999899,-24.624784329],[-50.214480573999893,-24.626626820999899],[-50.213751233,-24.628479951],[-50.212832578999901,-24.631107367],[-50.212997964999893,-24.6315752699999],[-50.215975195999903,-24.630685736],[-50.219798732999898,-24.631207011999901],[-50.219956399999894,-24.632140632],[-50.219939956999895,-24.633072062999897],[-50.219208680999891,-24.634925229],[-50.216189769,-24.638144332],[-50.214594373999901,-24.639673951],[-50.211428712,-24.6413369109999],[-50.210346877999903,-24.643339758],[-50.210650174999898,-24.645829591999899],[-50.210815565999894,-24.646297524],[-50.211683884,-24.646465282999898],[-50.213602387,-24.646337242],[-50.215330309999892,-24.647138477999899],[-50.2153051169999,-24.648536613],[-50.212225904,-24.655016098],[-50.211521682999894,-24.655471250999899],[-50.207514948,-24.655413369],[-50.203647051,-24.657377453],[-50.2016944639999,-24.659368474],[-50.1990531269999,-24.660883085],[-50.198335872999898,-24.661960736],[-50.200048328,-24.663692753],[-50.199498493,-24.6657024749999],[-50.19871592,-24.668104949999901],[-50.19569861,-24.671573204],[-50.192869304999896,-24.675160563],[-50.19130123,-24.679951967999898],[-50.190807273999901,-24.683353870999902],[-50.194927562,-24.686923750999899],[-50.194637949,-24.689334491999897],[-50.1924146489999,-24.689740315999899],[-50.188218712,-24.690339002],[-50.186971203,-24.691199396999899],[-50.179129579999895,-24.702717188999898],[-50.178346694,-24.705120876999896],[-50.180009674999901,-24.708436575999897],[-50.180696793,-24.7112994609999],[-50.179167785999901,-24.714130532999896],[-50.1736761169999,-24.714168193],[-50.168806844,-24.71300819],[-50.166508579,-24.713304390999898],[-50.161593586,-24.715252295],[-50.1604350819999,-24.716633584],[-50.159172816999899,-24.71894551],[-50.157491792999899,-24.7203192109999],[-50.15520445,-24.7215282979999],[-50.150560442,-24.722936967999896],[-50.1490658049999,-24.7236135919999],[-50.148429531,-24.725080005999899],[-50.149701412999903,-24.726962124999901],[-50.152810739999893,-24.728483878],[-50.154642624999894,-24.728432568],[-50.160358328,-24.725564748999897],[-50.162946614999896,-24.722262041],[-50.166172910999897,-24.722153705],[-50.166933492999902,-24.723407268],[-50.166899225999899,-24.725271709],[-50.164421063,-24.727410446],[-50.164834458999898,-24.728581177999899],[-50.165619206,-24.728592112999898],[-50.169400193999898,-24.726706172],[-50.171938677999897,-24.726121177],[-50.174524652999899,-24.727634200999898],[-50.174498108999899,-24.729109373],[-50.172800482999897,-24.731415012],[-50.170583721999904,-24.733480579999899],[-50.169766841999895,-24.735255771],[-50.170092815,-24.737183260999899],[-50.169037918999898,-24.738903459],[-50.167035489999897,-24.740630719],[-50.164666720999897,-24.742242947999898],[-50.162296957,-24.743854244],[-50.159285724999897,-24.746884608999899],[-50.159665269999898,-24.749689331],[-50.16189336,-24.7490629989999],[-50.1661546569999,-24.744954150999899],[-50.172161630999895,-24.739662850999899],[-50.173624350999894,-24.740562467999901],[-50.173715032999894,-24.742319191],[-50.167656939,-24.750353253999901],[-50.163879374,-24.754908907999901],[-50.158260904999899,-24.75910815],[-50.154890587999894,-24.761583179999899],[-50.152981021999899,-24.7649588909999],[-50.151105819999898,-24.766468050999901],[-50.1504785979999,-24.767116702999896],[-50.150439968999898,-24.769202140999901],[-50.150167388999897,-24.770625152],[-50.149138412999903,-24.773024447999898],[-50.147497062999896,-24.775196999999899],[-50.147727788999894,-24.776077411],[-50.148831404999903,-24.776313213],[-50.150064178,-24.776221396],[-50.15016997,-24.777210571],[-50.149535885,-24.778189349999899],[-50.147531407999899,-24.780026188],[-50.145266955999901,-24.782627707999897],[-50.142275243999897,-24.784560412],[-50.139455945999899,-24.787208622],[-50.139428293,-24.788745248999899],[-50.140873277999901,-24.790523386999901],[-50.140853133999897,-24.791619553],[-50.139819754999898,-24.794238801999899],[-50.135055477,-24.798780400999899],[-50.135022593,-24.800535961],[-50.136496278,-24.800776594999899],[-50.138737539,-24.799492772999898],[-50.140739627999899,-24.797765277999897],[-50.141946485999895,-24.799100735],[-50.141881777,-24.802612797999899],[-50.139367175999901,-24.805430229999896],[-50.139071730999902,-24.808060023999897],[-50.137808537999902,-24.809798000999898],[-50.134569809999896,-24.811726755999899],[-50.133091825999898,-24.8117058979999],[-50.129946617,-24.808584741999901],[-50.124253693999897,-24.8100392929999],[-50.118003369999897,-24.814996876999896],[-50.117958604999892,-24.817411052999901],[-50.118891005999899,-24.820279429],[-50.118349644,-24.822906184],[-50.117549830999899,-24.826188303],[-50.120226288,-24.827983645],[-50.1206663849999,-24.830844863],[-50.1201292699999,-24.833251919],[-50.118089516999895,-24.836955159],[-50.1160454649999,-24.8408773519999],[-50.114519252,-24.843489753],[-50.114474436,-24.845905119999898],[-50.117663730999901,-24.846610589],[-50.121407167999898,-24.844030441],[-50.123871083,-24.844066826],[-50.123838105999901,-24.845823618999898],[-50.121297418,-24.849958547],[-50.119771203999903,-24.852571073],[-50.118037144999903,-24.85309518],[-50.116302128,-24.853617443],[-50.113584880999895,-24.854016580999897],[-50.112824508999893,-24.855103444999898],[-50.112044812,-24.857288605999901],[-50.110295342,-24.858579822],[-50.108821368999898,-24.85833809],[-50.107068579,-24.859850057],[-50.105093653,-24.860040685999898],[-50.102626301,-24.860223995999899],[-50.099682620999893,-24.859520609],[-50.099219063,-24.857977159],[-50.100520138,-24.854263218],[-50.100839656999902,-24.850314871],[-50.097953817999894,-24.846540262],[-50.097046170999896,-24.842354385],[-50.099558298,-24.839756719],[-50.099344752,-24.837996765],[-50.095682606,-24.836186520999899],[-50.094696875999901,-24.836171874999899],[-50.0882598379999,-24.837833373999899],[-50.0874714569999,-24.840456134],[-50.08621533,-24.841755377],[-50.083932631,-24.845234558999898],[-50.081687389,-24.846738962],[-50.079211604,-24.8473599],[-50.076465355,-24.849295678],[-50.073775145999896,-24.848158345999899],[-50.072359319,-24.844843414],[-50.069452524,-24.842164988],[-50.067486295,-24.841915710999899],[-50.065257183999897,-24.842541577],[-50.062334283,-24.84074149],[-50.061874302,-24.838978267999899],[-50.060450086999893,-24.836102125],[-50.05299045,-24.835771495999897],[-50.050711668999902,-24.839030520999898],[-50.049179508999892,-24.841863292],[-50.045673466,-24.844884501],[-50.043426063,-24.8463876779999],[-50.042896821999896,-24.848356005],[-50.043602394999901,-24.850123473999901],[-50.044793725,-24.852337129],[-50.0445058889999,-24.854528576999897],[-50.041248671999895,-24.857334190999897],[-50.038697934999902,-24.861907382],[-50.038623194,-24.865859091999901],[-50.039004021,-24.871793280999899],[-50.039935732999901,-24.874663446999897],[-50.041948889,-24.878866461],[-50.044370987,-24.881099337999899],[-50.046095092,-24.881124787],[-50.0483169459999,-24.880937779],[-50.049516086,-24.882712876],[-50.049706132,-24.885681055],[-50.045229832999901,-24.887810357],[-50.04146345,-24.891487518999899],[-50.039159136999899,-24.896063689999899],[-50.039376644999898,-24.897604230999896],[-50.041334629999902,-24.898293493],[-50.043067467999897,-24.89788013],[-50.044850072,-24.894831938],[-50.048091460999899,-24.892904423999898],[-50.0515613479999,-24.891857763],[-50.055503146,-24.891916882],[-50.059437331999895,-24.892414784],[-50.062131242999904,-24.89333348],[-50.066040699,-24.895147788],[-50.067970664999898,-24.897373257],[-50.068648459,-24.900678339999899],[-50.066138769999895,-24.903055590999898],[-50.063136501,-24.9054272989999],[-50.061082481,-24.9097899769999],[-50.057352765999894,-24.911490499],[-50.056814887,-24.913899145999896],[-50.059488514999892,-24.915914660999896],[-50.06436381,-24.9188433919999],[-50.0645848039999,-24.920164151999899],[-50.062074862999893,-24.922543383999898],[-50.0590561389999,-24.925792102999896],[-50.059265180999894,-24.927772612999899],[-50.064395088,-24.930264909999899],[-50.066338178999892,-24.931831911],[-50.067027955999897,-24.934477734],[-50.064263527,-24.937291893999898],[-50.061218858,-24.941859386],[-50.06163703,-24.945818856],[-50.064031819,-24.949588902],[-50.066480537999901,-24.950503637999898],[-50.067429045,-24.952494944],[-50.068506710999898,-24.950534744],[-50.069402591999896,-24.949326113],[-50.0730651659999,-24.946716105999897],[-50.076711364999895,-24.944993966],[-50.080986326999898,-24.9429477689999],[-50.082624011999897,-24.94197244],[-50.086287329,-24.939362362999898],[-50.0896766769999,-24.937968999999899],[-50.090420521999896,-24.938202303],[-50.090602721,-24.939703360999896],[-50.090243067,-24.941086931],[-50.088962947,-24.942844603],[-50.0895592319999,-24.944296321],[-50.089918729,-24.9450786579999],[-50.090661613999899,-24.945311955999902],[-50.095229921999895,-24.9409382599999],[-50.096630734999898,-24.939293495999898],[-50.099365731,-24.939667663999899],[-50.100717851999896,-24.940686486999901],[-50.100688728999899,-24.942240484],[-50.099656732999897,-24.944112786999902],[-50.099881625999899,-24.94544831],[-50.100744597999899,-24.945904938999899],[-50.102868752999903,-24.945603934],[-50.105274285999897,-24.942925233],[-50.105830301,-24.942161187],[-50.109102261,-24.941146674],[-50.108799560999898,-24.938196487],[-50.108820056999896,-24.9370859799999],[-50.110854773,-24.934896294999898],[-50.111864522999895,-24.934244927999899],[-50.115143826999898,-24.932072267999899],[-50.115678892999895,-24.930081317],[-50.114972655,-24.927850713999899],[-50.113773286,-24.925390142],[-50.112070243999895,-24.9231448429999],[-50.109383287999904,-24.920218745999897],[-50.108427444999897,-24.9179840679999],[-50.108701912999898,-24.916656089],[-50.111694676999903,-24.916477659999899],[-50.113643059,-24.918949671999897],[-50.1156033769999,-24.920754706],[-50.120544662,-24.923048213999898],[-50.123717351,-24.926647678999899],[-50.124676682,-24.928658824],[-50.127621163,-24.931145548999897],[-50.129125014999893,-24.9307232029999],[-50.13115758,-24.928531586999899],[-50.131685908999899,-24.926985934999898],[-50.131755625,-24.923212048],[-50.131522048,-24.922320112],[-50.134340067,-24.9181436319999],[-50.138869746999902,-24.915767016],[-50.14544017,-24.910755378],[-50.146948133,-24.910111269],[-50.148213942,-24.909019607999898],[-50.148499999,-24.907025593999897],[-50.147273866,-24.905897407999898],[-50.146065764999904,-24.903881505999898],[-50.146102160999902,-24.901883418],[-50.151157649,-24.897961254999899],[-50.152190736,-24.895977818999899],[-50.154453180999894,-24.894900793],[-50.161460345,-24.893226515],[-50.164979897,-24.891501165],[-50.166209299999892,-24.892407508],[-50.167177297,-24.893975757],[-50.169664869,-24.894233818],[-50.171717019,-24.890932866],[-50.173240772,-24.889400986999899],[-50.1749802799999,-24.889648549999897],[-50.176667699999896,-24.892779972],[-50.181408145,-24.892404112999898],[-50.184682103999897,-24.890453669999896],[-50.187679715999899,-24.890052822],[-50.190400041,-24.891202473],[-50.1943849419999,-24.891260315],[-50.196595287,-24.89306778],[-50.196554099,-24.895286572],[-50.195758360999896,-24.897940241],[-50.193693798,-24.901907471],[-50.193909710999897,-24.903687001],[-50.195640916999899,-24.904376956],[-50.198920125999898,-24.902203659999898],[-50.202174961,-24.901363305999901],[-50.204432059999895,-24.900507569999899],[-50.207208556999895,-24.898549613999901],[-50.210687789,-24.899042532999896],[-50.21191415,-24.900171339999901],[-50.214179617999896,-24.898871223],[-50.2187198559999,-24.895827572],[-50.221953586,-24.896095509999899],[-50.221977775,-24.894764403999897],[-50.220764954999893,-24.892970589],[-50.219277295,-24.892504711999898],[-50.216035204,-24.892681049],[-50.214295636,-24.8924337199999],[-50.212118819999894,-24.88885012],[-50.211137954,-24.887948030999897],[-50.209406828999896,-24.887257298999899],[-50.207413427999896,-24.887228472999901],[-50.205689751999898,-24.886094331],[-50.205722462,-24.884318080999901],[-50.204765923,-24.882084038999899],[-50.202533273999897,-24.8816086789999],[-50.199543239,-24.881565366999897],[-50.198069311,-24.880433455999899],[-50.195373387999894,-24.877952913999902],[-50.192409707,-24.876577637],[-50.189886223,-24.878317667],[-50.187889649999896,-24.878510406],[-50.185407412999901,-24.878030843],[-50.183438483,-24.8766699399999],[-50.184483912999902,-24.874021532],[-50.183793169999895,-24.870903978999898],[-50.182804997999895,-24.870445221999901],[-50.180321879999902,-24.869964708999898],[-50.177101207999904,-24.869031331],[-50.173609752999901,-24.869202189],[-50.172311308,-24.872069924],[-50.170805598999891,-24.872713173999898],[-50.16981645,-24.872255271],[-50.165856319999897,-24.870866135],[-50.165631166,-24.869530156999897],[-50.162912142,-24.868381309],[-50.159890237999896,-24.870112832999897],[-50.159102709,-24.872321869],[-50.165034900999899,-24.874849519999898],[-50.166510612,-24.875981592],[-50.1667263309999,-24.877760039999899],[-50.164969921,-24.878400987],[-50.160973444,-24.879009637],[-50.156008100999898,-24.878049120999897],[-50.153786393,-24.876906518999899],[-50.151304232999898,-24.876426678],[-50.149300104999895,-24.877063441],[-50.148772946999898,-24.878609733999898],[-50.145481823999894,-24.881447335],[-50.145461489999896,-24.882557591],[-50.144934285,-24.884104823],[-50.145416575999896,-24.884998891999899],[-50.147131444999893,-24.886578574999898],[-50.148817516999898,-24.8897110129999],[-50.147315890999899,-24.890133412],[-50.144080367,-24.889863736999899],[-50.143808065,-24.891191628999898],[-50.144285101,-24.892309231999896],[-50.144248691,-24.894307239999897],[-50.143218830999899,-24.896068925999899],[-50.140482581,-24.895806535],[-50.137754877999903,-24.895099813999899],[-50.135788013,-24.893739441],[-50.133047513999898,-24.89369959],[-50.131818219999893,-24.892793108],[-50.132847166,-24.891031471999899],[-50.135640197,-24.888186571999899],[-50.137653949999901,-24.887106505999899],[-50.137943363,-24.88489007],[-50.139981702999897,-24.882478057999901],[-50.141272020999899,-24.880054616999896],[-50.141039442,-24.879161944],[-50.138810216,-24.878464424],[-50.136776160999901,-24.880654706],[-50.13556728,-24.878638956],[-50.134849177,-24.87707483],[-50.134379763,-24.8755139149999],[-50.137197257999901,-24.871336384],[-50.138467182999896,-24.870023263999901],[-50.140193742999898,-24.8709360299999],[-50.142668277,-24.871860225],[-50.143938176999896,-24.870547078999898],[-50.143224318999899,-24.8687604409999],[-50.142011182,-24.866966485],[-50.138323598999897,-24.864248351999901],[-50.138096273,-24.863134993],[-50.138593596999897,-24.863142303],[-50.14061142,-24.861839749],[-50.144387868,-24.859674732],[-50.14694359,-24.856160077],[-50.150511851,-24.8517725029999],[-50.155042522,-24.849174607999899],[-50.155017995,-24.850505461999898],[-50.153479293,-24.852925484],[-50.152953188,-24.854471644999901],[-50.153675586999903,-24.855813923],[-50.155953703,-24.8538495029999],[-50.157493353999897,-24.851430383],[-50.162277826,-24.848613923],[-50.163742934,-24.850189172999901],[-50.163228654999898,-24.8510694399999],[-50.162711109,-24.85217138],[-50.163939339,-24.853077572999901],[-50.166201363999903,-24.852000647999901],[-50.169447206,-24.851604133999899],[-50.172921494,-24.852319963999896],[-50.175375775,-24.8543530389999],[-50.177102346999895,-24.855266446],[-50.179576863999898,-24.856190279],[-50.182031233,-24.858223331],[-50.183971399,-24.861137631],[-50.186192124999899,-24.862279923999896],[-50.188373563,-24.865641665999899],[-50.191618575999897,-24.865243966],[-50.195800827,-24.8681903559999],[-50.197046127999897,-24.868207958],[-50.197346673999895,-24.865326614],[-50.19564007,-24.863304019999898],[-50.19046552,-24.8601215529999],[-50.186786950999895,-24.856960778],[-50.187051535,-24.856076367],[-50.187091832,-24.853857005999899],[-50.185650944999892,-24.850950068],[-50.182670694,-24.850463293999898],[-50.180919725999892,-24.850881704999896],[-50.179196417999897,-24.849746668999899],[-50.179225061999894,-24.848193250999898],[-50.178252921,-24.846847898],[-50.177534663999893,-24.845283164],[-50.177578303999894,-24.842841328],[-50.177337147999893,-24.842393939],[-50.176870793,-24.8406116519999],[-50.176663509,-24.838389277],[-50.178438818999901,-24.836639211],[-50.179563915999893,-24.829550201],[-50.1803553559999,-24.827120771999898],[-50.184633436999896,-24.824740260999899],[-50.1868623,-24.825439113],[-50.189849743999893,-24.825481604999901],[-50.194380532,-24.822884318],[-50.196939443999902,-24.819147223999899],[-50.197225042999897,-24.8171529809999],[-50.193803072,-24.813552736],[-50.193129281,-24.809546754999896],[-50.192908243,-24.807990424],[-50.191716143999898,-24.805088121],[-50.192257833,-24.802653914],[-50.194783803999904,-24.800692775],[-50.200297841999898,-24.798774939999898],[-50.201815714999896,-24.797464173],[-50.205807608,-24.797077713999897],[-50.207349698,-24.794436365999896],[-50.208907599,-24.790907702],[-50.207192985999896,-24.789328987],[-50.204961124999897,-24.788853824999901],[-50.202763273999899,-24.786380554999898],[-50.202820266999893,-24.7832745229999],[-50.207838969,-24.781126952],[-50.212855319,-24.779202756999897],[-50.219826411,-24.779302473],[-50.225330458,-24.777827511999899],[-50.233637744999896,-24.7728413899999],[-50.237985797999897,-24.766466626999897],[-50.240812013,-24.761624316999896],[-50.241870181,-24.758088787],[-50.242183614999895,-24.754543073],[-50.241725347999896,-24.752316558],[-50.241761967999899,-24.750319702],[-50.243069616999897,-24.746787453],[-50.247577664999902,-24.745297998999899],[-50.249545936999901,-24.746657757],[-50.251722081,-24.750239018999899],[-50.253421891999899,-24.752711736],[-50.254223946,-24.749616332999899],[-50.254764935999894,-24.747182558],[-50.25777966,-24.74567158],[-50.259515109999903,-24.746140085],[-50.261754037999893,-24.746171619999899],[-50.2635124829999,-24.745309787999901],[-50.264037726,-24.743763206],[-50.2638214669999,-24.741984880999897],[-50.264611868,-24.73955518],[-50.264887563999892,-24.738005526999899],[-50.269470340999895,-24.732300773],[-50.275803880999895,-24.726177347],[-50.27982066,-24.72423643],[-50.280622416999904,-24.721134016999898],[-50.2863753829999,-24.719661387],[-50.291135363999899,-24.717953887999897],[-50.29438665,-24.717111329],[-50.296937987,-24.713596501],[-50.298111499999898,-24.710623687999899],[-50.298983036,-24.7074821379999],[-50.29970601,-24.704877693],[-50.302233380999901,-24.702693977],[-50.309288194,-24.697911636],[-50.312795907999899,-24.696628958],[-50.316380953999897,-24.690910378999899],[-50.31694807,-24.686924634],[-50.316987237,-24.684706772],[-50.314127213999896,-24.67756636],[-50.311684888999899,-24.674870444],[-50.309726041,-24.673068498999896],[-50.304266131,-24.6721042],[-50.299290629,-24.672033793],[-50.296770803999898,-24.673774205],[-50.292781911999896,-24.674161694],[-50.291825398999897,-24.6719298259999],[-50.292362714,-24.669719162],[-50.297938588999898,-24.664027820999898],[-50.305465607,-24.660585019999896],[-50.310551331999896,-24.654442736999901],[-50.307138176,-24.650402271],[-50.302201397,-24.648114368999899],[-50.300219035999902,-24.647643246],[-50.297249156999904,-24.646714142999901],[-50.296308243999896,-24.643595718],[-50.296853723999895,-24.640941443],[-50.299932239,-24.635660212999898],[-50.2999715549999,-24.633441896],[-50.303043622,-24.6286046459999],[-50.317146040999901,-24.6190408249999],[-50.327189604999894,-24.613857906],[-50.334201583,-24.611292949],[-50.338251042,-24.607356405999898],[-50.338320821,-24.603364067],[-50.337349763999896,-24.6020196549999],[-50.332390988,-24.601064058999896],[-50.3148454809999,-24.608361601],[-50.302251618999897,-24.617058391999901],[-50.294702975999904,-24.621831991999901],[-50.289680748,-24.624424385999898],[-50.283156582999901,-24.627438416999897],[-50.283219904999896,-24.623889606],[-50.286261021,-24.620827082999899],[-50.290318645999896,-24.616447216],[-50.290390127999892,-24.6124556689999],[-50.287925808999894,-24.6110898549999],[-50.286962283,-24.60930143],[-50.284009441999899,-24.607485661999899],[-50.28103179,-24.6070003399999],[-50.274579695999897,-24.606021622],[-50.270600100999893,-24.605965833],[-50.264654187999902,-24.604551123999897],[-50.261723585,-24.601403789],[-50.26628106,-24.597032629999898],[-50.267827709999899,-24.593949299],[-50.267875602999894,-24.59128759],[-50.265466842999899,-24.586817185],[-50.26350165,-24.585458425],[-50.261903315,-24.58218755],[-50.260793094999897,-24.581099188999897],[-50.257773051,-24.58651996],[-50.255667821,-24.587422444],[-50.251139881,-24.587358647],[-50.245540246,-24.588831705999898],[-50.243737552999896,-24.592221547999898],[-50.240204903999896,-24.594966336],[-50.239144033999899,-24.5958836359999],[-50.237037697999902,-24.596785098999902],[-50.228357592999899,-24.595137651999899],[-50.22796677,-24.5954444559999],[-50.226200733,-24.596283581999899],[-50.2251707819999,-24.596277926],[-50.224142902,-24.596129193],[-50.22310078,-24.596220901],[-50.222636986999895,-24.596972483999899],[-50.222369999,-24.597913391],[-50.222154512999893,-24.59881029],[-50.221639087999897,-24.5996140929999],[-50.220604009999896,-24.599893644999899],[-50.219665,-24.600361252],[-50.218679795999897,-24.600641426],[-50.217440525,-24.601105247],[-50.216403372999899,-24.601526948999901],[-50.216245897,-24.602469249],[-50.216275653,-24.603114949]],[[-50.214213699,-24.714259914],[-50.216489156999899,-24.712295234999896],[-50.217646874,-24.710204314999899],[-50.218815575999898,-24.707557312999899],[-50.22233642,-24.705611973],[-50.227585228999899,-24.704354883999898],[-50.232657231999895,-24.69921291],[-50.2423835439999,-24.6912534269999],[-50.24550622,-24.690632356],[-50.248238477999898,-24.690892635999898],[-50.249808576999897,-24.693577443],[-50.247776273999897,-24.695878073],[-50.243253349,-24.698255149],[-50.236644713,-24.705870094],[-50.231509590999899,-24.714562325],[-50.228696279999902,-24.718738102],[-50.227279121,-24.721380315],[-50.219609394,-24.7463470329999],[-50.216791379,-24.7438646529999],[-50.213612995999895,-24.740658175],[-50.2099206339999,-24.738275106999897],[-50.205849709999903,-24.736219185],[-50.202040028999896,-24.733500802],[-50.199994809,-24.729588211],[-50.199188438999897,-24.726026029],[-50.198995962,-24.722916684],[-50.198644863999895,-24.721692099999899],[-50.195291669,-24.7213103939999],[-50.192171742,-24.721709465999901],[-50.191058228,-24.721360669],[-50.190460275999897,-24.7200207879999],[-50.190763341,-24.717029049],[-50.194037631,-24.714968672999898],[-50.19677008,-24.715230360999897],[-50.199622938999894,-24.715825473999899],[-50.201227656999897,-24.716514197],[-50.206101735999894,-24.715475183],[-50.210577777,-24.715761509999901],[-50.214213699,-24.714259914]]]]}},
{"type":"Feature","properties":{"fid":41,"id1":982525,"cd_fcim":"SG22","leg_carga":"Ag+Egs","cd_fito":"E","cd_leg_2":"Ag","clas_domi":"Ag","leg_uveg":null,"nm_uveg":null,"leg_uantr":"Ag","nm_uantr":"Agropecuária","leg_contat":null,"nm_contat":null,"veg_pretet":"E","nm_pretet":"Estepe","leg_sec1":"Egs","nm_sec1":"Estepe Gramíneo-Lenhosa sem floresta-de-galeria","leg_sec2":null,"nm_sec2":null,"leg_sup":"Área Antrópica Dominante","legenda_1":"Estepe","legenda_2":"Agropecuária","legenda":"3Ag - Agropecuária","ar_poli_km":3.5426,"leg1_id":10.0,"leg2_id":45.0},"geometry":{"type":"MultiPolygon","coordinates":[[[[-49.7961101,-25.30522],[-49.7960598,-25.3052916],[-49.796007099999898,-25.3052645],[-49.7944812,-25.3075332999999],[-49.794420652940538,-25.30761928783539],[-49.79743488,-25.308749340999899],[-49.801392760999903,-25.308018569],[-49.801791752,-25.307119154999899],[-49.802473475999896,-25.304864388999899],[-49.797450284094289,-25.303316699474063],[-49.7961101,-25.30522]]]]}},
{"type":"Feature","properties":{"fid":48,"id1":982368,"cd_fcim":"SG22","leg_carga":"Ai.E","cd_fito":"E","cd_leg_2":"Ai","clas_domi":"Ai","leg_uveg":null,"nm_uveg":null,"leg_uantr":"Ai","nm_uantr":"Indiscriminada","leg_contat":null,"nm_contat":null,"veg_pretet":"E","nm_pretet":"Estepe","leg_sec1":null,"nm_sec1":null,"leg_sec2":null,"nm_sec2":null,"leg_sup":"Área Antrópica Dominante","legenda_1":"Estepe","legenda_2":"Indiscriminada","legenda":"3Ai - Indiscriminada","ar_poli_km":10.5921,"leg1_id":10.0,"leg2_id":47.0},"geometry":{"type":"MultiPolygon","coordinates":[[[[-50.086860949,-25.169297491999899],[-50.085267281,-25.171100248],[-50.084837362999899,-25.175182112],[-50.084927539,-25.178643167],[-50.083312459999902,-25.180952771],[-50.082517958,-25.181565502999899],[-50.0781733439999,-25.184921233999898],[-50.077777161,-25.1874039419999],[-50.077019704999898,-25.190504164999897],[-50.073149935999901,-25.192002246],[-50.071039563999896,-25.192749432],[-50.070830104,-25.194612434],[-50.071317359,-25.199428515999898],[-50.073804396,-25.199910599],[-50.077541661999895,-25.2001888],[-50.080294025999898,-25.199784344999898],[-50.084335423999896,-25.197178215999898],[-50.084638576,-25.194293075999898],[-50.083732767,-25.189390346],[-50.082044556999897,-25.186253642999898],[-50.082855266999893,-25.182932143999896],[-50.084596648999899,-25.183180531999898],[-50.088014336999905,-25.187230541],[-50.089989423999896,-25.188371855],[-50.094188644,-25.190656787],[-50.096204922,-25.189574733],[-50.097477585,-25.188260070999899],[-50.100515528999892,-25.185860083],[-50.104012268999895,-25.185688951],[-50.106751526,-25.185951991],[-50.108493930999899,-25.1862002569999],[-50.111990669999898,-25.186029033],[-50.116971274,-25.186547587999897],[-50.122206149999897,-25.186846414999899],[-50.123460550999894,-25.186420407999897],[-50.124250299,-25.1842095219999],[-50.124802932999899,-25.181328639],[-50.124839516999891,-25.1793291719999],[-50.120889178999896,-25.177047994999899],[-50.118669345999898,-25.175682681],[-50.117202679999899,-25.174105093],[-50.116241536999894,-25.172090952],[-50.116012063,-25.170977047999902],[-50.116032546,-25.169865469999898],[-50.115571278999894,-25.167859656999902],[-50.114590677,-25.1669562239999],[-50.112852698,-25.166485156],[-50.111871117,-25.165582619],[-50.109900385999893,-25.164220529],[-50.107177565,-25.163068850999899],[-50.103477546,-25.160791754999899],[-50.099930344,-25.160819686],[-50.094475438999893,-25.163072867],[-50.088454581999898,-25.167495657],[-50.086860949,-25.169297491999899]]]]}},
{"type":"Feature","properties":{"fid":49,"id1":982703,"cd_fcim":"SG22","leg_carga":"Iu.E","cd_fito":"E","cd_leg_2":"Iu","clas_domi":"Iu","leg_uveg":null,"nm_uveg":null,"leg_uantr":"Iu","nm_uantr":"Influência urbana","leg_contat":null,"nm_contat":null,"veg_pretet":"E","nm_pretet":"Estepe","leg_sec1":null,"nm_sec1":null,"leg_sec2":null,"nm_sec2":null,"leg_sup":"Área Antrópica Dominante","legenda_1":"Estepe","legenda_2":"Influência urbana","legenda":"3Iu - Influência urbana","ar_poli_km":5.2454,"leg1_id":10.0,"leg2_id":48.0},"geometry":{"type":"MultiPolygon","coordinates":[[[[-50.109102261,-24.941146674],[-50.105830301,-24.942161187],[-50.105274285999897,-24.942925233],[-50.106544341,-24.944588284],[-50.106536165,-24.945070105],[-50.105630349999899,-24.9470873879999],[-50.104532772,-24.947843508999899],[-50.102042356,-24.947614028],[-50.100946198,-24.948274317],[-50.100937018999893,-24.948757045],[-50.102217712,-24.949839776],[-50.102964613,-24.950526741],[-50.104019728999901,-24.952088484999901],[-50.106073915,-24.952409049],[-50.106969569999897,-24.950876266],[-50.109137768,-24.950908026],[-50.109667277,-24.951592159],[-50.108005913999897,-24.953500219],[-50.107885616,-24.954078271],[-50.109062502,-24.9549661409999],[-50.1103182089999,-24.957399462999899],[-50.111158385999893,-24.9588625969999],[-50.110049187999898,-24.960198249],[-50.106857689,-24.962762016999896],[-50.106080340999895,-24.963716774],[-50.105743136999898,-24.964387880999897],[-50.103024063999896,-24.964830911],[-50.102485835,-24.964532736],[-50.100659595,-24.963636371999897],[-50.099449331999899,-24.964585491],[-50.101475606999898,-24.966451140999901],[-50.102554450999897,-24.966757252],[-50.104929060999901,-24.967275521],[-50.106783842,-24.966722676],[-50.108321642999897,-24.965682832],[-50.110488985999893,-24.965714571],[-50.111891553,-24.966121601999898],[-50.111976639,-24.967378746999898],[-50.113167098999895,-24.967492747999898],[-50.113941997,-24.966635598],[-50.113863663999894,-24.9649905969999],[-50.113800759999897,-24.962573571999901],[-50.113724837999897,-24.960832786],[-50.114284743,-24.959874292999899],[-50.114417516999893,-24.958524164],[-50.114441145999898,-24.957267558999899],[-50.115441628,-24.9559286739999],[-50.1168624519999,-24.9553701789999],[-50.121974235,-24.954478754],[-50.123058349999901,-24.954494581999899],[-50.126044264999898,-24.9572440869999],[-50.128985901,-24.956515295],[-50.131189704999898,-24.954613176999899],[-50.132623914999897,-24.953281664],[-50.133828721,-24.952622646999899],[-50.135239377999902,-24.952547707999898],[-50.137534992,-24.951517532],[-50.138420895,-24.950564138999901],[-50.138777663,-24.948829926],[-50.139556292999899,-24.947777496],[-50.140658592999898,-24.946827805999899],[-50.140242014,-24.945854942],[-50.138400407999896,-24.945731769],[-50.135008792999898,-24.947421425999899],[-50.133595735999897,-24.947593995],[-50.133177746999898,-24.94671785],[-50.133521119999898,-24.945756588999899],[-50.132556301999898,-24.945162744999902],[-50.132033452,-24.944092666999897],[-50.133248772999892,-24.942854227999902],[-50.13510332,-24.942301264],[-50.136217608,-24.940674525],[-50.136355539,-24.939034316999898],[-50.134428356999898,-24.937749960999898],[-50.133895955999897,-24.937258454999899],[-50.134245052,-24.935910317],[-50.137092127999892,-24.934406323999898],[-50.137974597,-24.933548788999897],[-50.137732775,-24.933277344],[-50.137230781,-24.932716881],[-50.136362004,-24.932848991999901],[-50.134279135,-24.9340743979999],[-50.131859131999896,-24.935971766],[-50.131409466,-24.9368357829999],[-50.128545511,-24.939208425999897],[-50.128647473999898,-24.939597647],[-50.128727340999895,-24.941144828999899],[-50.12861049,-24.941626154999899],[-50.127078189,-24.9423767329999],[-50.1261999809999,-24.942943161],[-50.126077818999896,-24.943715583],[-50.125960975999902,-24.944196],[-50.124655639999894,-24.944370826999901],[-50.123686989999896,-24.943970407999899],[-50.121627551999893,-24.943940155999897],[-50.119577272999898,-24.9434262609999],[-50.117615953,-24.943976839],[-50.115507829999899,-24.946556357999899],[-50.113426194999896,-24.9476849549999],[-50.110926162999903,-24.948034107999899],[-50.110072965,-24.94724904],[-50.110315452999899,-24.945899492],[-50.110478638999901,-24.942905998],[-50.109102261,-24.941146674]]]]}},
{"type":"Feature","properties":{"fid":50,"id1":982701,"cd_fcim":"SG22","leg_carga":"Iu.E","cd_fito":"E","cd_leg_2":"Iu","clas_domi":"Iu","leg_uveg":null,"nm_uveg":null,"leg_uantr":"Iu","nm_uantr":"Influência urbana","leg_contat":null,"nm_contat":null,"veg_pretet":"E","nm_pretet":"Estepe","leg_sec1":null,"nm_sec1":null,"leg_sec2":null,"nm_sec2":null,"leg_sup":"Área Antrópica Dominante","legenda_1":"Estepe","legenda_2":"Influência urbana","legenda":"3Iu - Influência urbana","ar_poli_km":98.0745,"leg1_id":10.0,"leg2_id":48.0},"geometry":{"type":"MultiPolygon","coordinates":[[[[-50.237796019999898,-25.043037943999899],[-50.236510753999895,-25.045187724999899],[-50.235022197,-25.048113863],[-50.2336831799999,-25.049707822],[-50.232747753999895,-25.0497499589999],[-50.2299749539999,-25.047764712999896],[-50.226389877,-25.0441548649999],[-50.223775429999897,-25.043894624],[-50.2220260839999,-25.0439812719999],[-50.221748803999901,-25.0455346379999],[-50.2215565179999,-25.049201137999901],[-50.220533346,-25.050631918],[-50.218890302,-25.051831175999901],[-50.218227746999901,-25.053934927999897],[-50.217054875999899,-25.056697957],[-50.216414936,-25.057579307],[-50.2130340369999,-25.058197804],[-50.213876871999901,-25.059877701999902],[-50.2125927599999,-25.061861351999902],[-50.211698122,-25.063071895999897],[-50.210447343999896,-25.063164777999901],[-50.2095912509999,-25.062262706999899],[-50.208111699,-25.061241353],[-50.206761801,-25.0599979089999],[-50.205021754,-25.059639870999899],[-50.203146902999897,-25.059723918],[-50.201255508,-25.060808578],[-50.198342365,-25.063213536],[-50.198434978999899,-25.064993595],[-50.198657269,-25.07333762],[-50.197505842999902,-25.07487917],[-50.194966797999903,-25.077288976],[-50.192975832999899,-25.076926749999899],[-50.191990116999897,-25.076244846999899],[-50.189987449999897,-25.076550026999897],[-50.188375988999901,-25.075970672],[-50.188148928,-25.074744062],[-50.186218558999897,-25.071045662999897],[-50.185764466,-25.068592496999898],[-50.190253237,-25.061985035],[-50.194460533,-25.057257961999898],[-50.197788165999896,-25.052634839999897],[-50.196361048,-25.04883273],[-50.195121373999903,-25.048370501],[-50.190303265999901,-25.05252716],[-50.188009966,-25.05516261],[-50.186709734,-25.058035327],[-50.184410149,-25.0608935449999],[-50.181674411,-25.060408566],[-50.181485186,-25.057070363],[-50.180560211999897,-25.053052598999898],[-50.177836279999902,-25.051902068999897],[-50.175417688,-25.047640723],[-50.174444848999904,-25.046292431],[-50.172227187,-25.044703645],[-50.170006293999904,-25.043336698],[-50.168263791999898,-25.043089837],[-50.165764355999897,-25.043275243],[-50.161489375,-25.044992046999901],[-50.162193987999892,-25.047449128],[-50.16389169,-25.050142643],[-50.164354046999897,-25.052151062999897],[-50.160599835,-25.052763273],[-50.155146960999893,-25.050682746999897],[-50.152638907,-25.0513135519999],[-50.152614322,-25.0526473369999],[-50.1520579459999,-25.0557531339999],[-50.153015608,-25.057991692],[-50.157736149,-25.059172604],[-50.159449922999897,-25.060977045999898],[-50.15966768,-25.062758704],[-50.156652321,-25.063826891999899],[-50.1551552809999,-25.063804982],[-50.151673324999898,-25.063088261],[-50.150475323999899,-25.060401854],[-50.149244215999893,-25.0594938949999],[-50.145039466999897,-25.057430048999901],[-50.144555891,-25.056534419999899],[-50.145112372,-25.053427713999898],[-50.144719777,-25.047639779999901],[-50.141263713999898,-25.045587419],[-50.138522942999892,-25.045325723999898],[-50.136482294999901,-25.047742066999898],[-50.131541212999899,-25.045001162999899],[-50.130842146999903,-25.042322215999899],[-50.131385918,-25.039883025999899],[-50.129144849999896,-25.0396276879999],[-50.127348696999896,-25.042270777999899],[-50.128056304,-25.044504241],[-50.130002465,-25.047202038],[-50.130718653,-25.048991869],[-50.130170582999902,-25.051652988999898],[-50.132129661,-25.053683505],[-50.133363985,-25.054368745],[-50.134816863999902,-25.0568365399999],[-50.133764890999899,-25.059712250999898],[-50.132721454,-25.062143383],[-50.132667792999897,-25.065033839999899],[-50.131642403999898,-25.066576712],[-50.130123943999898,-25.067666678],[-50.126368447999901,-25.068278488],[-50.124855226999898,-25.069145680999899],[-50.123365752,-25.068678978],[-50.120191770999895,-25.064850937],[-50.118454448999898,-25.064381013999899],[-50.117214837999896,-25.063918433],[-50.117988126999897,-25.062595184],[-50.120781856999898,-25.059967558],[-50.120556784999899,-25.058629593],[-50.11832416,-25.057928640999901],[-50.115836421,-25.057448098999899],[-50.110060561999894,-25.059364015],[-50.106517230999899,-25.061980902],[-50.105989403,-25.063531033999897],[-50.106688270999896,-25.066210274],[-50.107420583999897,-25.067110139999901],[-50.108224860999897,-25.067456626],[-50.1096971099999,-25.068812641],[-50.110429427,-25.0697134229999],[-50.11118061,-25.069612655],[-50.112183966,-25.069293245],[-50.112542015,-25.0701891749999],[-50.112523186,-25.071188901],[-50.113252196999895,-25.072312466],[-50.114857522,-25.073225464999897],[-50.117955653999893,-25.074383334999897],[-50.121800715999903,-25.075663156],[-50.125014098999898,-25.077378613999901],[-50.124733583,-25.079042571999899],[-50.123729225,-25.079362026999899],[-50.120859412,-25.079319477],[-50.1202234,-25.079977014999901],[-50.119351069999894,-25.079853409999899],[-50.117593181,-25.080494611999899],[-50.116975004,-25.080151454],[-50.115359370999897,-25.079795389],[-50.114966258,-25.080790309999902],[-50.114822999999895,-25.0817884699999],[-50.112938673999899,-25.082428927],[-50.111327349,-25.081849145],[-50.110226682,-25.080608384],[-50.108901948,-25.0780313839999],[-50.108929400999898,-25.076586081],[-50.109837462,-25.074708372],[-50.110250103999903,-25.0726023409999],[-50.109400279999903,-25.071366700999899],[-50.106921057999898,-25.070439608],[-50.10554411,-25.070641832],[-50.103184331999898,-25.070051409],[-50.10021936,-25.068450404],[-50.097640633999902,-25.066187765999899],[-50.095791543999901,-25.064938213999898],[-50.094294503999897,-25.064916002],[-50.093144193999898,-25.066343882],[-50.0950430299999,-25.071599448],[-50.0997755,-25.072113928],[-50.105128776,-25.072860131],[-50.105754555,-25.072757748999898],[-50.107249978,-25.072891298999899],[-50.107603722,-25.074009105999899],[-50.107456132,-25.075230006],[-50.1070629969999,-25.0762248989999],[-50.106038111,-25.077655435999901],[-50.10527167,-25.078644580999899],[-50.105248477,-25.079868944999898],[-50.10460978,-25.080637833],[-50.103478336,-25.081065163999899],[-50.100579328,-25.082580057],[-50.100432681,-25.083801008999899],[-50.101789836999899,-25.084599479],[-50.103286306,-25.084733066999899],[-50.105289822,-25.084317046],[-50.107655006999899,-25.0846856319999],[-50.108378763,-25.086031128999899],[-50.107370064999898,-25.086572407999899],[-50.105754431,-25.086214454999897],[-50.103633121,-25.086183275999897],[-50.101243063,-25.087149541],[-50.099623122,-25.087014337],[-50.098862583,-25.087671147],[-50.099351032999898,-25.088234595],[-50.098092472,-25.088770774999901],[-50.096206386999896,-25.089522545999898],[-50.094723813999892,-25.088721489999898],[-50.094267213,-25.086490802999897],[-50.093780447,-25.08581595],[-50.093037849,-25.085471115999898],[-50.091535391,-25.085671657],[-50.090535287999899,-25.085768226],[-50.089805645999895,-25.084755952],[-50.089703479,-25.083530842999899],[-50.088719666,-25.082738101],[-50.088096506999904,-25.0827290679999],[-50.086717807999904,-25.0830426119999],[-50.085951956999892,-25.083921232999899],[-50.086557156,-25.0849309779999],[-50.087414857999896,-25.085833511],[-50.088008782,-25.087399299],[-50.086985419,-25.088718438999901],[-50.086230841,-25.089041037999898],[-50.085355179,-25.089138299999899],[-50.084966236999897,-25.089912261999899],[-50.084831497,-25.0904657839999],[-50.084067277,-25.091233942],[-50.084429612999898,-25.0919053719999],[-50.085289003999897,-25.092696536999899],[-50.086469860999898,-25.096164228],[-50.090026693,-25.099552409999898],[-50.090486885,-25.101673674],[-50.091093826,-25.102571165],[-50.093045337,-25.105047064999898],[-50.093754476,-25.107170697999901],[-50.093729571,-25.1085057],[-50.093923683999897,-25.111511366999899],[-50.094123774999893,-25.114183766999901],[-50.094711831,-25.116083035],[-50.094783159999899,-25.118976678],[-50.094514366999896,-25.1199733549999],[-50.0959971179999,-25.120774516],[-50.097359748999899,-25.121350325],[-50.099715665,-25.122163735999901],[-50.100186267999902,-25.123728134],[-50.10128973,-25.124856838],[-50.101516427,-25.126083768999898],[-50.101123191999903,-25.127078863999898],[-50.103186509999901,-25.130225036],[-50.103037888,-25.131446207],[-50.102895535999899,-25.132444583999899],[-50.104480638,-25.134471101],[-50.106602342,-25.134502282],[-50.110009305999895,-25.132549642],[-50.110759677,-25.132449751],[-50.112856555999898,-25.133816031],[-50.114698593999897,-25.135511504999897],[-50.115671457,-25.136860492],[-50.118304887999898,-25.136231381],[-50.11895392,-25.134906121],[-50.116646402999898,-25.131424346],[-50.116036692999899,-25.130636377],[-50.114395973999898,-25.131613538],[-50.112395444,-25.131805949999901],[-50.111042002,-25.130674015999897],[-50.110563692999897,-25.1295552499999],[-50.1107010529999,-25.128889306999898],[-50.110956907999892,-25.128559217],[-50.112849168999894,-25.127474821],[-50.112992461,-25.126476473],[-50.112750486,-25.126139026],[-50.110742070999898,-25.126665633999899],[-50.110117143,-25.126768060999897],[-50.10799718,-25.126624577],[-50.105514778,-25.125809575999899],[-50.106314117999901,-25.123151848],[-50.107199172,-25.122498363],[-50.112301959,-25.1233518549999],[-50.1130539769999,-25.123139634],[-50.112987699,-25.120024968999896],[-50.113509623,-25.118809599],[-50.114791461,-25.1170478139999],[-50.117053669,-25.116191097999902],[-50.120762026999898,-25.118136155999899],[-50.128812673999896,-25.1215913509999],[-50.131400792999898,-25.123408606999899],[-50.132656832999899,-25.122982699],[-50.134448225,-25.120561494],[-50.135836583999897,-25.119803891999897],[-50.138203785,-25.120060877999897],[-50.138767511999895,-25.123294281],[-50.141133097999898,-25.123662663999898],[-50.141725783,-25.125340008999899],[-50.141453864,-25.126559587],[-50.139944621,-25.127205158],[-50.138824867,-25.126966054],[-50.1366930189999,-25.127491248999899],[-50.1345381289999,-25.129239221],[-50.133245495,-25.131667852],[-50.133102278,-25.132666232],[-50.13371633,-25.133231345999899],[-50.13494675,-25.134139634999897],[-50.134798582999899,-25.135472287],[-50.136388247999896,-25.137274917999896],[-50.139624516999895,-25.1377678059999],[-50.141249073,-25.137679992],[-50.141630343,-25.137351477],[-50.143050005999896,-25.134813854999898],[-50.1439419129999,-25.133825993999899],[-50.146841238,-25.13231036],[-50.150509567999897,-25.129694742],[-50.153368128999901,-25.130404589],[-50.153077582,-25.132624187],[-50.151558827999892,-25.133714562],[-50.150184205999899,-25.133805636],[-50.148935679,-25.133787794999897],[-50.148174161,-25.134443932],[-50.148021789,-25.135999422999898],[-50.149248993999898,-25.137129592999898],[-50.150616101,-25.137482367999898],[-50.152246536999897,-25.137062068],[-50.154102295,-25.137979218999899],[-50.154081989999895,-25.1390897389999],[-50.152428566,-25.14073473],[-50.151180005,-25.140716896999898],[-50.149562331,-25.140470523],[-50.148193578,-25.140228247],[-50.145438339999899,-25.140744621999897],[-50.144672516999897,-25.141623604],[-50.143888956999895,-25.143502628],[-50.142745464999898,-25.144597829],[-50.141230862,-25.145466281],[-50.140826575999895,-25.147017688999899],[-50.140312599999895,-25.147899919999897],[-50.139425569,-25.148554460999897],[-50.138418343999895,-25.148984556999899],[-50.136407482,-25.149734254999899],[-50.135147034999896,-25.150383067999897],[-50.134256691999902,-25.151259544],[-50.134109169999896,-25.152481763],[-50.134093049999898,-25.153370416],[-50.132959672,-25.15391033],[-50.13194649,-25.154673778],[-50.130303043999895,-25.155762540999898],[-50.131265847999899,-25.1576678079999],[-50.132494063,-25.158798160999897],[-50.134112815,-25.159044659],[-50.135614683,-25.158843831],[-50.137495208999901,-25.158426791999897],[-50.1387481209999,-25.1582227449999],[-50.142250702999895,-25.157828363999897],[-50.144374236,-25.157748762],[-50.146026170999896,-25.1562151279999],[-50.146165090999894,-25.155438579],[-50.145325678999903,-25.153534963],[-50.145100398999901,-25.152196497],[-50.14537068,-25.151088213],[-50.147867885,-25.151124836999898],[-50.150049133,-25.147929948999899],[-50.151445803999898,-25.146615969],[-50.152215874,-25.145515025999899],[-50.153626954999893,-25.143422029],[-50.154728108999898,-25.144662041999901],[-50.156199407,-25.146128776999898],[-50.158100122999898,-25.144599252],[-50.1574971309999,-25.143477988],[-50.1591495609999,-25.141832936999897],[-50.160295579,-25.140627188999897],[-50.162558835,-25.139769144999896],[-50.163397347999897,-25.141672589999899],[-50.163368536999897,-25.143230627],[-50.163217903,-25.144673843],[-50.162941804999896,-25.146116377999899],[-50.162785926,-25.14778244],[-50.162846258999892,-25.1513422529999],[-50.163423113999897,-25.153909321],[-50.164536127999895,-25.154482623],[-50.165426392999898,-25.153605134],[-50.165948139999898,-25.152389501],[-50.1663428029999,-25.1512827879999],[-50.167731903999893,-25.150412586],[-50.170230744,-25.150337597],[-50.172497295999896,-25.149258415],[-50.174510665999897,-25.148397062999898],[-50.176515524,-25.147981381999898],[-50.177164290999897,-25.146655929999898],[-50.177193007,-25.145098784],[-50.1863775859999,-25.154908893],[-50.187854961999896,-25.156043081999901],[-50.189483841,-25.155733063999897],[-50.189764026,-25.154068512],[-50.189288593999898,-25.152726904],[-50.187601683999901,-25.149364754],[-50.187610135999897,-25.148920897],[-50.186628403,-25.148015929999897],[-50.183286661999894,-25.146410457999899],[-50.18168228,-25.145386121999898],[-50.181444100999897,-25.144715327],[-50.181718463,-25.143384207999897],[-50.181758876999893,-25.141160391],[-50.179284585999895,-25.139901196],[-50.178535841,-25.139890750999896],[-50.177535575,-25.13998672],[-50.175418055,-25.13973412],[-50.1736909259999,-25.138595847],[-50.17259655,-25.1370235219999],[-50.1721196,-25.135793401999898],[-50.171135353999901,-25.1349998429999],[-50.171276802999898,-25.134111941999898],[-50.173190738999899,-25.131803401999896],[-50.175566570999898,-25.131615366999899],[-50.177653678999903,-25.133536438999901],[-50.179252095,-25.134894995],[-50.179775385,-25.133567101],[-50.180049730999897,-25.132236958999901],[-50.179330362,-25.1305580319999],[-50.182120951999899,-25.128151015],[-50.183255081999896,-25.127611897999898],[-50.183648654999899,-25.126505264999899],[-50.184038976999901,-25.125620554],[-50.185949476999902,-25.123534843],[-50.185216097999898,-25.122745472999899],[-50.18397185,-25.122505873],[-50.181961988999902,-25.123143451],[-50.180094497,-25.122894081],[-50.178089836999902,-25.123309741],[-50.176318087999896,-25.124618935999898],[-50.175264665,-25.12760702],[-50.174247458,-25.12859335],[-50.1719794569999,-25.129783871],[-50.171097786,-25.130216555999898],[-50.170600609999902,-25.1300978619999],[-50.169366473,-25.1293020419999],[-50.1690006319999,-25.128850703999898],[-50.167762264,-25.12827679],[-50.165280639999892,-25.12746229],[-50.164169353,-25.126779462999899],[-50.16368233,-25.1261046139999],[-50.163085257,-25.124649211999898],[-50.162371244,-25.122748406],[-50.162757371999902,-25.1220865549999],[-50.164244603,-25.122664567999902],[-50.165730214999897,-25.123353076999898],[-50.166229995,-25.123360374],[-50.168000806999899,-25.122051234],[-50.168150755999896,-25.120718664],[-50.164954205999898,-25.118003417999898],[-50.164848396,-25.117000990999898],[-50.165753574999897,-25.115234195],[-50.168354639,-25.11638356],[-50.170583002999898,-25.117417635],[-50.1725461609999,-25.119225614],[-50.174024254999892,-25.1203597159999],[-50.176015525999901,-25.120722133999898],[-50.177410312999896,-25.119517770999899],[-50.177686276,-25.118077209],[-50.178338241999896,-25.116528182],[-50.178764921,-25.115369964],[-50.179028173999896,-25.114595116],[-50.179035849999899,-25.114205200999898],[-50.178173654,-25.113581349999901],[-50.176111397999897,-25.113718580999898],[-50.175296591999896,-25.113873521999899],[-50.174486183999896,-25.113862281999896],[-50.174051591999898,-25.113688683],[-50.1737434,-25.113517606999899],[-50.173253761999895,-25.112954208],[-50.1732723739999,-25.111953390999901],[-50.174535972999898,-25.11113742],[-50.175856234,-25.110600743],[-50.176682779,-25.109778285999898],[-50.176877436,-25.109336873],[-50.176641098999895,-25.1086104849999],[-50.177099184,-25.107449054],[-50.179145414999901,-25.108201220999899],[-50.1796298309999,-25.108987391],[-50.179734062999898,-25.110101189],[-50.179915367,-25.110436873],[-50.180953787999897,-25.111675820999899],[-50.183059366999899,-25.112594962999896],[-50.1836734789999,-25.113159926],[-50.184038520999898,-25.1136660089999],[-50.184780503999896,-25.114066364999896],[-50.185650204999895,-25.114245476999901],[-50.186221788999894,-25.113698321999898],[-50.186741740999899,-25.112593353],[-50.18695675,-25.111094508999898],[-50.186972700999895,-25.110205096999902],[-50.186797257,-25.109535201],[-50.186437268999896,-25.108750621999899],[-50.186514305999893,-25.107973424],[-50.187702439999896,-25.107823197999899],[-50.188423250999904,-25.109335733],[-50.189089993,-25.110457583],[-50.1902272889999,-25.109695662],[-50.190176454,-25.109083068],[-50.189996767,-25.1086359839999],[-50.190319287,-25.10802813],[-50.191459161999894,-25.107155729999899],[-50.192278171999895,-25.106777947999898],[-50.193861575,-25.105466371],[-50.195368132999896,-25.104986783999902],[-50.196612294,-25.105227231999898],[-50.1972923699999,-25.105571045],[-50.198663590999899,-25.105701666999899],[-50.199232537999897,-25.105264986999899],[-50.199556811,-25.104602353999901],[-50.200871960999898,-25.104343172],[-50.201928972999895,-25.104580316],[-50.202401768,-25.106033943999901],[-50.201188509999895,-25.10757311],[-50.1996751289999,-25.108386018],[-50.198809052999898,-25.109706725999899],[-50.199167468,-25.110601788999897],[-50.200282993,-25.111062546],[-50.201005676,-25.112519378999899],[-50.200839995999893,-25.114741345],[-50.200695423999896,-25.115851098999901],[-50.200545630999898,-25.1171845709999],[-50.197290995999893,-25.117692304999899],[-50.195427746999897,-25.117221135999898],[-50.193577826,-25.115971922],[-50.190349204999897,-25.115034938999898],[-50.189714896999895,-25.115582222999901],[-50.189703192999893,-25.116248844],[-50.191304821,-25.117384413],[-50.192158769999899,-25.118508668999898],[-50.19189133,-25.119505444],[-50.192872973999904,-25.120410283999899],[-50.193478672,-25.121419966999898],[-50.194848994,-25.1215506029999],[-50.196984895,-25.120803103],[-50.198102069999898,-25.121153388],[-50.199326186999897,-25.1225051989999],[-50.200324767,-25.122519666999899],[-50.202443795,-25.122660658],[-50.203430693,-25.123342668999896],[-50.204139159,-25.125577619999898],[-50.204856713,-25.1272564289999],[-50.20468198,-25.1300347009999],[-50.204780480999901,-25.131482832],[-50.204747734,-25.1332608939999],[-50.203726727999893,-25.134581621999896],[-50.202699552999896,-25.136123331],[-50.202061985999897,-25.136892621],[-50.198175972999898,-25.137727663],[-50.195174201,-25.1380184779999],[-50.195859888999898,-25.141476441999899],[-50.197725904,-25.141837159],[-50.203625175999896,-25.140141503999899],[-50.205631533,-25.1396151339999],[-50.207521873999902,-25.138640597999899],[-50.208046007999897,-25.137312646999899],[-50.207814577999898,-25.13630857],[-50.208207418999898,-25.135313297],[-50.213211244,-25.134717859],[-50.214342754,-25.134289107],[-50.214612722,-25.133180844],[-50.213885702,-25.131945833],[-50.213650050999902,-25.131163695999899],[-50.214041230999896,-25.130280768],[-50.214059700999897,-25.129278961999898],[-50.210817204,-25.129010606999898],[-50.209948247999897,-25.128775845999897],[-50.209722658,-25.127437566],[-50.208498477,-25.126084854999899],[-50.208135146999901,-25.125523993999899],[-50.207925449,-25.123296269],[-50.2074499779999,-25.12195486],[-50.205984371999904,-25.120154292999899],[-50.206763193,-25.118498105],[-50.208787854,-25.116970921],[-50.208822218,-25.115079740999899],[-50.2119824809999,-25.112901050999898],[-50.215860287999902,-25.112400110999896],[-50.217108717,-25.112417673],[-50.220254643,-25.111017836],[-50.221909066,-25.109261267],[-50.224927910999902,-25.107969404],[-50.227179035999903,-25.107779415],[-50.229206716,-25.1060293459999],[-50.2288650039999,-25.104244041],[-50.227273301999894,-25.1025526409999],[-50.224530866999892,-25.102291656],[-50.222056116,-25.101143522],[-50.219753334999901,-25.097329744],[-50.217162275999897,-25.095623924999899],[-50.214959150999903,-25.093257193999897],[-50.212978074,-25.092339007],[-50.210289561,-25.089186206],[-50.209379886999898,-25.084279589999898],[-50.209166971999899,-25.0822750409999],[-50.2081886409999,-25.081148517],[-50.208081698999898,-25.080146247],[-50.2103533229999,-25.078732922],[-50.212098689,-25.078869105999896],[-50.211875715999902,-25.0774206369999],[-50.211269082999891,-25.07641025],[-50.211411969,-25.075412067999899],[-50.212066213,-25.0737527749999],[-50.2130820839999,-25.07276653],[-50.2144489249999,-25.073119833999897],[-50.216064625999898,-25.073477183],[-50.216575958999897,-25.072816979],[-50.217235978999895,-25.070824444],[-50.21923436,-25.070741862],[-50.222721420999903,-25.071125472999899],[-50.223124136,-25.069573520999899],[-50.221900144,-25.068222103],[-50.218920227999895,-25.067401059999899],[-50.217067341,-25.066373202],[-50.216851785,-25.064480182],[-50.217757409999898,-25.062713626999898],[-50.220534316999903,-25.060973388],[-50.222555857,-25.059557851],[-50.229736084,-25.055879504999897],[-50.233001514,-25.0547023559999],[-50.23525539,-25.054289581],[-50.236273685999898,-25.053191967],[-50.237286181999899,-25.052427576],[-50.239778901999898,-25.0525738649999],[-50.243024287,-25.052509488999899],[-50.243211116999895,-25.049064749],[-50.242476779999897,-25.048276663999896],[-50.2412602059999,-25.046479022],[-50.241155735999897,-25.04536554],[-50.243181245999899,-25.043726297],[-50.245076529999899,-25.042418704999896],[-50.247936312,-25.041292086999899],[-50.249883316999899,-25.040541198],[-50.248552433,-25.038242757],[-50.247496461999901,-25.037949243],[-50.2452493279999,-25.037973189999896],[-50.240279394,-25.040293236],[-50.237796019999898,-25.043037943999899]]]]}},
{"type":"Feature","properties":{"fid":54,"id1":976106,"cd_fcim":"SG22","leg_carga":"Rp.E","cd_fito":"E","cd_leg_2":"R","clas_domi":"Rp","leg_uveg":null,"nm_uveg":null,"leg_uantr":"Rp","nm_uantr":"Florestamento/Reflorestamento com Pinus","leg_contat":null,"nm_contat":null,"veg_pretet":"E","nm_pretet":"Estepe","leg_sec1":null,"nm_sec1":null,"leg_sec2":null,"nm_sec2":null,"leg_sup":"Área Antrópica Dominante","legenda_1":"Estepe","legenda_2":"Florestamento/Reflorestamento","legenda":"3Rp - Florestamento/Reflorestamento com Pinus","ar_poli_km":7.9297,"leg1_id":10.0,"leg2_id":50.0},"geometry":{"type":"MultiPolygon","coordinates":[[[[-50.016756201999904,-25.253740153],[-50.020274147999899,-25.256676642999899],[-50.02331371,-25.259477009999902],[-50.026659494999898,-25.2597562],[-50.042372916,-25.260221519],[-50.054528215999895,-25.258108572],[-50.056001049,-25.259933868],[-50.056879416999898,-25.259177698],[-50.060346523999897,-25.258568845],[-50.0620893339999,-25.257716166999899],[-50.063372372999901,-25.255098146],[-50.064169852999896,-25.252032364999899],[-50.064684496,-25.25094151],[-50.066198344,-25.249205747],[-50.0674436299999,-25.248564972999898],[-50.068676998999898,-25.248583870999902],[-50.070860014999894,-25.250594701999901],[-50.072833643,-25.250623270999899],[-50.073837119999901,-25.249759052999899],[-50.07386188,-25.248440622],[-50.073656725,-25.2462400309999],[-50.072707075,-25.2442481369999],[-50.07153514,-25.240934636],[-50.070844493,-25.238286365],[-50.071387168999891,-25.235657006999901],[-50.071683756,-25.2330244579999],[-50.071704224999898,-25.231926297],[-50.069977810999895,-25.231900045],[-50.067715326,-25.23406362],[-50.057181847,-25.243137131],[-50.056161119999899,-25.244880196999897],[-50.0538711949999,-25.248582425999899],[-50.051375256,-25.250084041],[-50.050905993,-25.248758196],[-50.0499521899999,-25.2469864],[-50.047258983999896,-25.245846055999902],[-50.044056360999896,-25.245578136999899],[-50.038114020999899,-25.246589118],[-50.032427372,-25.247162869],[-50.024253287999898,-25.2487975139999],[-50.018273748999903,-25.251784405],[-50.016756201999904,-25.253740153]]]]}},
{"type":"Feature","properties":{"fid":55,"id1":976104,"cd_fcim":"SG22","leg_carga":"Rp.E","cd_fito":"E","cd_leg_2":"R","clas_domi":"Rp","leg_uveg":null,"nm_uveg":null,"leg_uantr":"Rp","nm_uantr":"Florestamento/Reflorestamento com Pinus","leg_contat":null,"nm_contat":null,"veg_pretet":"E","nm_pretet":"Estepe","leg_sec1":null,"nm_sec1":null,"leg_sec2":null,"nm_sec2":null,"leg_sup":"Área Antrópica Dominante","legenda_1":"Estepe","legenda_2":"Florestamento/Reflorestamento","legenda":"3Rp - Florestamento/Reflorestamento com Pinus","ar_poli_km":8.8105,"leg1_id":10.0,"leg2_id":50.0},"geometry":{"type":"MultiPolygon","coordinates":[[[[-49.914083794,-25.282833018999899],[-49.925257749,-25.2915002199999],[-49.931364069,-25.295726558999899],[-49.935837536999898,-25.304290126999899],[-49.937921092999893,-25.316490115999898],[-49.940325558,-25.325481626999899],[-49.943355962999895,-25.328742428999899],[-49.947733277999902,-25.329039252],[-49.950835568999899,-25.328627668999896],[-49.952675462999899,-25.326819498],[-49.950150638,-25.310708804999898],[-49.946412918999897,-25.3039934399999],[-49.947529006,-25.299648219999899],[-49.947839520999892,-25.296898249],[-49.946604615999902,-25.294124702],[-49.945609444999896,-25.292272144],[-49.944370035999903,-25.289728011],[-49.948039282999893,-25.286570147999896],[-49.948101004,-25.283356296],[-49.945031099999902,-25.282161329999898],[-49.940623676,-25.283470979],[-49.938246395999897,-25.286420425],[-49.9263534,-25.274987487],[-49.920846904,-25.2797231589999],[-49.914083794,-25.282833018999899]]]]}},
{"type":"Feature","properties":{"fid":57,"id1":976851,"cd_fcim":"SG22","leg_carga":"Rp.E","cd_fito":"E","cd_leg_2":"R","clas_domi":"Rp","leg_uveg":null,"nm_uveg":null,"leg_uantr":"Rp","nm_uantr":"Florestamento/Reflorestamento com Pinus","leg_contat":null,"nm_contat":null,"veg_pretet":"E","nm_pretet":"Estepe","leg_sec1":null,"nm_sec1":null,"leg_sec2":null,"nm_sec2":null,"leg_sup":"Área Antrópica Dominante","legenda_1":"Estepe","legenda_2":"Florestamento/Reflorestamento","legenda":"3Rp - Florestamento/Reflorestamento com Pinus","ar_poli_km":14.4599,"leg1_id":10.0,"leg2_id":50.0},"geometry":{"type":"MultiPolygon","coordinates":[[[[-50.209386589999895,-24.984496351999901],[-50.211237985999894,-24.977496091],[-50.209962009,-24.966279472999901],[-50.206942631999901,-24.956135760999899],[-50.2059962209999,-24.953926753],[-50.2057735019999,-24.952605902999899],[-50.208050343999901,-24.949345088],[-50.2128035389999,-24.945462028999899],[-50.215318682999893,-24.942643285],[-50.215103278999898,-24.940883576],[-50.213144488999902,-24.940197151999897],[-50.209513480999902,-24.9366319109999],[-50.2075903349999,-24.933969918999896],[-50.206171333,-24.930656268999901],[-50.202523848999903,-24.927968861999901],[-50.191617510999897,-24.931543484],[-50.18665936,-24.933229258],[-50.180666669999894,-24.93753313],[-50.186439650999901,-24.945301698],[-50.183694174,-24.947237419],[-50.188206141999899,-24.956524605],[-50.190145991999898,-24.958309991],[-50.193605851,-24.957700325],[-50.196538368999896,-24.959060122],[-50.197246289999903,-24.960826215999898],[-50.19391576,-24.967805338999899],[-50.193310843999896,-24.973944693999901],[-50.191773068,-24.977216020999897],[-50.189989397,-24.980485176999899],[-50.1879852759999,-24.982212451999899],[-50.185970509,-24.984598693999899],[-50.180243451,-24.987809549999898],[-50.179229715,-24.989332148999896],[-50.1985717969999,-24.996418188999897],[-50.202737407,-24.984181358999898],[-50.209386589999895,-24.984496351999901]]]]}},
{"type":"Feature","properties":{"fid":58,"id1":976849,"cd_fcim":"SG22","leg_carga":"Rp.E","cd_fito":"E","cd_leg_2":"R","clas_domi":"Rp","leg_uveg":null,"nm_uveg":null,"leg_uantr":"Rp","nm_uantr":"Florestamento/Reflorestamento com Pinus","leg_contat":null,"nm_contat":null,"veg_pretet":"E","nm_pretet":"Estepe","leg_sec1":null,"nm_sec1":null,"leg_sec2":null,"nm_sec2":null,"leg_sup":"Área Antrópica Dominante","legenda_1":"Estepe","legenda_2":"Florestamento/Reflorestamento","legenda":"3Rp - Florestamento/Reflorestamento com Pinus","ar_poli_km":7.3903,"leg1_id":10.0,"leg2_id":50.0},"geometry":{"type":"MultiPolygon","coordinates":[[[[-50.082517958,-25.181565502999899],[-50.083312459999902,-25.180952771],[-50.084927539,-25.178643167],[-50.084837362999899,-25.175182112],[-50.085267281,-25.171100248],[-50.086860949,-25.169297491999899],[-50.084498819,-25.168153941],[-50.086650487,-25.166403251999899],[-50.087619308999898,-25.1649495899999],[-50.087875747999895,-25.163800917999897],[-50.087759721999902,-25.163693431999899],[-50.083641300999901,-25.1636324199999],[-50.082119598999896,-25.163191407999896],[-50.080137307999898,-25.162218160999899],[-50.077691860999892,-25.160819529],[-50.074297293,-25.159825055999899],[-50.0706420819999,-25.160190159],[-50.064746137,-25.160731401],[-50.062279468,-25.160484369],[-50.060819668,-25.156793653],[-50.061805778999897,-25.154397587999899],[-50.062638912999901,-25.153885976],[-50.065367191999897,-25.152773441],[-50.067652046,-25.1501870489999],[-50.0712552809999,-25.152546356999899],[-50.073477796999896,-25.153313567999898],[-50.074443481999893,-25.1520700959999],[-50.070723217999898,-25.149604247],[-50.063024801,-25.145925162],[-50.060211177,-25.14535933],[-50.05694908,-25.1498173579999],[-50.057001618999898,-25.153278477999901],[-50.058922891999899,-25.157499592],[-50.057371625999899,-25.15862938],[-50.05908479,-25.16138067],[-50.059073329999897,-25.162009050999899],[-50.058563332999903,-25.164098994],[-50.058522224999898,-25.16629926],[-50.058260515999898,-25.167657974999898],[-50.054355895,-25.168753231],[-50.053521105999899,-25.1693698939999],[-50.053568476999899,-25.173040446],[-50.054595769999899,-25.174733165],[-50.059118220999899,-25.178364825],[-50.063700034,-25.17885252],[-50.0667476879999,-25.179526528999901],[-50.069436755,-25.180511016],[-50.071897919,-25.181071313],[-50.075186565999893,-25.181435017999899],[-50.077896977,-25.181264875],[-50.082517958,-25.181565502999899]]]]}},
{"type":"Feature","properties":{"fid":60,"id1":976847,"cd_fcim":"SG22","leg_carga":"Rp.E","cd_fito":"E","cd_leg_2":"R","clas_domi":"Rp","leg_uveg":null,"nm_uveg":null,"leg_uantr":"Rp","nm_uantr":"Florestamento/Reflorestamento com Pinus","leg_contat":null,"nm_contat":null,"veg_pretet":"E","nm_pretet":"Estepe","leg_sec1":null,"nm_sec1":null,"leg_sec2":null,"nm_sec2":null,"leg_sup":"Área Antrópica Dominante","legenda_1":"Estepe","legenda_2":"Florestamento/Reflorestamento","legenda":"3Rp - Florestamento/Reflorestamento com Pinus","ar_poli_km":5.8368,"leg1_id":10.0,"leg2_id":50.0},"geometry":{"type":"MultiPolygon","coordinates":[[[[-50.183450380999901,-25.180626436999901],[-50.1836453599999,-25.187532401999896],[-50.18411746,-25.195199534],[-50.1797192289999,-25.203226189999896],[-50.186787271999897,-25.206053569999899],[-50.191117113999901,-25.208869841],[-50.195421074999899,-25.213062776999898],[-50.200753112,-25.217500834],[-50.201483333999896,-25.219807304],[-50.204309808999895,-25.220306345],[-50.204840788999896,-25.219395624999898],[-50.205115894999899,-25.2184816719999],[-50.203861348,-25.2166273029999],[-50.203628482999896,-25.215246401999899],[-50.203656774,-25.213640371999897],[-50.203170406999902,-25.212026928999897],[-50.200927872,-25.207863877],[-50.200711352,-25.205564936],[-50.201787219,-25.203055769999899],[-50.201048370999899,-25.201209860999899],[-50.200033463999901,-25.200276914],[-50.199282647,-25.199118885],[-50.199336914999897,-25.19613636],[-50.198846283999899,-25.194752309],[-50.199918781999898,-25.192472554999899],[-50.198672062999897,-25.190159803],[-50.198641739,-25.187734564],[-50.197455294999898,-25.1843838],[-50.196739216999902,-25.182595870999901],[-50.195049678,-25.179460805999899],[-50.193054043999894,-25.17943185],[-50.189295815,-25.180265812999899],[-50.185207803,-25.179984568999899],[-50.183450380999901,-25.180626436999901]]]]}},
{"type":"Feature","properties":{"fid":92,"id1":976817,"cd_fcim":"SG22","leg_carga":"Acc+Egf","cd_fito":"E","cd_leg_2":"Ac","clas_domi":"Acc","leg_uveg":null,"nm_uveg":null,"leg_uantr":"Acc","nm_uantr":"Agricultura com Culturas Cíclicas","leg_contat":null,"nm_contat":null,"veg_pretet":"E","nm_pretet":"Estepe","leg_sec1":"Egf","nm_sec1":"Estepe Gramíneo-Lenhosa com floresta-de-galeria","leg_sec2":null,"nm_sec2":null,"leg_sup":"Área Antrópica Dominante","legenda_1":"Estepe","legenda_2":"Agricultura","legenda":"3Acc - Agricultura com Culturas Cíclicas","ar_poli_km":123.2017,"leg1_id":10.0,"leg2_id":44.0},"geometry":{"type":"MultiPolygon","coordinates":[[[[-50.260793094999897,-24.581099188999897],[-50.261903315,-24.58218755],[-50.26350165,-24.585458425],[-50.265466842999899,-24.586817185],[-50.267875602999894,-24.59128759],[-50.267827709999899,-24.593949299],[-50.26628106,-24.597032629999898],[-50.261723585,-24.601403789],[-50.264654187999902,-24.604551123999897],[-50.270600100999893,-24.605965833],[-50.274579695999897,-24.606021622],[-50.28103179,-24.6070003399999],[-50.284009441999899,-24.607485661999899],[-50.286962283,-24.60930143],[-50.287925808999894,-24.6110898549999],[-50.290390127999892,-24.6124556689999],[-50.290318645999896,-24.616447216],[-50.286261021,-24.620827082999899],[-50.283219904999896,-24.623889606],[-50.283156582999901,-24.627438416999897],[-50.289680748,-24.624424385999898],[-50.294702975999904,-24.621831991999901],[-50.302251618999897,-24.617058391999901],[-50.3148454809999,-24.608361601],[-50.332390988,-24.601064058999896],[-50.337349763999896,-24.6020196549999],[-50.338320821,-24.603364067],[-50.338251042,-24.607356405999898],[-50.334201583,-24.611292949],[-50.327189604999894,-24.613857906],[-50.317146040999901,-24.6190408249999],[-50.303043622,-24.6286046459999],[-50.2999715549999,-24.633441896],[-50.299932239,-24.635660212999898],[-50.296853723999895,-24.640941443],[-50.296308243999896,-24.643595718],[-50.297249156999904,-24.646714142999901],[-50.300219035999902,-24.647643246],[-50.302201397,-24.648114368999899],[-50.307138176,-24.650402271],[-50.310551331999896,-24.654442736999901],[-50.305465607,-24.660585019999896],[-50.297938588999898,-24.664027820999898],[-50.292362714,-24.669719162],[-50.291825398999897,-24.6719298259999],[-50.292781911999896,-24.674161694],[-50.296770803999898,-24.673774205],[-50.299290629,-24.672033793],[-50.304266131,-24.6721042],[-50.309726041,-24.673068498999896],[-50.311684888999899,-24.674870444],[-50.314127213999896,-24.67756636],[-50.316987237,-24.684706772],[-50.31694807,-24.686924634],[-50.316380953999897,-24.690910378999899],[-50.312795907999899,-24.696628958],[-50.309288194,-24.697911636],[-50.302233380999901,-24.702693977],[-50.29970601,-24.704877693],[-50.298983036,-24.7074821379999],[-50.304237727,-24.706544746999896],[-50.318077619999897,-24.708099902999898],[-50.325908474,-24.706498883999899],[-50.334079406999898,-24.702071486],[-50.342266239999894,-24.69481753],[-50.352774107999899,-24.679980369],[-50.368744884999899,-24.647901927999897],[-50.377433787,-24.636924429],[-50.378922142,-24.632465596],[-50.3786144749999,-24.629190261999899],[-50.378442986,-24.624634061999899],[-50.377556941999899,-24.612013347],[-50.379720373999902,-24.607889412],[-50.384771762999904,-24.603317239],[-50.396370072,-24.595627278999899],[-50.399478788999893,-24.592365180999899],[-50.399253450999893,-24.588638407],[-50.38842197,-24.589937408],[-50.384194293999904,-24.589026142],[-50.377051024999894,-24.585422889],[-50.372494133,-24.585403409],[-50.3604700859999,-24.581182114999898],[-50.351361142999899,-24.580248568999899],[-50.348926934,-24.578897468],[-50.342470847,-24.568895946999898],[-50.336967544999894,-24.563511199999898],[-50.318177354999897,-24.561410405999897],[-50.316156223999897,-24.5599903849999],[-50.310044934999901,-24.547309421],[-50.308311007,-24.537775536],[-50.312947891,-24.523509207],[-50.314010654999898,-24.519860234],[-50.311310755999898,-24.523309593999898],[-50.298638595999897,-24.531049160999899],[-50.291603992,-24.5349862949999],[-50.285085793999897,-24.546728238999897],[-50.28347633,-24.553358849999899],[-50.278384638,-24.559941013],[-50.2717838579999,-24.56738853],[-50.261140965,-24.578327429999899],[-50.261101326999899,-24.580545254999898],[-50.260793094999897,-24.581099188999897]]]]}},
{"type":"Feature","properties":{"fid":104,"id1":982614,"cd_fcim":"SG22","leg_carga":"Rp+Egs","cd_fito":"E","cd_leg_2":"R","clas_domi":"Rp","leg_uveg":null,"nm_uveg":null,"leg_uantr":"Rp","nm_uantr":"Florestamento/Reflorestamento com Pinus","leg_contat":null,"nm_contat":null,"veg_pretet":"E","nm_pretet":"Estepe","leg_sec1":"Egs","nm_sec1":"Estepe Gramíneo-Lenhosa sem floresta-de-galeria","leg_sec2":null,"nm_sec2":null,"leg_sup":"Área Antrópica Dominante","legenda_1":"Estepe","legenda_2":"Florestamento/Reflorestamento","legenda":"3Rp - Florestamento/Reflorestamento com Pinus","ar_poli_km":10.892,"leg1_id":10.0,"leg2_id":50.0},"geometry":{"type":"MultiPolygon","coordinates":[[[[-50.214213699,-24.714259914],[-50.210577777,-24.715761509999901],[-50.206101735999894,-24.715475183],[-50.201227656999897,-24.716514197],[-50.199622938999894,-24.715825473999899],[-50.19677008,-24.715230360999897],[-50.194037631,-24.714968672999898],[-50.190763341,-24.717029049],[-50.190460275999897,-24.7200207879999],[-50.191058228,-24.721360669],[-50.192171742,-24.721709465999901],[-50.195291669,-24.7213103939999],[-50.198644863999895,-24.721692099999899],[-50.198995962,-24.722916684],[-50.199188438999897,-24.726026029],[-50.199994809,-24.729588211],[-50.202040028999896,-24.733500802],[-50.205849709999903,-24.736219185],[-50.2099206339999,-24.738275106999897],[-50.213612995999895,-24.740658175],[-50.216791379,-24.7438646529999],[-50.219609394,-24.7463470329999],[-50.227279121,-24.721380315],[-50.228696279999902,-24.718738102],[-50.231509590999899,-24.714562325],[-50.236644713,-24.705870094],[-50.243253349,-24.698255149],[-50.247776273999897,-24.695878073],[-50.249808576999897,-24.693577443],[-50.248238477999898,-24.690892635999898],[-50.24550622,-24.690632356],[-50.2423835439999,-24.6912534269999],[-50.232657231999895,-24.69921291],[-50.227585228999899,-24.704354883999898],[-50.22233642,-24.705611973],[-50.218815575999898,-24.707557312999899],[-50.217646874,-24.710204314999899],[-50.216489156999899,-24.712295234999896],[-50.214213699,-24.714259914]]]]}},
{"type":"Feature","properties":{"fid":105,"id1":976908,"cd_fcim":"SG22","leg_carga":"Rp.E","cd_fito":"E","cd_leg_2":"R","clas_domi":"Rp","leg_uveg":null,"nm_uveg":null,"leg_uantr":"Rp","nm_uantr":"Florestamento/Reflorestamento com Pinus","leg_contat":null,"nm_contat":null,"veg_pretet":"E","nm_pretet":"Estepe","leg_sec1":null,"nm_sec1":null,"leg_sec2":null,"nm_sec2":null,"leg_sup":"Área Antrópica Dominante","legenda_1":"Estepe","legenda_2":"Florestamento/Reflorestamento","legenda":"3Rp - Florestamento/Reflorestamento com Pinus","ar_poli_km":40.7841,"leg1_id":10.0,"leg2_id":50.0},"geometry":{"type":"MultiPolygon","coordinates":[[[[-50.253421891999899,-24.752711736],[-50.252619818,-24.755807175],[-50.246209624999899,-24.766146367],[-50.247924321999896,-24.767724712],[-50.250156079999897,-24.7681995139999],[-50.253364216,-24.769799226],[-50.256601558999897,-24.769845082],[-50.2615444139999,-24.771912355],[-50.264226414999904,-24.7750569039999],[-50.270387172,-24.778695288999899],[-50.274326680999891,-24.781192335],[-50.280305691999899,-24.781054862999898],[-50.288078598999896,-24.778057164],[-50.295562413,-24.777273975999897],[-50.299764098,-24.779108060999896],[-50.301260252999896,-24.779629073999899],[-50.301542724999898,-24.779244903999899],[-50.302381943999897,-24.778738984],[-50.303320684999896,-24.778324588],[-50.304249144,-24.777944723],[-50.3052740319999,-24.777736606999898],[-50.306304703,-24.777741992],[-50.307327830999903,-24.777657894999898],[-50.309709808,-24.775970598999898],[-50.310324631999897,-24.775202868999902],[-50.310789239,-24.7743977219999],[-50.311452227999894,-24.7736844],[-50.311916814999897,-24.772880168],[-50.31261942,-24.772202906],[-50.313184946,-24.771389883],[-50.313659311,-24.770585776999901],[-50.31417479,-24.769781264999899],[-50.314778690999894,-24.769022531999898],[-50.315203778999894,-24.768172222],[-50.3157676659999,-24.767404790999898],[-50.316382323,-24.766646196],[-50.317550718999897,-24.765075357999901],[-50.318163883999901,-24.764352315999897],[-50.318717851,-24.763592979999899],[-50.319945001999898,-24.762156944],[-50.320509504,-24.761343929],[-50.32154052,-24.759655597999899],[-50.3227597549999,-24.758084497],[-50.323184785999899,-24.757235124],[-50.324640314,-24.754731185],[-50.32510547,-24.753881400999902],[-50.325531466,-24.753032052],[-50.3267490369999,-24.751505644999899],[-50.327451532999895,-24.750829318999898],[-50.3293242129999,-24.749695793999898],[-50.330395524,-24.749656907],[-50.331278633999901,-24.750124614999901],[-50.332017712,-24.750812181999901],[-50.332574623999903,-24.751577778999899],[-50.333314953999896,-24.752176893999899],[-50.334249127,-24.752564053],[-50.335319194,-24.752614510999898],[-50.336390981999891,-24.7526120869999],[-50.337318195,-24.752241265999899],[-50.337832713999902,-24.7514276419999],[-50.338028228,-24.750538992],[-50.337938079,-24.749431628],[-50.337622780999894,-24.748535842],[-50.336831914999898,-24.747980818],[-50.336092704999899,-24.74730239],[-50.33557717,-24.746447942],[-50.335913730999899,-24.745551914],[-50.336896059999894,-24.744878996999901],[-50.337919548999899,-24.744759244999898],[-50.338894384999897,-24.7445495209999],[-50.339830839999898,-24.744215297],[-50.340719630999899,-24.7437902029999],[-50.341787483999894,-24.7433682],[-50.342819623999901,-24.743328792999897],[-50.343793823999896,-24.7431637349999],[-50.346596231,-24.7420259569999],[-50.3485527079999,-24.741187942],[-50.350467928999898,-24.740429669],[-50.351356676999899,-24.7400054619999],[-50.352245932,-24.73954478],[-50.353172577999899,-24.739209489999897],[-50.354861305,-24.738198565999902],[-50.355883638,-24.7381589949999],[-50.356904355,-24.738165],[-50.357929789,-24.738463797999898],[-50.359000894999895,-24.738505973],[-50.360021627,-24.738511054999901],[-50.360958045,-24.738175861999899],[-50.361886773,-24.737760319],[-50.362775138999901,-24.737291392],[-50.363752647999895,-24.7369566889999],[-50.3646023599999,-24.736451723999899],[-50.365116636,-24.735647222999901],[-50.365122844,-24.734710724],[-50.364887709999898,-24.733815992],[-50.364005687999899,-24.733340218],[-50.362983997999898,-24.733335139],[-50.362046365999902,-24.733758775999899],[-50.361304993,-24.734355324],[-50.360415770999893,-24.734816023999898],[-50.359391096,-24.735024290999899],[-50.357299756,-24.735013514999899],[-50.356313489999899,-24.734714282],[-50.355715926999899,-24.733983852999899],[-50.354741540999896,-24.733605420999897],[-50.354235757,-24.73275117],[-50.354102074999901,-24.731812982999898],[-50.354287745999898,-24.730923362999899],[-50.354990115999904,-24.730247027999898],[-50.348489938999897,-24.726525801],[-50.345507701,-24.726262445],[-50.341773803999899,-24.726211497999898],[-50.330536026999894,-24.728274825],[-50.323289942999892,-24.729727333],[-50.315792100999893,-24.731398188],[-50.315014547,-24.733162374],[-50.31400295,-24.734035456999898],[-50.309982158,-24.736198461999898],[-50.30674305,-24.736375678999899],[-50.302776012,-24.7354322209999],[-50.298875269999897,-24.730717727],[-50.296429469,-24.7282417589999],[-50.288513254999891,-24.725468412999899],[-50.27982066,-24.72423643],[-50.275803880999895,-24.726177347],[-50.269470340999895,-24.732300773],[-50.264887563999892,-24.738005526999899],[-50.264611868,-24.73955518],[-50.2638214669999,-24.741984880999897],[-50.264037726,-24.743763206],[-50.2635124829999,-24.745309787999901],[-50.261754037999893,-24.746171619999899],[-50.259515109999903,-24.746140085],[-50.25777966,-24.74567158],[-50.254764935999894,-24.747182558],[-50.254223946,-24.749616332999899],[-50.253421891999899,-24.752711736]]]]}},
{"type":"Feature","properties":{"fid":107,"id1":977286,"cd_fcim":"SG22","leg_carga":"Rp.E","cd_fito":"E","cd_leg_2":"R","clas_domi":"Rp","leg_uveg":null,"nm_uveg":null,"leg_uantr":"Rp","nm_uantr":"Florestamento/Reflorestamento com Pinus","leg_contat":null,"nm_contat":null,"veg_pretet":"E","nm_pretet":"Estepe","leg_sec1":null,"nm_sec1":null,"leg_sec2":null,"nm_sec2":null,"leg_sup":"Área Antrópica Dominante","legenda_1":"Estepe","legenda_2":"Florestamento/Reflorestamento","legenda":"3Rp - Florestamento/Reflorestamento com Pinus","ar_poli_km":5.2259,"leg1_id":10.0,"leg2_id":50.0},"geometry":{"type":"MultiPolygon","coordinates":[[[[-50.227576154,-24.80311348],[-50.226160631,-24.804258756],[-50.224505532999899,-24.804235209],[-50.223279534,-24.804528117],[-50.2216380039999,-24.813361561],[-50.218597411999895,-24.832042360999896],[-50.219974733,-24.833071466],[-50.220633301999897,-24.835256559999898],[-50.221265736999896,-24.838839956],[-50.223694043,-24.839573926999897],[-50.227285556999895,-24.838615508],[-50.230453370999896,-24.837028605999901],[-50.231621843,-24.835103662999899],[-50.232535695,-24.832707516],[-50.237316231,-24.828658429],[-50.240427269999898,-24.825361141],[-50.24097727,-24.823815316],[-50.240914092,-24.822493542],[-50.239372181999897,-24.820995432],[-50.236796962,-24.818782837999898],[-50.236115439999899,-24.817841960999896],[-50.235268263999899,-24.816508562],[-50.234511573999896,-24.814943678999899],[-50.231106704999895,-24.815205644999899],[-50.230129936,-24.816201421],[-50.229183744999901,-24.815488926999898],[-50.229390662999897,-24.813705339999899],[-50.231692642,-24.811718186999897],[-50.232327396,-24.810406147],[-50.231650266,-24.809231813999901],[-50.229736062999898,-24.80904814],[-50.229393085,-24.808732763],[-50.229582596999897,-24.807881299],[-50.230829373999903,-24.806422804],[-50.230607321,-24.804244382],[-50.228712929,-24.802896974],[-50.227576154,-24.80311348]]]]}},
{"type":"Feature","properties":{"fid":321,"id1":976659,"cd_fcim":"SG22","leg_carga":"Acc+Egf","cd_fito":"E","cd_leg_2":"Ac","clas_domi":"Acc","leg_uveg":null,"nm_uveg":null,"leg_uantr":"Acc","nm_uantr":"Agricultura com Culturas Cíclicas","leg_contat":null,"nm_contat":null,"veg_pretet":"E","nm_pretet":"Estepe","leg_sec1":"Egf","nm_sec1":"Estepe Gramíneo-Lenhosa com floresta-de-galeria","leg_sec2":null,"nm_sec2":null,"leg_sup":"Área Antrópica Dominante","legenda_1":"Estepe","legenda_2":"Agricultura","legenda":"3Acc - Agricultura com Culturas Cíclicas","ar_poli_km":45.4139,"leg1_id":10.0,"leg2_id":44.0},"geometry":{"type":"MultiPolygon","coordinates":[[[[-50.029045819,-24.772461473999901],[-50.033784628,-24.770907875],[-50.035875963999899,-24.770939144999897],[-50.038507981999892,-24.770045374999899],[-50.040599312,-24.770076612],[-50.042891923999896,-24.768713164],[-50.044861266999895,-24.765945401999897],[-50.048718208999901,-24.764761238999899],[-50.052918812999899,-24.763891654999899],[-50.056420661999894,-24.763011924999898],[-50.063197696999893,-24.764200827],[-50.06531166,-24.762989038999898],[-50.069530147999899,-24.761187337],[-50.072492355999898,-24.761231575999897],[-50.073383592,-24.760157885999899],[-50.077252626999893,-24.758350612999902],[-50.079593482999897,-24.754345406],[-50.079613744999897,-24.7532585279999],[-50.076912579999899,-24.748557338],[-50.075530435999902,-24.747915457],[-50.071060670999898,-24.744586543],[-50.069198986999901,-24.741607314],[-50.067323680999891,-24.739404024999899],[-50.0659675839999,-24.737365316999899],[-50.065474399,-24.735803034],[-50.063769995,-24.7337588689999],[-50.061167779,-24.733099135],[-50.058573613,-24.731972566],[-50.0566927839999,-24.730080195],[-50.054994184999899,-24.727724217999899],[-50.053104401,-24.7262977359999],[-50.051038509999898,-24.724868930999897],[-50.049500423,-24.723292952999898],[-50.047772504999898,-24.722490518],[-50.045351282999896,-24.721522094999901],[-50.042940484,-24.719932781999901],[-50.040708203999898,-24.718189876999897],[-50.039163549999898,-24.716923844999897],[-50.038838019,-24.715676635],[-50.037482282,-24.713637081999899],[-50.032986061,-24.7118597139999],[-50.032149505999897,-24.70998387],[-50.031845465999893,-24.707649112999899],[-50.029098984,-24.705432537],[-50.02460432,-24.703501929],[-50.021831705999901,-24.702683748],[-50.0197853069999,-24.700322304999901],[-50.0182499329999,-24.69859043],[-50.015842859,-24.696846078],[-50.012763155999899,-24.693847245],[-50.011392916,-24.692584418],[-50.010525565999899,-24.692415149999899],[-50.008056906,-24.6939324169999],[-50.007525394,-24.694389464],[-50.00471752,-24.695434441],[-50.004024288,-24.695269293],[-50.002839723,-24.693387032],[-50.003073225,-24.69028452],[-50.003988471999897,-24.687967058],[-50.003655023999897,-24.687185772],[-50.001071631999899,-24.685594035999898],[-49.996920063999895,-24.6839777349999],[-49.994709989999897,-24.681148196],[-49.994383751,-24.679900191999899],[-49.993381163,-24.677710438999899],[-49.992877209999897,-24.676693487],[-49.991750123,-24.676365711],[-49.990706304999897,-24.676349948999899],[-49.989581393,-24.675944693999899],[-49.988807142,-24.675389122999899],[-49.98654342,-24.675355221999901],[-49.985733634,-24.676662789],[-49.985365917999893,-24.677666272999897],[-49.984756446999896,-24.6776572099999],[-49.983988934,-24.676791717999897],[-49.983491766,-24.675463937999901],[-49.982900801999904,-24.674444902999898],[-49.981867539999904,-24.673808352],[-49.980822753,-24.673792544],[-49.978705753,-24.675158256],[-49.978051777999902,-24.677399701999899],[-49.976885266999894,-24.679246797999898],[-49.9753101169999,-24.679610451],[-49.974367526,-24.678741666999898],[-49.974129203,-24.677573241999898],[-49.97486714,-24.675409514],[-49.976120470999895,-24.673642938999897],[-49.976173181,-24.670925752999899],[-49.975083932999901,-24.668657357],[-49.974244356,-24.667013204999897],[-49.974452912999901,-24.665229947999901],[-49.973959186999899,-24.663747269999899],[-49.973126597,-24.661715767],[-49.972193245,-24.660380373999899],[-49.971712069,-24.658277026999897],[-49.97037606,-24.659761563999901],[-49.967805476999899,-24.662052789],[-49.966662335,-24.662578985],[-49.964790386999901,-24.664802101],[-49.960205899999892,-24.667605973],[-49.95939457,-24.669069313],[-49.959631632,-24.670314279999896],[-49.962241131,-24.670510764],[-49.963809266999895,-24.670534586],[-49.965355692999893,-24.671644896],[-49.966022306999896,-24.673208369999898],[-49.965998186,-24.674450753],[-49.965253187999899,-24.677002763999898],[-49.964091636,-24.678460554],[-49.9638482289999,-24.679582398],[-49.966020306999901,-24.681809868999899],[-49.967966775,-24.682936530999896],[-49.971907812,-24.682776991],[-49.972850265,-24.684985202999897],[-49.972780653,-24.688604082],[-49.974207467,-24.691259241999898],[-49.976659235999897,-24.691735247999897],[-49.981376323999896,-24.689612828999902],[-49.983335993999894,-24.690081279],[-49.985518028999898,-24.691869338999901],[-49.986210698,-24.6942939969999],[-49.984432178999896,-24.69711875],[-49.979227218999895,-24.6990149969999],[-49.978718639999897,-24.699884461999897],[-49.978434786,-24.701854798999896],[-49.978867796,-24.704932628999899],[-49.980289415999898,-24.707807622],[-49.982717162999904,-24.709599119],[-49.985393871,-24.711176909],[-49.987575117999903,-24.712965093],[-49.988760008,-24.715397439],[-49.989476952999894,-24.716504943],[-49.995771050999899,-24.722085949999901],[-49.998214461,-24.723000359],[-50.001440061,-24.7217319969999],[-50.004431089,-24.719802994999899],[-50.0063910269999,-24.720271350999901],[-50.008848435999901,-24.720528359999896],[-50.013494061999893,-24.722134872],[-50.017908143999897,-24.723078017],[-50.021052391999895,-24.7259786],[-50.021992076999901,-24.728405863],[-50.018492557999892,-24.731205658],[-50.013778365999897,-24.733110189999898],[-50.013986923999894,-24.735088270999899],[-50.014216170999894,-24.735969539999896],[-50.017089935999898,-24.740181801999899],[-50.01704425,-24.742595231999896],[-50.0155306199999,-24.744547797999896],[-50.01645969,-24.747414708999898],[-50.017637339,-24.750284946],[-50.018601093,-24.751396718999899],[-50.020531966,-24.7534014249999],[-50.022969062999898,-24.754754348999899],[-50.024654379,-24.756754889],[-50.024879351,-24.757855973999899],[-50.022619193,-24.760235685999898],[-50.022093323,-24.761983525999899],[-50.022782215999896,-24.764626711999899],[-50.026190925,-24.766653797999897],[-50.028339317999894,-24.770197417999899],[-50.029045819,-24.772461473999901]]]]}},
{"type":"Feature","properties":{"fid":326,"id1":982707,"cd_fcim":"SG22","leg_carga":"Iu.E","cd_fito":"E","cd_leg_2":"Iu","clas_domi":"Iu","leg_uveg":null,"nm_uveg":null,"leg_uantr":"Iu","nm_uantr":"Influência urbana","leg_contat":null,"nm_contat":null,"veg_pretet":"E","nm_pretet":"Estepe","leg_sec1":null,"nm_sec1":null,"leg_sec2":null,"nm_sec2":null,"leg_sup":"Área Antrópica Dominante","legenda_1":"Estepe","legenda_2":"Influência urbana","legenda":"3Iu - Influência urbana","ar_poli_km":5.5482,"leg1_id":10.0,"leg2_id":48.0},"geometry":{"type":"MultiPolygon","coordinates":[[[[-49.988383261,-24.813149558],[-49.9889121739999,-24.813833519],[-49.990311778,-24.814240837999897],[-49.993252179,-24.8135138009999],[-49.99472488,-24.815854245],[-49.995590147,-24.815866699],[-49.996163491999894,-24.814233186999896],[-49.995793723999896,-24.8109633],[-49.996081906999898,-24.808773198],[-49.998110099,-24.80573149],[-50.000351103999897,-24.804448662],[-50.001641262,-24.801394413],[-50.001666341,-24.8000784289999],[-50.001486279999902,-24.796564058999898],[-50.001583274,-24.791517322999898],[-50.001620854999892,-24.786642296],[-50.0011450659999,-24.78600657],[-49.99867059,-24.785099757999898],[-49.997613811999898,-24.783732040999901],[-49.994907294999898,-24.783594697],[-49.994481642,-24.7832013559999],[-49.992658543999902,-24.782207419],[-49.990388058999898,-24.781980081],[-49.988555589,-24.78146943],[-49.987041121999901,-24.781349766999899],[-49.985877286999894,-24.779882998999902],[-49.984914397999894,-24.779289095],[-49.983163891999901,-24.780131291],[-49.981505649,-24.781845808999901],[-49.982034477999896,-24.782529697],[-49.983563789999899,-24.781877000999899],[-49.985287631999903,-24.782385318],[-49.985592282,-24.783452038999901],[-49.985575975,-24.784320185999899],[-49.985880600999891,-24.78538874],[-49.985974419999899,-24.7861616759999],[-49.986277576999903,-24.7873259939999],[-49.986048447,-24.787902155],[-49.984508213999895,-24.789134870999899],[-49.983972440999892,-24.7888367219999],[-49.983291414999904,-24.790468603],[-49.982891309999893,-24.794325417],[-49.9832952,-24.795876982],[-49.984994882,-24.797642012],[-49.985630907,-24.798424063],[-49.985712846999903,-24.799777956],[-49.9850397169999,-24.801023241999896],[-49.983819419,-24.802453689999901],[-49.983033656,-24.803891780999901],[-49.982231579999898,-24.806197188999896],[-49.981459678,-24.806861909],[-49.980684804999896,-24.807719070999898],[-49.981212194999898,-24.808499707999896],[-49.983579661999897,-24.809309533],[-49.984438949,-24.809708730999901],[-49.985072534,-24.810587486],[-49.9870153379999,-24.811002991999899],[-49.987853372999901,-24.812465583999899],[-49.988383261,-24.813149558]]]]}},
{"type":"Feature","properties":{"fid":327,"id1":982705,"cd_fcim":"SG22","leg_carga":"Iu.E","cd_fito":"E","cd_leg_2":"Iu","clas_domi":"Iu","leg_uveg":null,"nm_uveg":null,"leg_uantr":"Iu","nm_uantr":"Influência urbana","leg_contat":null,"nm_contat":null,"veg_pretet":"E","nm_pretet":"Estepe","leg_sec1":null,"nm_sec1":null,"leg_sec2":null,"nm_sec2":null,"leg_sup":"Área Antrópica Dominante","legenda_1":"Estepe","legenda_2":"Influência urbana","legenda":"3Iu - Influência urbana","ar_poli_km":0.8883,"leg1_id":10.0,"leg2_id":48.0},"geometry":{"type":"MultiPolygon","coordinates":[[[[-49.9396618809999,-24.794147037999899],[-49.942363512,-24.794478203],[-49.945056651999899,-24.795292688999901],[-49.946917524999897,-24.794355456999899],[-49.947679025999904,-24.794174179],[-49.9486513579999,-24.794284906],[-49.949533432999893,-24.793526011],[-49.949552356,-24.792560262999899],[-49.950562504999901,-24.790740414],[-49.950590876,-24.789292266999901],[-49.949416240999902,-24.788405300999898],[-49.947896278,-24.788574519999901],[-49.946375319,-24.788744629999897],[-49.9449490229999,-24.789688618],[-49.943875083,-24.789188834999898],[-49.943880575,-24.788898839999899],[-49.943285057999894,-24.786089541],[-49.941683382999898,-24.784905806],[-49.939734384999895,-24.784779116],[-49.939293831,-24.785158999],[-49.939278874999893,-24.785930481],[-49.93990028,-24.78738922],[-49.939662013,-24.788545359],[-49.939532925,-24.789605376999898],[-49.939394346999897,-24.791148726],[-49.937096878,-24.792273371],[-49.936970261999896,-24.793236748],[-49.937502991,-24.793727416],[-49.9396618809999,-24.794147037999899]]]]}}
]
}
