{
"type": "FeatureCollection",
"name": "floresta_estacional_semidecidual",
"crs": { "type": "name", "properties": { "name": "urn:ogc:def:crs:OGC:1.3:CRS84" } },
"features": [
{"type":"Feature","properties":{"fid":226,"id1":963077,"cd_fcim":"SF22","leg_carga":"Ac+Re+Vss.F","cd_fito":"F","cd_leg_2":"Ac","clas_domi":"Ac","leg_uveg":null,"nm_uveg":null,"leg_uantr":"Ac","nm_uantr":"Agricultura","leg_contat":null,"nm_contat":null,"veg_pretet":"F","nm_pretet":"Floresta Estacional Semidecidual","leg_sec1":"Re","nm_sec1":"Florestamento/Reflorestamento com Eucaliptos","leg_sec2":"Vss","nm_sec2":"Vegetação Secundária sem palmeiras","leg_sup":"Área Antrópica Dominante","legenda_1":"Floresta Estacional Semidecidual","legenda_2":"Agricultura","legenda":"3Ac - Agricultura","ar_poli_km":188.7345,"leg1_id":5.0,"leg2_id":44.0},"geometry":{"type":"MultiPolygon","coordinates":[[[[-50.228943,-23.9744489],[-50.2286865,-23.9755605],[-50.22916,-23.9768506],[-50.2292439,-23.978053499999898],[-50.2297748,-23.979128499999899],[-50.230059399330848,-23.979504501630061],[-50.230380190999895,-23.979044352],[-50.229162185784034,-23.974204349892943],[-50.228943,-23.9744489]]],[[[-50.228193,-23.981327399999898],[-50.226972799999899,-23.9824154],[-50.2251082,-23.9846334],[-50.224550399999899,-23.9855564],[-50.2257713,-23.986163299999902],[-50.226850531696428,-23.986122554654759],[-50.226546077,-23.985508523999901],[-50.227865744,-23.983468275999897],[-50.229069420329353,-23.981002459225177],[-50.228193,-23.981327399999898]]],[[[-50.2273006,-23.9876542],[-50.2257437,-23.9881199],[-50.2246939,-23.9876424999999],[-50.223467099999901,-23.9879468],[-50.2225791,-23.988729099999901],[-50.2222163,-23.990078],[-50.2227485,-23.991345099999901],[-50.225382,-23.9907074999999],[-50.226300799999898,-23.9895761],[-50.227573199999902,-23.989732699999902],[-50.2279945,-23.9908258],[-50.228050499999902,-23.992277699999899],[-50.2273536,-23.9935877],[-50.226498299999903,-23.9945314],[-50.225251,-23.9945547999999],[-50.2237708,-23.9950494],[-50.221973299999902,-23.9963404],[-50.220875299999904,-23.9973998],[-50.2208395,-23.9973595],[-50.218139873444784,-23.994816886689389],[-50.217498378999899,-23.997555036999898],[-50.215045672999899,-23.998775386],[-50.214465388999898,-24.000000000999901],[-50.227852904,-24.0],[-50.227581744999902,-23.9992477989999],[-50.227895436,-23.9960499439999],[-50.228449579,-23.993769932],[-50.228030997999895,-23.988503344],[-50.226978956963549,-23.986381565442894],[-50.2273006,-23.9876542]]],[[[-50.198791141129114,-23.976593497889802],[-50.1958589,-23.975142772],[-50.194613356617729,-23.972658697912742],[-50.192682647345904,-23.970840280812052],[-50.189854203,-23.969149181],[-50.179946134,-23.967642132],[-50.177675919999899,-23.966473048999902],[-50.176702806,-23.963959356],[-50.176760195,-23.960778708999896],[-50.176300681,-23.958045211999899],[-50.172542983999897,-23.954582360999897],[-50.167524242999903,-23.950419702],[-50.167582702999894,-23.94724014],[-50.162289214999902,-23.945847859],[-50.160100944999897,-23.943969724999899],[-50.1597401289999,-23.942829568],[-50.158880398999898,-23.941114811],[-50.1587672369999,-23.940318765],[-50.157949199753823,-23.939769299727779],[-50.1569954,-23.9397322999999],[-50.1555511,-23.940386799999899],[-50.1540107,-23.9404375],[-50.1530943,-23.940853699999899],[-50.151850399999901,-23.9408478],[-50.1487026,-23.9422746],[-50.1486151,-23.9432361],[-50.1482182,-23.9439257],[-50.1480817999999,-23.944645299999902],[-50.1471321,-23.944822499999901],[-50.1467703,-23.9450605],[-50.1455534,-23.9462263],[-50.144830199999902,-23.946553499999901],[-50.1443194,-23.947205999999898],[-50.143566,-23.9473232],[-50.142973799999901,-23.947740199999899],[-50.1417981,-23.9475214],[-50.1413693,-23.948093],[-50.1407452,-23.9483893],[-50.1405773,-23.9491116],[-50.1400533999999,-23.949409499999899],[-50.139446899999903,-23.949315899999899],[-50.1390638,-23.9499021],[-50.1384959,-23.9497337],[-50.1382988,-23.949851399999901],[-50.1381957,-23.950573599999899],[-50.137278099999897,-23.9509588999999],[-50.1366828,-23.951707499999898],[-50.1358609,-23.9522765],[-50.1352573,-23.9521513],[-50.1349944,-23.952330399999902],[-50.1349236,-23.9529911999999],[-50.1343661,-23.9531981],[-50.1344943,-23.9537422],[-50.132689399999897,-23.954515399999899],[-50.132423,-23.9551757999999],[-50.1313403999999,-23.95562],[-50.130819,-23.955406799999899],[-50.1299816,-23.955673299999901],[-50.1291591,-23.9570481],[-50.1288589,-23.957293],[-50.128106499999902,-23.957377699999899],[-50.127515699999897,-23.9576458999999],[-50.127217,-23.9574779],[-50.126897799999902,-23.957010099999899],[-50.1258422,-23.956421],[-50.1253022,-23.9558746],[-50.1248947,-23.9557336],[-50.124433699999898,-23.9560943],[-50.124075199999901,-23.9561528999999],[-50.1234213,-23.955967],[-50.1231574,-23.956115399999899],[-50.122998799999898,-23.9566189],[-50.122793699999903,-23.9568057],[-50.1223352,-23.9569231],[-50.122042399999899,-23.956591199999899],[-50.1217152,-23.9565891999999],[-50.1214356,-23.956900399999899],[-50.1207961,-23.9572150999999],[-50.121036499999903,-23.9578188999999],[-50.1205433,-23.958175099999899],[-50.1204407,-23.9587792],[-50.1197157,-23.9595858],[-50.1193794,-23.960970099999901],[-50.1187851,-23.961778099999901],[-50.118324099999903,-23.9621073],[-50.1176707,-23.9621331],[-50.1168058,-23.961706499999899],[-50.116511,-23.9617360999999],[-50.1157198,-23.9627851999999],[-50.1151302,-23.962781199999899],[-50.1143734999999,-23.9631704],[-50.114146499999897,-23.9631682999999],[-50.1136921,-23.962622199999899],[-50.1122817,-23.9629156],[-50.1120544999999,-23.962824199999901],[-50.1119459,-23.9619218],[-50.1108682999999,-23.961642099999899],[-50.1104123,-23.961279],[-50.1101922,-23.9597734],[-50.109934,-23.9594693999999],[-50.1095751,-23.959408],[-50.1090795,-23.9600689],[-50.1086877,-23.9601572],[-50.107690799999901,-23.9596091999999],[-50.1072672,-23.959545299999899],[-50.106544799999902,-23.9598731],[-50.105923699999899,-23.9598367],[-50.1059534,-23.9603521999999],[-50.1057878,-23.9605301],[-50.1049034,-23.9608863],[-50.1047356999999,-23.9613967999999],[-50.1042105,-23.961603399999898],[-50.103412999999897,-23.9609973],[-50.1026926,-23.9609943],[-50.102204599999901,-23.960749399999901],[-50.1010711,-23.958998],[-50.1007762,-23.9589968],[-50.100313099999902,-23.9596251],[-50.0996248,-23.959831199999901],[-50.099526,-23.9600432],[-50.099827499999897,-23.9607991],[-50.0997978,-23.9610678999999],[-50.099435099999901,-23.9613967],[-50.0985175,-23.9614816],[-50.098351599999901,-23.9619309],[-50.097879,-23.9620558999999],[-50.097712562984931,-23.962172211030865],[-50.098786901,-23.965217364999898],[-50.091491985999895,-23.9724146739999],[-50.089344361999899,-23.977862344],[-50.086138916,-23.985120385],[-50.082046878999897,-23.985059738],[-50.076490673999899,-23.981324517],[-50.069850307,-23.980768468999898],[-50.06821437177905,-23.981278952225249],[-50.0682002,-23.9812966],[-50.068158227031169,-23.981296471838263],[-50.066472777689974,-23.981822405631263],[-50.0666484,-23.9830615999999],[-50.066549699999896,-23.9833015],[-50.065780899999901,-23.9832395],[-50.0654165,-23.9837790999999],[-50.0646932,-23.9842861999999],[-50.0649826,-23.9849201],[-50.0647786,-23.9859721999999],[-50.064549,-23.986152],[-50.0639641,-23.9856665],[-50.0625224,-23.9857782999999],[-50.0622408999999,-23.9860171999999],[-50.0626622999999,-23.9867717],[-50.0615433,-23.987456],[-50.061486699999897,-23.986314299999901],[-50.0608022,-23.9862598],[-50.060572299999897,-23.986125899999902],[-50.0600368,-23.9855471999999],[-50.0597614,-23.9852496],[-50.058009,-23.985268699999899],[-50.0577114,-23.9853565999999],[-50.057712799999898,-23.9855378],[-50.058364,-23.985782599999901],[-50.0584923,-23.9860545],[-50.0572114,-23.986859099999901],[-50.057013599999898,-23.9871884],[-50.0573022,-23.987944899999899],[-50.057201399999897,-23.9881235],[-50.0559549,-23.9885088999999],[-50.0535866,-23.9878],[-50.0536536,-23.9874411],[-50.0552309,-23.986847],[-50.055365499999901,-23.9863655],[-50.055008,-23.9860011],[-50.054750584533068,-23.985091134761902],[-50.049281038999901,-23.986398053],[-50.048650867190538,-23.986556592394123],[-50.0484498,-23.987648099999902],[-50.048451499999899,-23.989456399999899],[-50.0482529,-23.989874999999898],[-50.0479574,-23.9900233],[-50.0476649,-23.9897508],[-50.0469128,-23.9896242],[-50.0466537,-23.9893516],[-50.046036037377704,-23.987214434474811],[-50.042071967891644,-23.9882117199218],[-50.0421487,-23.989656599999901],[-50.0420401,-23.989991799999899],[-50.041702799999896,-23.990315699999901],[-50.041547799999897,-23.990337],[-50.040653399999897,-23.9904609],[-50.0394357,-23.9915058],[-50.0375979,-23.992095699999901],[-50.037107299999903,-23.9920326],[-50.0367823,-23.991729399999901],[-50.036966529438921,-23.990935083502567],[-50.034312099,-23.9934798479999],[-50.029639392,-23.9970618299999],[-50.021985078999904,-23.996032972],[-50.016879252999892,-23.995499691],[-50.013316226999898,-23.994532143],[-50.010334051,-23.9899213059999],[-50.004725086999898,-23.988922842999898],[-50.001561927999894,-23.993897515],[-49.996975445,-23.992915237],[-49.991956526999893,-23.987816052],[-49.987944311,-23.9836450929999],[-49.988022182999899,-23.979537012],[-49.981461977,-23.97487103],[-49.976946917999896,-23.970236030999899],[-49.978214694776511,-23.969159435134671],[-49.9768412,-23.9684594],[-49.9745200999999,-23.9679642],[-49.9727839,-23.9681333],[-49.9721795,-23.9679722999999],[-49.9715939,-23.9674575999999],[-49.9714041,-23.9667352],[-49.9717363,-23.9660426],[-49.9724265,-23.9656244],[-49.9760688,-23.964595799999898],[-49.976876699999899,-23.964028299999899],[-49.9771754,-23.9633691],[-49.9768872,-23.9625837],[-49.975912,-23.9617342999999],[-49.9748003,-23.961515],[-49.971787699999901,-23.9617066],[-49.9710524,-23.961488099999901],[-49.970531799999897,-23.9610355],[-49.9703728,-23.9604914],[-49.9704432999999,-23.95971],[-49.9709371,-23.958877399999899],[-49.971740399999902,-23.9581089],[-49.972000599999902,-23.9575811999999],[-49.971595299999898,-23.9572127],[-49.9708616,-23.9568816],[-49.970423599999897,-23.9563654],[-49.9704982,-23.955073],[-49.970762099999902,-23.954805],[-49.972076199999897,-23.9543300999999],[-49.9727020999999,-23.953672299999901],[-49.973200899999902,-23.952802],[-49.973405399999898,-23.951599499999901],[-49.9726274,-23.9485821],[-49.9722396,-23.9480978],[-49.9716182,-23.9478219],[-49.9693544,-23.9485306],[-49.9656752,-23.9482647],[-49.9648927,-23.9480189],[-49.964821,-23.947713899999901],[-49.9647651,-23.947476499999901],[-49.9649008,-23.946875299999899],[-49.965429399999898,-23.946186],[-49.9665818,-23.9454411],[-49.966632292180456,-23.945419866597415],[-49.967602567999897,-23.94403162],[-49.970731674,-23.9408851859999],[-49.970524621,-23.938373134],[-49.968894799041593,-23.93736675610322],[-49.967449299999899,-23.9375254999999],[-49.9654824,-23.937573999999898],[-49.965125199999903,-23.937179699999898],[-49.965226599999902,-23.936729],[-49.967263699999897,-23.935659299999902],[-49.967292866255342,-23.935639302071664],[-49.966755534,-23.934893222],[-49.969875535,-23.932203166],[-49.973333677648675,-23.931233147016719],[-49.974544099999903,-23.9295637],[-49.975245099999903,-23.9280335],[-49.9760309,-23.9279485],[-49.9774004,-23.928529599999901],[-49.9781123,-23.9295587],[-49.9787784,-23.9301647],[-49.9791389,-23.9301065],[-49.9804215,-23.9292747],[-49.981083399999903,-23.928463599999901],[-49.9811506,-23.928103],[-49.976415,-23.9248487999999],[-49.973571799999903,-23.9204046],[-49.9728059,-23.919975399999899],[-49.9713282,-23.920478499999899],[-49.970053199999903,-23.920561399999901],[-49.969298599999902,-23.920465],[-49.9688444,-23.9202215],[-49.9687483,-23.919738499999902],[-49.970562399999899,-23.9157451999999],[-49.9718882,-23.913677],[-49.9720257,-23.9130162],[-49.9716902,-23.9101835],[-49.97228,-23.9078625],[-49.9720244,-23.907076199999899],[-49.9712451,-23.906259],[-49.9705933,-23.9059237],[-49.9697092,-23.9058276],[-49.9689236,-23.9059414],[-49.967198799999899,-23.9066218],[-49.964765999999898,-23.908051699999898],[-49.9638495,-23.9080466],[-49.963689,-23.9078350999999],[-49.9639869,-23.9053974999999],[-49.9643239,-23.9041642],[-49.9656495,-23.901943699999901],[-49.9663386,-23.901708499999899],[-49.967664699999901,-23.9017774],[-49.9683529,-23.901540399999899],[-49.9689423,-23.9015431999999],[-49.9704763,-23.902034899999901],[-49.9712296,-23.9020113],[-49.9725670999999,-23.9024726],[-49.973112699999902,-23.9021443],[-49.973331899999899,-23.9020149],[-49.9740469,-23.901957799999899],[-49.9747272,-23.9016601],[-49.9749189,-23.9011171],[-49.9747098,-23.9005744],[-49.9738578,-23.8996301],[-49.9725213,-23.8989794999999],[-49.9675157,-23.897562299999901],[-49.963758599999899,-23.897637],[-49.961105,-23.8969762],[-49.9568303,-23.8947757],[-49.955871499999901,-23.893829299999901],[-49.9558772,-23.8932373],[-49.9568813,-23.8918133],[-49.960994099999901,-23.887688399999899],[-49.963210699999898,-23.8852388],[-49.965721239188348,-23.879742000384326],[-49.963127745999898,-23.880092503],[-49.962580187999897,-23.88212666],[-49.961802296999899,-23.882907906],[-49.957927222999899,-23.8863852919999],[-49.956046778,-23.891578455999898],[-49.952439260999896,-23.894021407],[-49.9501466299999,-23.894212286],[-49.9473232879999,-23.895532242999899],[-49.944464866,-23.8986661009999],[-49.940094415,-23.901096844999898],[-49.932944596999896,-23.902575424],[-49.929928835999895,-23.90071195],[-49.923839561,-23.899937567999899],[-49.921551371999904,-23.899901946999901],[-49.917728654999898,-23.900297232999897],[-49.912595193999898,-23.902715401999899],[-49.9122881589999,-23.905434702],[-49.912257376999897,-23.907024204],[-49.914951515,-23.9122870479999],[-49.916438211999896,-23.91435359],[-49.918660519999897,-23.917794675],[-49.918559261,-23.923015133],[-49.91275681,-23.933597456],[-49.909639376999898,-23.936955199999897],[-49.904174263,-23.943228454999897],[-49.899963777,-23.950429912999901],[-49.899897544999895,-23.953833973],[-49.899503565,-23.956361659],[-49.903277455,-23.958692597],[-49.907874342999897,-23.958082461999897],[-49.910402447,-23.959029771],[-49.911149133,-23.959950987],[-49.911604907999894,-23.962683985999899],[-49.912052589,-23.965871523],[-49.912012733,-23.9679149799999],[-49.913693769,-23.973166138],[-49.914153143,-23.975672903],[-49.917144719,-23.979440774999901],[-49.917384809999895,-23.979813215],[-49.918362599,-23.981873343999901],[-49.916259351999898,-23.985248284999898],[-49.914160576,-23.988396893999898],[-49.9141116549999,-23.990895067999897],[-49.919433247999898,-23.992340542],[-49.923770534,-23.991952977],[-49.928349855,-23.992251543999899],[-49.9329382459999,-23.992094585999897],[-49.936801336,-23.989882652999899],[-49.944919774,-23.991597387999899],[-49.945907807999902,-23.993203890999897],[-49.949165294999901,-23.995980443999901],[-49.950118331999896,-23.999402475999901],[-49.950107147,-24.0],[-50.132343051,-24.0],[-50.130915117,-23.996378962999898],[-50.130210673999898,-23.995248665999899],[-50.129522981,-23.994699653999902],[-50.128220254,-23.994098153],[-50.127130354,-23.994083186999898],[-50.1259406839999,-23.994674366],[-50.123952743999894,-23.995196129],[-50.123406335,-23.995188164],[-50.123151966,-23.994902076],[-50.121649765,-23.994786283999897],[-50.119252445,-23.9959938269999],[-50.118095009999898,-23.996188012999902],[-50.111569836999898,-23.99618814],[-50.109971005,-23.995419040999899],[-50.109491857,-23.994697182],[-50.1090758,-23.994390799],[-50.109093925,-23.993503523],[-50.109809577,-23.992307023],[-50.111655256999896,-23.990396795],[-50.112966963999902,-23.989410797999899],[-50.113342755,-23.987246945],[-50.1080055319999,-23.983584225],[-50.107617092999895,-23.9835209929999],[-50.107088399999896,-23.982851259],[-50.106353562,-23.982262508],[-50.106145298999898,-23.981570560999899],[-50.106680063999896,-23.981180136],[-50.107131400999897,-23.980429457999897],[-50.108344893,-23.980136941999898],[-50.111411282999896,-23.979799319999898],[-50.112880654,-23.9760248279999],[-50.112910219999897,-23.974434897],[-50.113224948,-23.971260185999899],[-50.114513652,-23.970370337999899],[-50.117343228,-23.968823937],[-50.121165229,-23.968652393],[-50.123192655,-23.969136841999898],[-50.127477077,-23.971469816],[-50.131805007999901,-23.971533794],[-50.137170302,-23.970476305],[-50.140232710999896,-23.97006743],[-50.143407914999898,-23.970806540999899],[-50.1456478859999,-23.973089358],[-50.145463595,-23.973805311],[-50.146557667999893,-23.974060311999899],[-50.148263215,-23.974275871],[-50.150034014999896,-23.974302221],[-50.153020497999897,-23.973617637],[-50.155291809999895,-23.972922959999899],[-50.157786302,-23.971783767],[-50.158809697,-23.971802318],[-50.158946551,-23.971985011],[-50.159266277,-23.972009104999898],[-50.160983033,-23.9737823],[-50.161613352,-23.9751797179999],[-50.161586797,-23.976717866999898],[-50.161227397999895,-23.97826086],[-50.159986327999896,-23.979635281999897],[-50.158696846999902,-23.980651735],[-50.1597556299999,-23.981913735],[-50.161078437999898,-23.983272772],[-50.164253384999896,-23.984574548999898],[-50.167240781,-23.982107588999899],[-50.170178129999897,-23.9823787619999],[-50.171523089999901,-23.985821244999897],[-50.173670284,-23.987336245999899],[-50.175475342,-23.9865636],[-50.176281145,-23.984521565],[-50.176848331999899,-23.981448095999902],[-50.179074688999897,-23.978627649],[-50.182311524999896,-23.976505657999901],[-50.185389586,-23.9760937839999],[-50.187041811,-23.9766885229999],[-50.188937713999898,-23.977971032],[-50.1916091269999,-23.978808732999898],[-50.194678586999899,-23.978853108999896],[-50.197618573999897,-23.979009473999898],[-50.199776137999898,-23.979953349],[-50.201529750999903,-23.982032348],[-50.202125113999898,-23.984438598999898],[-50.205683059999899,-23.98585845],[-50.208218195999898,-23.987150776],[-50.208418282999894,-23.990234965999896],[-50.210813764,-23.992209337999899],[-50.214004291,-23.9925969509999],[-50.215984131899752,-23.992786525439584],[-50.198791141129114,-23.976593497889802]]],[[[-50.0179682999999,-23.9799601],[-50.0175151,-23.979415699999901],[-50.016795499999901,-23.979289799999901],[-50.016352599999898,-23.9794676],[-50.0164743999999,-23.9803009],[-50.016378,-23.980462499999899],[-50.0158524,-23.9805777],[-50.016042399999897,-23.9812722],[-50.015615399999902,-23.9815704],[-50.0135981,-23.981987699999902],[-50.0130917,-23.982216999999899],[-50.01287930966631,-23.982552639713003],[-50.013670428999895,-23.982603820999898],[-50.017989603672312,-23.980347055497379],[-50.0179682999999,-23.9799601]]],[[[-50.0094098,-23.982071899999902],[-50.008651219132275,-23.981761785327908],[-50.009071665,-23.982306304999899],[-50.009794254311792,-23.98235305275249],[-50.0094098,-23.982071899999902]]],[[[-50.0071204,-23.979709399999901],[-50.0079082,-23.979473799999901],[-50.007970999999898,-23.97916],[-50.0077512,-23.9784476],[-50.0072963,-23.977995],[-50.0058288,-23.9773529],[-50.0063402,-23.9769957],[-50.007683299999897,-23.9767936],[-50.0085478,-23.975790199999899],[-50.0088402,-23.9752046999999],[-50.0087119,-23.9749335999999],[-50.008288,-23.9747495999999],[-50.006944,-23.9750112],[-50.0065842,-23.9749189],[-50.0062133,-23.9741648],[-50.005721999999899,-23.9742214],[-50.0054613,-23.974069499999899],[-50.0055651,-23.9733176999999],[-50.0053377999999,-23.9731343],[-50.005339299999903,-23.972863899999901],[-50.005504899999899,-23.972624799999899],[-50.005899,-23.972627799999898],[-50.006062799999903,-23.9724482],[-50.0058035,-23.9719646],[-50.005349,-23.971658999999899],[-50.004794499999903,-23.971596799999901],[-50.003643699999898,-23.9721302],[-50.002939099999899,-23.972157],[-50.0024786,-23.972424499999899],[-50.0022774,-23.9731151],[-50.0013249,-23.973591499999898],[-50.0013223,-23.9738024],[-50.001519,-23.9738318],[-50.002044399999903,-23.973624599999901],[-50.002107099999897,-23.974077],[-50.0009891,-23.974820399999899],[-49.999490175227869,-23.974968089837187],[-50.004330657,-23.976073713999899],[-50.006576041,-23.979074221],[-50.007094306951295,-23.979745427515425],[-50.0071204,-23.979709399999901]]],[[[-49.996726,-23.9735764],[-49.9968949,-23.972884899999901],[-49.9967387,-23.9725951],[-49.9965551,-23.972523599999899],[-49.996292,-23.9726403],[-49.9964163,-23.9735142],[-49.9961508,-23.9739643],[-49.9956554,-23.9745022],[-49.995455998970968,-23.974602012967136],[-49.996832428510608,-23.974699671277968],[-49.996726,-23.9735764]]]]}},
{"type":"Feature","properties":{"fid":227,"id1":953734,"cd_fcim":"SF22","leg_carga":"Ag+Vss+Re.F","cd_fito":"F","cd_leg_2":"Ag","clas_domi":"Ag","leg_uveg":null,"nm_uveg":null,"leg_uantr":"Ag","nm_uantr":"Agropecuária","leg_contat":null,"nm_contat":null,"veg_pretet":"F","nm_pretet":"Floresta Estacional Semidecidual","leg_sec1":"Vss","nm_sec1":"Vegetação Secundária sem palmeiras","leg_sec2":"Re","nm_sec2":"Florestamento/Reflorestamento com Eucaliptos","leg_sup":"Área Antrópica Dominante","legenda_1":"Floresta Estacional Semidecidual","legenda_2":"Agropecuária","legenda":"3Ag - Agropecuária","ar_poli_km":5518.6243,"leg1_id":5.0,"leg2_id":45.0},"geometry":{"type":"MultiPolygon","coordinates":[[[[-50.3965671999999,-23.8953392999999],[-50.396070199999897,-23.8951951],[-50.394921,-23.895507199999901],[-50.3941932,-23.8955046],[-50.3937756999999,-23.8952929],[-50.393854299999902,-23.895010699999901],[-50.394313,-23.8947302],[-50.394009299999901,-23.8940964],[-50.394356,-23.893887199999899],[-50.394356899999899,-23.8934652999999],[-50.3947026,-23.893148799999899],[-50.3960777,-23.8934379],[-50.3966149,-23.8931926],[-50.396846599999897,-23.8926309],[-50.397307199999901,-23.892386499999901],[-50.3985301,-23.892283399999901],[-50.3982665999999,-23.8914748],[-50.397391399999897,-23.890733],[-50.396474,-23.8904482],[-50.3953296,-23.8896695],[-50.3948776,-23.8884011],[-50.3950318,-23.888154],[-50.395375499999901,-23.888051099999899],[-50.3964088,-23.888053699999901],[-50.396717099999897,-23.8879157],[-50.397255099999903,-23.886686699999899],[-50.397069299999899,-23.8859826],[-50.3967658,-23.8855932],[-50.3956549,-23.8853779],[-50.3941315,-23.8844233999999],[-50.393332,-23.8837141],[-50.392649199999902,-23.882552099999899],[-50.391731799999903,-23.882196099999899],[-50.391430199999903,-23.8815966],[-50.3915863,-23.880788799999898],[-50.3912061,-23.880329],[-50.3902515,-23.8800793999999],[-50.3894903,-23.8794430999999],[-50.3896473,-23.8786704],[-50.3888171,-23.8762399],[-50.3891273999999,-23.875642099999901],[-50.3890546,-23.8746558],[-50.3894816,-23.8732863],[-50.3889492,-23.872580399999901],[-50.388954,-23.871595],[-50.3884609,-23.8707494],[-50.3879649,-23.8703942],[-50.3859017,-23.8702106],[-50.385291799999898,-23.869927699999899],[-50.3846829,-23.8692920999999],[-50.3843067,-23.868057899999901],[-50.383540599999897,-23.868057099999898],[-50.383389399999899,-23.8678795],[-50.383736999999897,-23.8671763],[-50.3835101,-23.866541599999898],[-50.3831693,-23.866260399999899],[-50.3826331,-23.866257699999899],[-50.3824446,-23.8658692],[-50.3829491,-23.8639722],[-50.3824561,-23.863406999999899],[-50.3828419,-23.8624576],[-50.3827337,-23.861016],[-50.3836185,-23.859249599999899],[-50.3778515,-23.859973599999901],[-50.375053,-23.8615128],[-50.371839099999903,-23.8619214],[-50.3699645,-23.862019799999899],[-50.3685515,-23.8618738],[-50.367328,-23.862043399999902],[-50.3667123,-23.8623941],[-50.3664795,-23.863132399999898],[-50.369033699999903,-23.8648994],[-50.371119399999898,-23.8684289],[-50.3714955,-23.869802],[-50.3713354,-23.8711741],[-50.3709878,-23.871771899999899],[-50.3683804,-23.8731016999999],[-50.3648971,-23.874280199999902],[-50.3644375,-23.874595699999901],[-50.3630115,-23.876699899999899],[-50.3621295,-23.8771191],[-50.3605984,-23.8774653],[-50.3571099,-23.8771457],[-50.356330399999898,-23.878289499999902],[-50.357471099999898,-23.8792903],[-50.357994399999903,-23.879607099999902],[-50.360031499999899,-23.8808402999999],[-50.361555199999898,-23.8827236999999],[-50.3616373,-23.884492899999898],[-50.3611612,-23.8871118],[-50.3614676,-23.8884841],[-50.362780299999898,-23.890714199999898],[-50.3637745999999,-23.8916204],[-50.3649416,-23.8920735],[-50.365891099999899,-23.89149],[-50.3663304,-23.889444599999901],[-50.366608299999903,-23.8869184],[-50.3674948,-23.8861287],[-50.3701083999999,-23.8874698],[-50.371699299999896,-23.8896622],[-50.374805599999902,-23.8920444],[-50.3759716,-23.893134],[-50.3766995,-23.8945414999999],[-50.3768061,-23.895653099999901],[-50.376473099999899,-23.8969887],[-50.3754446,-23.8976244999999],[-50.3731897,-23.8967582],[-50.371694799999901,-23.8964353],[-50.368726099999897,-23.896194099999899],[-50.3676063,-23.896545499999899],[-50.3674149,-23.897766299999901],[-50.3706658,-23.9005668],[-50.371558299999897,-23.902374899999899],[-50.371525399999904,-23.903553499999902],[-50.3707724,-23.9044843],[-50.3693562,-23.9052426],[-50.3681369,-23.9053536],[-50.3672455,-23.9045247],[-50.3660785,-23.9040653],[-50.3645548,-23.9041736],[-50.360278299999898,-23.9056514],[-50.3592829,-23.905099499999899],[-50.359773399999902,-23.902637],[-50.3619444999999,-23.897375699999898],[-50.3606957,-23.8964013],[-50.357948602061043,-23.896070550797688],[-50.35884348,-23.89995077],[-50.358654154999897,-23.91084948],[-50.357001667999896,-23.918094593],[-50.355930079999901,-23.921258796],[-50.348251085999898,-23.923878191],[-50.341591316999903,-23.926511659],[-50.336002326999903,-23.925979864999899],[-50.328896062999902,-23.924972144],[-50.324429259999896,-23.918551205],[-50.324479364028214,-23.915703036098517],[-50.3238628,-23.915289599999898],[-50.3223311,-23.912449],[-50.3211107,-23.9115552],[-50.32033,-23.912339799999899],[-50.3201319,-23.9141284],[-50.3206962,-23.9161245999999],[-50.321529499999897,-23.9168486999999],[-50.3225796,-23.9172335],[-50.324218,-23.919085799999898],[-50.3230806,-23.9196626999999],[-50.3193019,-23.920564199999902],[-50.3187255,-23.9214881],[-50.319973699999899,-23.922790099999901],[-50.3238064,-23.924910399999899],[-50.325355499999901,-23.926344899999901],[-50.321193799999897,-23.9272994],[-50.3200497,-23.9277968],[-50.318886,-23.9286048],[-50.318443699999897,-23.92965],[-50.3215033,-23.9330141],[-50.3215269,-23.9342589],[-50.321883,-23.9356298],[-50.323164,-23.9385536999999],[-50.3235263,-23.9403313],[-50.3232459,-23.9418664],[-50.3226885999999,-23.943188399999901],[-50.322424062069558,-23.943584000695068],[-50.328649964,-23.939050415999898],[-50.3388330699999,-23.938738380999897],[-50.342331072,-23.942420318],[-50.342515384999899,-23.9508414219999],[-50.341201525,-23.9544903359999],[-50.346340423,-23.962115674],[-50.34654141,-23.9653203999999],[-50.347251410999903,-23.968760485999901],[-50.349001619,-23.971299469],[-50.351997260999894,-23.975914894],[-50.357336094999894,-23.978504753],[-50.361205292999898,-23.977185042],[-50.361067863,-23.970323042999901],[-50.361091879999897,-23.968952197],[-50.364475902,-23.966025455],[-50.367022251,-23.966974600999901],[-50.367747210999894,-23.969501047999898],[-50.369846664999898,-23.97339347],[-50.370430483999897,-23.97281406],[-50.371910426999897,-23.970039649999901],[-50.373138061999896,-23.968985215],[-50.374106874999896,-23.9689987359999],[-50.376191181,-23.970477778],[-50.377697657999896,-23.970493229999896],[-50.378806363,-23.969639185999899],[-50.379382919999898,-23.968807822],[-50.379620928999898,-23.966917666],[-50.379543557,-23.965532885999899],[-50.380453513999896,-23.9626161629999],[-50.381513415999898,-23.960986899],[-50.382879708,-23.959638641],[-50.382865261999896,-23.959624828],[-50.384088326,-23.954813536999897],[-50.385573107999903,-23.953009406],[-50.386546272,-23.950663617],[-50.386490681999895,-23.948550031],[-50.384692957,-23.94590454],[-50.383974488,-23.944380323],[-50.382912091,-23.940710930999899],[-50.381301955,-23.939037803999899],[-50.380435926999901,-23.939008272],[-50.379946335999897,-23.938711446],[-50.3765285489999,-23.938279286999897],[-50.374890071,-23.937665845],[-50.373918257999897,-23.936193138],[-50.373177110999897,-23.934622309],[-50.372141755999898,-23.933089751999898],[-50.369191207999904,-23.929590371999897],[-50.368824731,-23.928092284999899],[-50.369709655999898,-23.926202064999899],[-50.370141966999896,-23.925985474],[-50.370182476999901,-23.92559869],[-50.370623618,-23.9253785679999],[-50.372259282999899,-23.922752896999899],[-50.372304574999902,-23.922232541],[-50.372631053999896,-23.9219083089999],[-50.372779759999894,-23.9196355999999],[-50.372566896999899,-23.919367579],[-50.372375636999898,-23.918038028999899],[-50.372394936,-23.916441039999899],[-50.371901152999904,-23.913505186999899],[-50.371815563,-23.911944228],[-50.371218457999902,-23.908792643],[-50.371246909,-23.907940313],[-50.372556341999896,-23.906245345999899],[-50.373925491999898,-23.905656475999901],[-50.375727643999895,-23.906060934],[-50.376257988999896,-23.906439129],[-50.376493167,-23.907417354],[-50.376816888999898,-23.907851230999896],[-50.377526195999899,-23.910655984],[-50.378796456,-23.9131130019999],[-50.381054296999899,-23.914711066999899],[-50.381700742999897,-23.915020664999897],[-50.381850740999901,-23.915319732999901],[-50.382859575999895,-23.915528245999898],[-50.386303175,-23.915485171999901],[-50.386744467999897,-23.915674113],[-50.387613409,-23.915699113999899],[-50.388413472,-23.916188722],[-50.391622378999898,-23.915832775999899],[-50.394535921999896,-23.913412426],[-50.394576685999901,-23.913145654999902],[-50.395347215999898,-23.912737654999901],[-50.395889409999896,-23.911979657],[-50.396582232999897,-23.9100644429999],[-50.396699009999899,-23.908745016],[-50.396508509999897,-23.907422816999901],[-50.396123335,-23.906139193999898],[-50.394091945999897,-23.901922414999898],[-50.393682386,-23.900569436999898],[-50.393593003,-23.89920304],[-50.393822164,-23.898504955],[-50.394891822,-23.8969216039999],[-50.395937198999896,-23.896387852],[-50.397174257260616,-23.896107564473503],[-50.3965671999999,-23.8953392999999]]],[[[-50.353882199999902,-23.8923803],[-50.3524954,-23.8917425],[-50.351161499999897,-23.891638699999898],[-50.348778,-23.8922133999999],[-50.347449855237478,-23.893677841043306],[-50.352873882,-23.892146425999901],[-50.353846947113936,-23.892863868031785],[-50.353882199999902,-23.8923803]]],[[[-50.3459146,-23.8955637],[-50.3453043,-23.896658199999901],[-50.3465548,-23.897599399999901],[-50.3469949,-23.898718],[-50.346084699999899,-23.899644],[-50.3456108,-23.9007761],[-50.3462982,-23.9024956],[-50.346900930698077,-23.903107558040393],[-50.347096764999904,-23.902514196],[-50.347167711999901,-23.898426345],[-50.346790910006703,-23.894440556985469],[-50.3459146,-23.8955637]]],[[[-50.3448308,-23.908277199999901],[-50.344489708671304,-23.910413365083802],[-50.345276707071768,-23.908028823804152],[-50.3448308,-23.908277199999901]]],[[[-50.3331042,-23.9115978],[-50.332332,-23.9104154],[-50.3308283,-23.9097755],[-50.329718699999901,-23.9111114],[-50.32900538742598,-23.91282893394936],[-50.331161161999894,-23.911831064999898],[-50.333902016004274,-23.912524514144387],[-50.3331042,-23.9115978]]],[[[-50.312114699999903,-23.949444],[-50.3088279,-23.950979],[-50.306225799999901,-23.950592899999901],[-50.3049763,-23.9509497],[-50.3038839,-23.9513851],[-50.3025231,-23.952199],[-50.3014745,-23.9531628],[-50.3003290999999,-23.95366],[-50.2974695,-23.9539968999999],[-50.2950575,-23.9548313999999],[-50.294419699999899,-23.9561692999999],[-50.2949943,-23.957418399999899],[-50.2960484,-23.9579838],[-50.295244099999898,-23.958921],[-50.2922788,-23.958552],[-50.2911948,-23.9586161],[-50.290320199999897,-23.958992599999899],[-50.289094299999903,-23.958797999999899],[-50.2874211,-23.959259799999899],[-50.2868437,-23.958694099999899],[-50.2857865,-23.958749699999899],[-50.2854793,-23.9589073],[-50.2851008,-23.959563499999899],[-50.285095331759848,-23.959614288418049],[-50.289999289,-23.958956226999902],[-50.293286536,-23.960137889999899],[-50.296017059999897,-23.964035768],[-50.2954244209999,-23.968795567],[-50.295819400999896,-23.969910625999898],[-50.296990447,-23.969152214999898],[-50.300119055,-23.972377702],[-50.298894145999895,-23.976791614],[-50.301715567999892,-23.9829676529999],[-50.301439914999897,-23.984099962],[-50.298676987,-23.989060708999897],[-50.297392476999896,-23.9919610439999],[-50.297771773999898,-23.992122125],[-50.300421962999899,-23.993251437],[-50.303328044999901,-23.992647979],[-50.307178996999902,-23.99099767],[-50.307146750999898,-23.990862695],[-50.306230979999903,-23.986894114999899],[-50.307276482999896,-23.985356618],[-50.311689803,-23.980644373999898],[-50.315596877999901,-23.975697712999899],[-50.319757468,-23.970755111],[-50.325236102999895,-23.9633301279999],[-50.324521425999897,-23.958651658999901],[-50.3238087249999,-23.953973292999898],[-50.3156842019999,-23.9529517839999],[-50.313014471392123,-23.948836171999364],[-50.312114699999903,-23.949444]]],[[[-50.274470199999897,-23.9552040999999],[-50.2736512,-23.955010199999901],[-50.273356545822942,-23.955162539821345],[-50.274578818726717,-23.955370015909519],[-50.274470199999897,-23.9552040999999]]],[[[-50.270603,-23.9543846],[-50.269853899999902,-23.954255499999899],[-50.2692048,-23.9548159],[-50.2684857,-23.954907499999901],[-50.2680038,-23.9559083],[-50.268057631205835,-23.956121922651015],[-50.269969147,-23.954587541999899],[-50.271083989184,-23.954776782139771],[-50.270603,-23.9543846]]],[[[-50.265991299999897,-23.958831099999902],[-50.265819099999902,-23.959112699999899],[-50.2658187,-23.9593958],[-50.265877932415414,-23.959452979178817],[-50.266032396298456,-23.958817239317344],[-50.265991299999897,-23.958831099999902]]],[[[-50.2625254,-23.9598025999999],[-50.261813699999898,-23.9589207],[-50.260587799999897,-23.9587268],[-50.2601432,-23.9589126],[-50.2601028,-23.9600718999999],[-50.260204526152918,-23.960579031399416],[-50.262633173847654,-23.960613324516387],[-50.2625254,-23.9598025999999]]],[[[-50.257897199999903,-23.961300299999898],[-50.257082399999902,-23.9604500999999],[-50.2563332,-23.960257899999899],[-50.2552133,-23.9605452],[-50.252254999999899,-23.9608491],[-50.251364899999899,-23.9613484999999],[-50.2502966,-23.9622601],[-50.2482985,-23.9624638],[-50.2471902999999,-23.9627866],[-50.247076769285691,-23.963068866410811],[-50.252206094,-23.965914251999898],[-50.257065735,-23.964621032],[-50.257598463999898,-23.96326656],[-50.258650613021743,-23.961714520734169],[-50.257897199999903,-23.961300299999898]]],[[[-49.9668985,-23.8771644],[-49.9675573,-23.8751454],[-49.9673369,-23.872624899999899],[-49.9661700999999,-23.8707898],[-49.9653738,-23.8698946],[-49.9647838,-23.8696944],[-49.963701199999903,-23.870873],[-49.9628405,-23.8712614999999],[-49.961874599999902,-23.8713028999999],[-49.9605556,-23.871839],[-49.956290599999903,-23.874969399999902],[-49.9553228,-23.8753586999999],[-49.9541939,-23.8754003],[-49.953766,-23.875200699999901],[-49.953587,-23.8742602999999],[-49.9536,-23.872581399999898],[-49.953139099999902,-23.869813],[-49.9531478,-23.8687767],[-49.9537457,-23.8677423],[-49.9536987,-23.8672002],[-49.953431099999897,-23.8669002],[-49.950988499999902,-23.8671813999999],[-49.9501845,-23.866978199999899],[-49.9472772,-23.867896],[-49.943925,-23.8680216],[-49.9423719,-23.867714799999899],[-49.9407662,-23.867111899999902],[-49.9394889,-23.8658687],[-49.9382345,-23.8651191],[-49.935713399999898,-23.8650527],[-49.934909499999897,-23.864751199999901],[-49.9350395,-23.8621335],[-49.9357209,-23.8607562],[-49.937989,-23.8591420999999],[-49.939125299999901,-23.857915499999901],[-49.9417428,-23.8559581],[-49.9432532,-23.855080299999901],[-49.948912499999899,-23.8531396],[-49.9499766,-23.8529043],[-49.9506163,-23.853301499999901],[-49.949422599999899,-23.8583313],[-49.9481658999999,-23.8611880999999],[-49.948695,-23.862078999999898],[-49.949472399999898,-23.8622824],[-49.9497976,-23.861742],[-49.9541618,-23.8594507],[-49.9565612,-23.8578371],[-49.957644199999898,-23.8559807],[-49.9576848,-23.854326899999901],[-49.9579858,-23.8534902],[-49.958281999999897,-23.8532825],[-49.9598472,-23.852972899999902],[-49.9595596999999,-23.8529004],[-49.9271823,-23.8447242],[-49.923499499999899,-23.8437933],[-49.9237868,-23.8447826999999],[-49.9234121,-23.8448155],[-49.92354,-23.8450751],[-49.9236091,-23.8453172],[-49.9236357,-23.8454944],[-49.9235811,-23.845711799999901],[-49.9234800999999,-23.8458727],[-49.923395399999897,-23.8459508],[-49.9232388,-23.8459773],[-49.9231611,-23.8459905],[-49.922935299999899,-23.8459698],[-49.9227923,-23.845798499999901],[-49.922587399999898,-23.845640699999901],[-49.9224826,-23.845418799999901],[-49.9224876,-23.845247599999901],[-49.9225029,-23.8451689],[-49.9225183,-23.8450893999999],[-49.922493099999897,-23.8449936],[-49.922404,-23.8449654],[-49.9223018,-23.8449674999999],[-49.922222299999902,-23.8449838],[-49.9221535,-23.845059],[-49.9221036,-23.845134],[-49.922064099999901,-23.8453033],[-49.921974,-23.8454434],[-49.9218921,-23.845579],[-49.9217697,-23.8456753],[-49.921679599999898,-23.8457673],[-49.9216347,-23.8458497999999],[-49.9216231,-23.846039099999899],[-49.921634,-23.8461381],[-49.921756199999898,-23.846205699999899],[-49.921841099999902,-23.846297],[-49.9219752,-23.846385199999901],[-49.9220602,-23.846535199999899],[-49.922134899999897,-23.8466149],[-49.922151,-23.8467398],[-49.922141199999899,-23.8468741],[-49.922138699999898,-23.846908799999898],[-49.9220551,-23.847027899999901],[-49.9219487,-23.847110999999899],[-49.9218316,-23.8471557],[-49.921769299999902,-23.847179599999901],[-49.921276299999903,-23.847259699999899],[-49.9201997,-23.8478311],[-49.9197331,-23.8480585],[-49.9196472,-23.8481087],[-49.919546099999899,-23.8481866],[-49.91945,-23.848273699999901],[-49.9193389,-23.848342199999902],[-49.9191931,-23.8483643],[-49.9190624,-23.8483772],[-49.9189368,-23.848376299999899],[-49.918775799999899,-23.8484075],[-49.9185845,-23.848470899999899],[-49.9184131,-23.8485529],[-49.918201199999899,-23.8486576],[-49.9181002999999,-23.8487215],[-49.917964,-23.8487992],[-49.9178661,-23.848833699999901],[-49.9176298,-23.8489023],[-49.9174743,-23.8489455],[-49.9172844,-23.848992899999899],[-49.9172237,-23.8490434],[-49.9171176,-23.8491165],[-49.9171071,-23.8491953999999],[-49.9171216,-23.8493032],[-49.9172336,-23.8493988],[-49.9174518,-23.8495096],[-49.917561299999903,-23.849554],[-49.917742599999897,-23.8496276],[-49.9179267,-23.8497427],[-49.9179796,-23.849872199999901],[-49.9179326,-23.849977099999901],[-49.9178299,-23.8500885],[-49.917805799999897,-23.850096999999899],[-49.9176826,-23.850140199999899],[-49.917629299999902,-23.850325499999901],[-49.9175083,-23.8503893],[-49.9173689,-23.8504578],[-49.917312299999899,-23.8505387],[-49.9172589,-23.850646],[-49.9172545,-23.8507804999999],[-49.917263799999901,-23.8508684],[-49.9172838,-23.8509248999999],[-49.9173863,-23.851154699999899],[-49.9175127,-23.851401699999901],[-49.9175984,-23.851575399999899],[-49.917632399999903,-23.851841],[-49.9176507,-23.852058199999899],[-49.9177147,-23.8522111],[-49.9178094,-23.8522996],[-49.917934,-23.8524113],[-49.9182395999999,-23.8525437],[-49.9184585,-23.8528039],[-49.918557099999902,-23.8530263],[-49.9186797999999,-23.853369],[-49.9187047,-23.853550799999901],[-49.918708,-23.853590999999899],[-49.9187064,-23.853780399999899],[-49.918695899999904,-23.8538404],[-49.9186599,-23.8539417],[-49.918603899999901,-23.854033699999899],[-49.918548,-23.8541165],[-49.9184417,-23.8542174],[-49.918345799999898,-23.8542676],[-49.9181894,-23.8543495],[-49.9180284,-23.8544181],[-49.9179094,-23.854471799999899],[-49.916711899999903,-23.855006499999899],[-49.9165363,-23.855084299999898],[-49.916190899999897,-23.855201],[-49.9161758,-23.855214799999899],[-49.9160947,-23.8552880999999],[-49.915993399999898,-23.8553937],[-49.9159273,-23.855504],[-49.915876,-23.855623799999901],[-49.9158250999999,-23.8557112],[-49.915747,-23.855797],[-49.9156239,-23.855921599999899],[-49.9154604,-23.8560782],[-49.9154147,-23.8561334],[-49.915363699999901,-23.85623],[-49.915239299999897,-23.856341999999898],[-49.915248399999903,-23.856457599999899],[-49.915312899999897,-23.8565551],[-49.9152822,-23.8566777],[-49.9152505,-23.856822],[-49.9152668,-23.8569472],[-49.9152966,-23.8571418],[-49.9154768,-23.8572364999999],[-49.915632899999899,-23.8573731],[-49.9157072,-23.8574101],[-49.9158973,-23.8575537],[-49.9160395,-23.857636699999901],[-49.916072799999903,-23.8576869],[-49.916070499999897,-23.8577708],[-49.9160816,-23.857809099999901],[-49.9161,-23.8578727999999],[-49.9161002,-23.8579799],[-49.9160788,-23.8580959],[-49.916078599999899,-23.8580967],[-49.9160661,-23.858221699999898],[-49.9160459,-23.858351899999899],[-49.916054899999899,-23.858507099999901],[-49.9160806,-23.858596],[-49.916102099999897,-23.8586748],[-49.916194699999899,-23.8587663],[-49.9162322,-23.8588111],[-49.916294299999898,-23.8588401],[-49.9163814999999,-23.8588472],[-49.9164537,-23.858895899999901],[-49.9165335,-23.8589565999999],[-49.9166895,-23.859036],[-49.9167596,-23.8590523],[-49.9168819,-23.8590871],[-49.9169764,-23.859098699999901],[-49.917075399999902,-23.8591107],[-49.917248599999901,-23.8592075],[-49.9173226999999,-23.8593114],[-49.917426299999903,-23.859408],[-49.917496899999897,-23.859470299999899],[-49.9175441,-23.8595071],[-49.9175754,-23.859571399999901],[-49.9175719,-23.8595958],[-49.9175645,-23.8596471],[-49.917572999999898,-23.8598382],[-49.9175688,-23.8600506],[-49.9175863,-23.860169499999898],[-49.9175733,-23.8602854],[-49.9175187,-23.8604164],[-49.9175228,-23.8605532999999],[-49.917532,-23.8606718999999],[-49.917574499999901,-23.860840499999899],[-49.9175609,-23.8610659],[-49.917563599999902,-23.861269299999901],[-49.9176007,-23.861574899999901],[-49.917554,-23.8617303999999],[-49.9175342999999,-23.861929799999899],[-49.9174821,-23.862068599999901],[-49.9174098,-23.8621421],[-49.9172775,-23.8621919],[-49.9171453,-23.8622215],[-49.9170487,-23.8622058999999],[-49.9164921,-23.8623014],[-49.9161493,-23.8624154],[-49.9161089,-23.862442799999901],[-49.9160079,-23.862506799999899],[-49.9159521999999,-23.8625524999999],[-49.9158964,-23.8626307],[-49.9158502,-23.862736599999899],[-49.9158247,-23.862990099999902],[-49.9157159,-23.8632282],[-49.9155203,-23.8635181],[-49.9153653,-23.8637175],[-49.9151628,-23.863841299999901],[-49.9148506,-23.863933],[-49.9138349,-23.864264499999901],[-49.9130984,-23.8645048],[-49.9126398,-23.864645799999899],[-49.912301860855806,-23.864825006192071],[-49.91294801,-23.865160624999898],[-49.915484922999902,-23.865426923],[-49.917772821,-23.8654616769999],[-49.9202073639999,-23.864478613],[-49.92422148,-23.860667591],[-49.925385247999898,-23.8596654299999],[-49.927052593,-23.858896415999897],[-49.92806796,-23.859025616999897],[-49.929423003999901,-23.861201696],[-49.930534526,-23.862920035999899],[-49.932162208,-23.864192742999901],[-49.933297114,-23.864664386999898],[-49.934549796999896,-23.865590258999898],[-49.935283598999895,-23.867075357],[-49.935016504,-23.867751607999899],[-49.936136120999898,-23.869017436],[-49.939565262,-23.869183811],[-49.940952995,-23.869771559999901],[-49.942955824999899,-23.871390158999898],[-49.944749950999892,-23.870624542],[-49.947816588999899,-23.869764297],[-49.949341102999895,-23.869900302999898],[-49.950717886999897,-23.870943232999899],[-49.951187476,-23.87299102],[-49.950884422999899,-23.875481962],[-49.951503274999894,-23.87639925],[-49.9540268599999,-23.877344940999897],[-49.957081038999895,-23.877165211],[-49.960668519999899,-23.875745557999899],[-49.962704695999896,-23.875662964999897],[-49.963460138,-23.876014884],[-49.963692251999895,-23.877152366],[-49.963127745999898,-23.880092503],[-49.965721239188348,-23.879742000384326],[-49.9668985,-23.8771644]]]]}},
{"type":"Feature","properties":{"fid":230,"id1":960500,"cd_fcim":"SF22","leg_carga":"Re+Rp.F","cd_fito":"F","cd_leg_2":"R","clas_domi":"Re","leg_uveg":null,"nm_uveg":null,"leg_uantr":"Re","nm_uantr":"Florestamento/Reflorestamento com Eucaliptos","leg_contat":null,"nm_contat":null,"veg_pretet":"F","nm_pretet":"Floresta Estacional Semidecidual","leg_sec1":"Rp","nm_sec1":"Florestamento/Reflorestamento com Pinus","leg_sec2":null,"nm_sec2":null,"leg_sup":"Área Antrópica Dominante","legenda_1":"Floresta Estacional Semidecidual","legenda_2":"Florestamento/Reflorestamento","legenda":"3Re - Florestamento/Reflorestamento com Eucaliptos","ar_poli_km":63.5499,"leg1_id":5.0,"leg2_id":50.0},"geometry":{"type":"MultiPolygon","coordinates":[[[[-50.097204299999902,-23.9625273999999],[-50.0966513,-23.9618616],[-50.0965586,-23.9613193],[-50.0957243,-23.960953699999902],[-50.095311299999899,-23.9610261999999],[-50.094970499999903,-23.9612797999999],[-50.0947361999999,-23.9619418999999],[-50.093851899999898,-23.9619663],[-50.0935931,-23.961782099999901],[-50.0937941,-23.960851499999901],[-50.0936009,-23.960577999999899],[-50.0926555,-23.9601519],[-50.091642,-23.9600252],[-50.0909879,-23.960141099999898],[-50.090311299999897,-23.9607396],[-50.090068099999897,-23.9606558999999],[-50.0897955,-23.960276599999901],[-50.0894638,-23.9601627],[-50.0880223999999,-23.9606363],[-50.0876623999999,-23.9605154],[-50.0870133,-23.9598776999999],[-50.086318199999901,-23.960957999999899],[-50.085413699999897,-23.961584],[-50.0832892,-23.961180199999902],[-50.0826685,-23.9613257],[-50.0814915999999,-23.9610794],[-50.081357,-23.961499699999901],[-50.0817435,-23.9624966],[-50.0815664,-23.9629265999999],[-50.0810546,-23.9633057],[-50.0809576,-23.9635555999999],[-50.0809758,-23.9656176999999],[-50.0808431,-23.9657802],[-50.079844099999903,-23.9659548],[-50.079367499999897,-23.9663727],[-50.079595299999902,-23.9670302],[-50.079380699999902,-23.967754],[-50.0797653,-23.968945599999898],[-50.0795343,-23.969235399999899],[-50.0785716,-23.968892599999901],[-50.077652199999903,-23.9694236],[-50.076542,-23.968986],[-50.0754213,-23.969445999999898],[-50.0749943,-23.969427],[-50.0748665,-23.9688116],[-50.0752623,-23.968270899999901],[-50.0754003,-23.967610099999899],[-50.0758764,-23.9671769],[-50.0758791,-23.966829099999899],[-50.0756368999999,-23.9664506],[-50.075211,-23.9663],[-50.0742633,-23.9663694999999],[-50.0741618,-23.9655701],[-50.0728429,-23.9646908],[-50.0731671,-23.9653084999999],[-50.072608199999898,-23.9656214],[-50.072341799999897,-23.9662375],[-50.072712099999897,-23.9670222],[-50.072399699999899,-23.967244999999899],[-50.0718858,-23.9672734],[-50.0715699,-23.967707],[-50.0719415,-23.9684169],[-50.0716747,-23.9691086999999],[-50.0698279,-23.9687812],[-50.0692111,-23.969024999999899],[-50.0688423,-23.9694211999999],[-50.068842699999898,-23.9704732],[-50.068087799999901,-23.971057],[-50.0677458,-23.971701799999899],[-50.0678086,-23.972124399999899],[-50.0688509,-23.9727928],[-50.070016699999897,-23.9746048],[-50.0700892,-23.9757117999999],[-50.070250799999897,-23.9760224],[-50.071293399999902,-23.9767793],[-50.0714166,-23.977772199999901],[-50.0700653,-23.9790889],[-50.069577599999903,-23.9806134],[-50.0692842999999,-23.980852],[-50.0688499,-23.980913],[-50.0684648,-23.980967099999901],[-50.06821437177905,-23.981278952225249],[-50.069850307,-23.980768468999898],[-50.076490673999899,-23.981324517],[-50.082046878999897,-23.985059738],[-50.086138916,-23.985120385],[-50.089344361999899,-23.977862344],[-50.091491985999895,-23.9724146739999],[-50.098786901,-23.965217364999898],[-50.097712562984931,-23.962172211030865],[-50.097204299999902,-23.9625273999999]]],[[[-50.0674797,-23.9812944],[-50.0670557,-23.9811104999999],[-50.0663967,-23.9812856],[-50.066472777689974,-23.981822405631263],[-50.068158227031169,-23.981296471838263],[-50.0674797,-23.9812944]]],[[[-50.054513799999903,-23.984254099999902],[-50.0540897,-23.9840098],[-50.0540262,-23.9837692],[-50.0532099,-23.983523799999901],[-50.052594499999898,-23.9824957],[-50.0521031,-23.9825534],[-50.0517669,-23.983876199999902],[-50.0513725,-23.9842032],[-50.050946699999898,-23.9841418],[-50.0496587,-23.9834101],[-50.049265499999898,-23.983408999999899],[-50.0493041,-23.9836893999999],[-50.049814099999899,-23.9843741],[-50.0498444,-23.9848274],[-50.048922699999899,-23.985844799999899],[-50.0486549,-23.986534699999901],[-50.048650867190538,-23.986556592394123],[-50.049281038999901,-23.986398053],[-50.054750584533068,-23.985091134761902],[-50.054513799999903,-23.984254099999902]]],[[[-50.0456953999999,-23.9860358],[-50.045532799999897,-23.9858234],[-50.0451896,-23.985761399999902],[-50.0442699,-23.986388599999898],[-50.0436151,-23.9862626],[-50.0427625,-23.986529099999899],[-50.0426563,-23.9874621],[-50.0420639,-23.9880598],[-50.042071967891644,-23.9882117199218],[-50.046036037377704,-23.987214434474811],[-50.0456953999999,-23.9860358]]],[[[-50.0373748,-23.989174799999901],[-50.0372479,-23.9886018],[-50.0357188,-23.9872678999999],[-50.0343834,-23.9864456],[-50.033973699999898,-23.9865045],[-50.033346,-23.9872238],[-50.0331171,-23.9872819],[-50.032764799999903,-23.986045999999899],[-50.0325386,-23.985952699999899],[-50.0317524,-23.985977499999901],[-50.0312871,-23.9868182],[-50.0288242,-23.9858685],[-50.02765,-23.9850494],[-50.0266683,-23.9851322],[-50.026096299999899,-23.984778499999901],[-50.0255263,-23.984642999999899],[-50.0247725,-23.984670299999902],[-50.0236528,-23.985596],[-50.0230738,-23.9865851],[-50.0225151,-23.9868528],[-50.0219627,-23.9863058],[-50.0215433,-23.9854314],[-50.021062899999897,-23.983983],[-50.0205129,-23.9831052],[-50.0203718,-23.9823534],[-50.0180263,-23.9810136],[-50.017989603672312,-23.980347055497379],[-50.013670428999895,-23.982603820999898],[-50.01287930966631,-23.982552639713003],[-50.0126938,-23.9828458],[-50.012106199999899,-23.9831235],[-50.0115905,-23.9835906],[-50.0114566,-23.9840116],[-50.0109985,-23.983978099999899],[-50.0101586,-23.982619499999899],[-50.009794254311792,-23.98235305275249],[-50.009071665,-23.982306304999899],[-50.008651219132275,-23.981761785327908],[-50.008136099999902,-23.9815512],[-50.0072542,-23.9813957],[-50.0071432,-23.980913299999902],[-50.006621,-23.9807294],[-50.006557799999896,-23.9804862],[-50.007094306951295,-23.979745427515425],[-50.006576041,-23.979074221],[-50.004330657,-23.976073713999899],[-49.999490175227869,-23.974968089837187],[-49.9993967,-23.9749773],[-49.999458699999899,-23.975610699999901],[-49.999261299999901,-23.9756993],[-49.9984792,-23.9752743],[-49.9972069,-23.9752844],[-49.9968772,-23.9751722],[-49.996832428510608,-23.974699671277968],[-49.995455998970968,-23.974602012967136],[-49.9947688,-23.974946],[-49.9945658,-23.975788],[-49.9941711,-23.9760562],[-49.9933851,-23.9762024999999],[-49.9928639,-23.9759879],[-49.993005799999899,-23.975659],[-49.9926967,-23.9753256],[-49.990522499999898,-23.975130099999902],[-49.9903768,-23.974754],[-49.9907426,-23.974275],[-49.9906472,-23.9739291],[-49.9903695,-23.9739119],[-49.989414699999898,-23.9744918],[-49.9879367,-23.9741324],[-49.9874985,-23.973648599999901],[-49.9877155,-23.973181899999901],[-49.9872075,-23.9732696],[-49.9867348,-23.9729814999999],[-49.9870597,-23.9715378],[-49.985358399999903,-23.970170199999899],[-49.9849816,-23.970273899999899],[-49.9849775,-23.9707253999999],[-49.9853227,-23.9716061],[-49.9852147,-23.971854699999898],[-49.984642699999903,-23.9718209],[-49.9835047,-23.970924899999901],[-49.9831158,-23.9702162],[-49.9825367,-23.9700622],[-49.982323699999903,-23.970181099999898],[-49.982216799999897,-23.971248199999899],[-49.9817904,-23.9713669],[-49.9804045,-23.9712387],[-49.9800731,-23.9709263],[-49.980296699999897,-23.969867599999901],[-49.9800531,-23.9696403999999],[-49.9789567,-23.969717199999899],[-49.97834,-23.9692233],[-49.978214694776511,-23.969159435134671],[-49.976946917999896,-23.970236030999899],[-49.981461977,-23.97487103],[-49.988022182999899,-23.979537012],[-49.987944311,-23.9836450929999],[-49.991956526999893,-23.987816052],[-49.996975445,-23.992915237],[-50.001561927999894,-23.993897515],[-50.004725086999898,-23.988922842999898],[-50.010334051,-23.9899213059999],[-50.013316226999898,-23.994532143],[-50.016879252999892,-23.995499691],[-50.021985078999904,-23.996032972],[-50.029639392,-23.9970618299999],[-50.034312099,-23.9934798479999],[-50.036966529438921,-23.990935083502567],[-50.0373748,-23.989174799999901]]],[[[-49.9691928,-23.9443431],[-49.9696863,-23.9438656999999],[-49.9704495,-23.9424255],[-49.9711105,-23.9416469],[-49.972130499999899,-23.941111099999901],[-49.973555,-23.9409699],[-49.9740163,-23.9406728],[-49.9741193999999,-23.9399797],[-49.973926199999902,-23.9396176999999],[-49.9713259,-23.9373421999999],[-49.9702794,-23.9372147],[-49.968894799041593,-23.93736675610322],[-49.970524621,-23.938373134],[-49.970731674,-23.9408851859999],[-49.967602567999897,-23.94403162],[-49.966632292180456,-23.945419866597415],[-49.9691928,-23.9443431]]],[[[-49.971919699999901,-23.9324669],[-49.973305,-23.9312727],[-49.973333677648675,-23.931233147016719],[-49.969875535,-23.932203166],[-49.966755534,-23.934893222],[-49.967292866255342,-23.935639302071664],[-49.971919699999901,-23.9324669]]]]}},
{"type":"Feature","properties":{"fid":232,"id1":964033,"cd_fcim":"SF22","leg_carga":"Rp+Vss.F","cd_fito":"F","cd_leg_2":"R","clas_domi":"Rp","leg_uveg":null,"nm_uveg":null,"leg_uantr":"Rp","nm_uantr":"Florestamento/Reflorestamento com Pinus","leg_contat":null,"nm_contat":null,"veg_pretet":"F","nm_pretet":"Floresta Estacional Semidecidual","leg_sec1":"Vss","nm_sec1":"Vegetação Secundária sem palmeiras","leg_sec2":null,"nm_sec2":null,"leg_sup":"Área Antrópica Dominante","legenda_1":"Floresta Estacional Semidecidual","legenda_2":"Florestamento/Reflorestamento","legenda":"3Rp - Florestamento/Reflorestamento com Pinus","ar_poli_km":2.919,"leg1_id":5.0,"leg2_id":50.0},"geometry":{"type":"MultiPolygon","coordinates":[[[[-50.111411282999896,-23.979799319999898],[-50.114864162999901,-23.981684426],[-50.115794821999899,-23.981903787],[-50.116680909999893,-23.981905246999897],[-50.120143288999898,-23.981189843],[-50.1231883929999,-23.981036409],[-50.125410926,-23.98028493],[-50.129277858,-23.977821549999899],[-50.129828511,-23.977804098],[-50.130083888999899,-23.977430039999899],[-50.1324531919999,-23.977175056],[-50.134223663999897,-23.977290604999901],[-50.136031273999897,-23.976810136],[-50.137762778,-23.976064988],[-50.141848007,-23.973411531],[-50.144741998,-23.973636924999898],[-50.145463595,-23.973805311],[-50.1456478859999,-23.973089358],[-50.143407914999898,-23.970806540999899],[-50.140232710999896,-23.97006743],[-50.137170302,-23.970476305],[-50.131805007999901,-23.971533794],[-50.127477077,-23.971469816],[-50.123192655,-23.969136841999898],[-50.121165229,-23.968652393],[-50.117343228,-23.968823937],[-50.114513652,-23.970370337999899],[-50.113224948,-23.971260185999899],[-50.112910219999897,-23.974434897],[-50.112880654,-23.9760248279999],[-50.111411282999896,-23.979799319999898]]]]}},
{"type":"Feature","properties":{"fid":233,"id1":964030,"cd_fcim":"SF22","leg_carga":"Rp+Vss.F","cd_fito":"F","cd_leg_2":"R","clas_domi":"Rp","leg_uveg":null,"nm_uveg":null,"leg_uantr":"Rp","nm_uantr":"Florestamento/Reflorestamento com Pinus","leg_contat":null,"nm_contat":null,"veg_pretet":"F","nm_pretet":"Floresta Estacional Semidecidual","leg_sec1":"Vss","nm_sec1":"Vegetação Secundária sem palmeiras","leg_sec2":null,"nm_sec2":null,"leg_sup":"Área Antrópica Dominante","legenda_1":"Floresta Estacional Semidecidual","legenda_2":"Florestamento/Reflorestamento","legenda":"3Rp - Florestamento/Reflorestamento com Pinus","ar_poli_km":10.9931,"leg1_id":5.0,"leg2_id":50.0},"geometry":{"type":"MultiPolygon","coordinates":[[[[-50.215984131899752,-23.992786525439584],[-50.214004291,-23.9925969509999],[-50.210813764,-23.992209337999899],[-50.208418282999894,-23.990234965999896],[-50.208218195999898,-23.987150776],[-50.205683059999899,-23.98585845],[-50.202125113999898,-23.984438598999898],[-50.201529750999903,-23.982032348],[-50.199776137999898,-23.979953349],[-50.197618573999897,-23.979009473999898],[-50.194678586999899,-23.978853108999896],[-50.1916091269999,-23.978808732999898],[-50.188937713999898,-23.977971032],[-50.187041811,-23.9766885229999],[-50.185389586,-23.9760937839999],[-50.182311524999896,-23.976505657999901],[-50.179074688999897,-23.978627649],[-50.176848331999899,-23.981448095999902],[-50.176281145,-23.984521565],[-50.175475342,-23.9865636],[-50.173670284,-23.987336245999899],[-50.171523089999901,-23.985821244999897],[-50.170178129999897,-23.9823787619999],[-50.167240781,-23.982107588999899],[-50.164253384999896,-23.984574548999898],[-50.161078437999898,-23.983272772],[-50.1597556299999,-23.981913735],[-50.158696846999902,-23.980651735],[-50.156971922999901,-23.982011782],[-50.156779926999903,-23.982523984],[-50.156754653999897,-23.984039459],[-50.1573842009999,-23.984761318],[-50.157374475,-23.985619576],[-50.156235086,-23.988367473],[-50.156641760999904,-23.990305888999899],[-50.158126420999899,-23.991677055],[-50.158291257,-23.991617329999897],[-50.160221313999898,-23.992103049],[-50.16154098,-23.993016521999898],[-50.162240755999896,-23.994604977999899],[-50.164543565,-23.998479104999898],[-50.164652917999895,-24.0],[-50.214465388999898,-24.000000000999901],[-50.215045672999899,-23.998775386],[-50.217498378999899,-23.997555036999898],[-50.218139873444784,-23.994816886689389],[-50.215984131899752,-23.992786525439584]]]]}},
{"type":"Feature","properties":{"fid":237,"id1":976514,"cd_fcim":"SG22","leg_carga":"Ac+Re+Vss.F","cd_fito":"F","cd_leg_2":"Ac","clas_domi":"Ac","leg_uveg":null,"nm_uveg":null,"leg_uantr":"Ac","nm_uantr":"Agricultura","leg_contat":null,"nm_contat":null,"veg_pretet":"F","nm_pretet":"Floresta Estacional Semidecidual","leg_sec1":"Re","nm_sec1":"Florestamento/Reflorestamento com Eucaliptos","leg_sec2":"Vss","nm_sec2":"Vegetação Secundária sem palmeiras","leg_sup":"Área Antrópica Dominante","legenda_1":"Floresta Estacional Semidecidual","legenda_2":"Agricultura","legenda":"3Ac - Agricultura","ar_poli_km":106.3454,"leg1_id":5.0,"leg2_id":44.0},"geometry":{"type":"MultiPolygon","coordinates":[[[[-50.004219809999896,-24.047671254999898],[-50.004521009,-24.050501170999901],[-50.007883793999902,-24.055285528999899],[-50.008183732999896,-24.058264673999897],[-50.010266027999897,-24.061255716999899],[-50.013814479999894,-24.063363038],[-50.016052735999892,-24.0669510399999],[-50.021254384,-24.0651999359999],[-50.029527115999898,-24.0642161389999],[-50.029881492999898,-24.060497939999898],[-50.026828101,-24.057351391999902],[-50.02636009,-24.055265959999897],[-50.029132962999896,-24.053051522],[-50.032042995,-24.0538149029999],[-50.0341190769999,-24.057550572],[-50.043355407,-24.057761574],[-50.05012491,-24.062419458],[-50.053693139999893,-24.062146212],[-50.057299837999899,-24.056812625],[-50.0612158449999,-24.053415931],[-50.065274125999892,-24.0525505099999],[-50.077339585999894,-24.064086965999898],[-50.081225872999894,-24.06440968],[-50.085489244999899,-24.057890038],[-50.092630823,-24.056596908],[-50.095522306999897,-24.049099003],[-50.098414585999897,-24.041602204],[-50.106705838,-24.037934532999898],[-50.108516231999893,-24.034226408999899],[-50.108553721,-24.029165722999899],[-50.115387857999899,-24.025190807999898],[-50.118332370999894,-24.021340145999897],[-50.118565213999894,-24.011668828],[-50.121181564,-24.00841065],[-50.1266045469999,-24.006874695],[-50.131345501999895,-24.003941255],[-50.132353224,-24.000025794999896],[-50.132343051,-24.0],[-49.950107147,-24.0],[-49.950106844999901,-24.0000161409999],[-49.94985014,-24.0030954379999],[-49.949637766,-24.004514838],[-49.948865564999899,-24.006474141999899],[-49.946789198,-24.009012415],[-49.943280429,-24.011962405999899],[-49.94241778,-24.017909236],[-49.949981162999904,-24.023619844999899],[-49.955507692999895,-24.021726315],[-49.959555172999892,-24.022053645],[-49.961374532,-24.0260851409999],[-49.959625639999892,-24.032619752],[-49.963156355999899,-24.036514353],[-49.963295421999895,-24.039194678999898],[-49.950711251999898,-24.051453786],[-49.944353469999896,-24.055722881999898],[-49.933641258999891,-24.057577192999897],[-49.931848166999892,-24.058755344999899],[-49.928411878999896,-24.062448923],[-49.926915827999899,-24.06660454],[-49.928986472,-24.070786769999899],[-49.932369028,-24.073044792],[-49.936573570999897,-24.074117771],[-49.945000168,-24.074329030999898],[-49.953201319999899,-24.081830445],[-49.955307862,-24.081847006],[-49.959382553999895,-24.079345783999901],[-49.965082385,-24.075220868],[-49.9681677559999,-24.074499148],[-49.974679659999893,-24.078775353],[-49.975738143999898,-24.081100929999899],[-49.979449925,-24.083062733],[-49.981726100999893,-24.08233547],[-49.982555109,-24.080108847999899],[-49.9782635299999,-24.0701065159999],[-49.978129884999895,-24.066683731999898],[-49.974834449999896,-24.062178060999898],[-49.9744517,-24.057505937],[-49.976603501999897,-24.053629160999897],[-49.98071673,-24.048397115999897],[-49.980605833,-24.042295497999898],[-49.983249841,-24.0363618549999],[-49.982776007,-24.034869419],[-49.975857650999899,-24.029291741999902],[-49.974477204,-24.025201602],[-49.975481658,-24.021339935999897],[-49.982790606,-24.01403694],[-49.986357255,-24.013765439999901],[-49.988109677999894,-24.017349222999901],[-49.987399191999899,-24.024636114],[-49.98835121,-24.027022502],[-49.996710191,-24.034970052999899],[-50.001343593999898,-24.042740674],[-50.003919593,-24.044841381],[-50.004219809999896,-24.047671254999898]]]]}},
{"type":"Feature","properties":{"fid":238,"id1":976513,"cd_fcim":"SG22","leg_carga":"Ac+Re+Vss.F","cd_fito":"F","cd_leg_2":"Ac","clas_domi":"Ac","leg_uveg":null,"nm_uveg":null,"leg_uantr":"Ac","nm_uantr":"Agricultura","leg_contat":null,"nm_contat":null,"veg_pretet":"F","nm_pretet":"Floresta Estacional Semidecidual","leg_sec1":"Re","nm_sec1":"Florestamento/Reflorestamento com Eucaliptos","leg_sec2":"Vss","nm_sec2":"Vegetação Secundária sem palmeiras","leg_sup":"Área Antrópica Dominante","legenda_1":"Floresta Estacional Semidecidual","legenda_2":"Agricultura","legenda":"3Ac - Agricultura","ar_poli_km":2.6282,"leg1_id":5.0,"leg2_id":44.0},"geometry":{"type":"MultiPolygon","coordinates":[[[[-50.214465388999898,-24.000000000999901],[-50.21445971,-24.000011988],[-50.214193943999895,-24.003661526],[-50.214184042999896,-24.004208838999897],[-50.214780194999896,-24.005093895],[-50.216628805999903,-24.004682519],[-50.218467148999899,-24.004709316999897],[-50.218576065,-24.005476377],[-50.217414693999899,-24.008634559],[-50.21725315,-24.010821413],[-50.217472538,-24.012248282],[-50.21778363,-24.015426911999899],[-50.219317187999899,-24.018841965],[-50.223628609999899,-24.017809476],[-50.226220978999898,-24.016861729],[-50.228957014999899,-24.014819936],[-50.231673869,-24.013764588],[-50.232433488,-24.012461862999899],[-50.232583464999898,-24.010931421999899],[-50.230656457999899,-24.008933869],[-50.230190494999903,-24.007613057],[-50.229733418,-24.005745827999899],[-50.229877683,-24.004543637],[-50.229549285999902,-24.002349767999899],[-50.227855723999895,-24.000007819999901],[-50.227852904,-24.0],[-50.214465388999898,-24.000000000999901]]]]}},
{"type":"Feature","properties":{"fid":243,"id1":984487,"cd_fcim":"SG22","leg_carga":"Re+Rp.F","cd_fito":"F","cd_leg_2":"R","clas_domi":"Re","leg_uveg":null,"nm_uveg":null,"leg_uantr":"Re","nm_uantr":"Florestamento/Reflorestamento com Eucaliptos","leg_contat":null,"nm_contat":null,"veg_pretet":"F","nm_pretet":"Floresta Estacional Semidecidual","leg_sec1":"Rp","nm_sec1":"Florestamento/Reflorestamento com Pinus","leg_sec2":null,"nm_sec2":null,"leg_sup":"Área Antrópica Dominante","legenda_1":"Floresta Estacional Semidecidual","legenda_2":"Florestamento/Reflorestamento","legenda":"3Re - Florestamento/Reflorestamento com Eucaliptos","ar_poli_km":26.1832,"leg1_id":5.0,"leg2_id":50.0},"geometry":{"type":"MultiPolygon","coordinates":[[[[-50.214193943999895,-24.003661526],[-50.209645129999892,-24.004253419999898],[-50.207129382999895,-24.007720003],[-50.206829131999896,-24.010780831],[-50.2045947,-24.01228128],[-50.195447632,-24.0160913879999],[-50.194752619,-24.018771711999896],[-50.193097937999894,-24.023939008],[-50.191575031999903,-24.026763510999899],[-50.187139397999893,-24.027794],[-50.184457880999894,-24.026879589],[-50.180692708,-24.031644539999899],[-50.179904463999904,-24.034479323],[-50.182298992,-24.037798449],[-50.183947434999894,-24.041544671999898],[-50.185363514999892,-24.044630412999897],[-50.189200671,-24.049503204999898],[-50.189655926999897,-24.051480834999897],[-50.191031357,-24.056755418],[-50.191732577,-24.058737128999898],[-50.191688622999898,-24.061144171999899],[-50.196475601,-24.067782891],[-50.201068157999899,-24.071568542999898],[-50.200406538,-24.067398793999896],[-50.199484275,-24.0641008159999],[-50.199057125,-24.06059085],[-50.200652224999899,-24.0538258089999],[-50.201471680999894,-24.0492394199999],[-50.203276060999897,-24.044449103],[-50.203082333999895,-24.041599011],[-50.202908436999898,-24.037656],[-50.204439619,-24.034393065],[-50.205487231999896,-24.0306866019999],[-50.205103907,-24.024768532999897],[-50.205155100999896,-24.021922659],[-50.206912214999896,-24.01975952],[-50.210100237999896,-24.019805237],[-50.211789572,-24.021361661999897],[-50.212738018,-24.023126094],[-50.211947924999897,-24.026180925999899],[-50.212126097999899,-24.029905544],[-50.2115716449999,-24.033400877999899],[-50.211037970999897,-24.035801510999899],[-50.209752795,-24.039067603],[-50.210084153,-24.047830276],[-50.210784518,-24.049811862999899],[-50.211453606999896,-24.053543008],[-50.211410784999899,-24.055951837999899],[-50.21158897,-24.059676875],[-50.214006147999896,-24.061682018999896],[-50.218183858,-24.061303541],[-50.223651794,-24.057440361],[-50.225641517,-24.055937345],[-50.227421626,-24.052458911],[-50.227258836,-24.047857409],[-50.225426227999897,-24.0406056469999],[-50.225959766999893,-24.038205854999898],[-50.228424640999897,-24.037582912999902],[-50.23355981,-24.038533211999898],[-50.238457385999894,-24.039040262],[-50.240689666,-24.037758566],[-50.241234490999901,-24.034701368999897],[-50.238883743,-24.028975074999899],[-50.23746299,-24.0261079819999],[-50.2375023909999,-24.023919463],[-50.237783581,-24.021952255],[-50.236579812999899,-24.020622140999901],[-50.234657834,-24.018404528],[-50.234680705,-24.017091625],[-50.240127774,-24.014323456999897],[-50.242872528999897,-24.011735122999898],[-50.247481365999903,-24.010977043],[-50.252355657999892,-24.012797595999899],[-50.253818914,-24.0132569149999],[-50.256766067999898,-24.013079057],[-50.263687441999899,-24.010113363],[-50.266925872999899,-24.007312747],[-50.269160890999899,-24.005810965],[-50.272161530999895,-24.002569073999897],[-50.273091607,-24.000008056999899],[-50.273095844999901,-24.0],[-50.227852904,-24.0],[-50.227855723999895,-24.000007819999901],[-50.229549285999902,-24.002349767999899],[-50.229877683,-24.004543637],[-50.229733418,-24.005745827999899],[-50.230190494999903,-24.007613057],[-50.230656457999899,-24.008933869],[-50.232583464999898,-24.010931421999899],[-50.232433488,-24.012461862999899],[-50.231673869,-24.013764588],[-50.228957014999899,-24.014819936],[-50.226220978999898,-24.016861729],[-50.223628609999899,-24.017809476],[-50.219317187999899,-24.018841965],[-50.21778363,-24.015426911999899],[-50.217472538,-24.012248282],[-50.21725315,-24.010821413],[-50.217414693999899,-24.008634559],[-50.218576065,-24.005476377],[-50.218467148999899,-24.004709316999897],[-50.216628805999903,-24.004682519],[-50.214780194999896,-24.005093895],[-50.214184042999896,-24.004208838999897],[-50.214193943999895,-24.003661526]]]]}},
{"type":"Feature","properties":{"fid":244,"id1":985899,"cd_fcim":"SG22","leg_carga":"Re+Rp+Vss.F","cd_fito":"F","cd_leg_2":"R","clas_domi":"Re","leg_uveg":null,"nm_uveg":null,"leg_uantr":"Re","nm_uantr":"Florestamento/Reflorestamento com Eucaliptos","leg_contat":null,"nm_contat":null,"veg_pretet":"F","nm_pretet":"Floresta Estacional Semidecidual","leg_sec1":"Rp","nm_sec1":"Florestamento/Reflorestamento com Pinus","leg_sec2":"Vss","nm_sec2":"Vegetação Secundária sem palmeiras","leg_sup":"Área Antrópica Dominante","legenda_1":"Floresta Estacional Semidecidual","legenda_2":"Florestamento/Reflorestamento","legenda":"3Re - Florestamento/Reflorestamento com Eucaliptos","ar_poli_km":59.3083,"leg1_id":5.0,"leg2_id":50.0},"geometry":{"type":"MultiPolygon","coordinates":[[[[-50.121154648999898,-24.056329186],[-50.1120643,-24.058505496999899],[-50.099208045999895,-24.065417908],[-50.093289516,-24.076541771999899],[-50.083182305,-24.084215644],[-50.083629811,-24.089129071999899],[-50.086830112,-24.094656128999901],[-50.083525638999895,-24.102819413999899],[-50.085599799999898,-24.1071485209999],[-50.088354269,-24.107463707],[-50.091772592,-24.105700605],[-50.094898240999903,-24.09961802],[-50.097505165,-24.097849809],[-50.109199981999893,-24.094946863999901],[-50.114741645,-24.090814109999897],[-50.118641042,-24.089499138999901],[-50.122044811,-24.089668657999901],[-50.125464193,-24.087606031999897],[-50.128883506,-24.085544292999899],[-50.133582395,-24.085869552],[-50.134686174,-24.090043626999897],[-50.133383362999894,-24.090928328999897],[-50.128494164,-24.094470359999896],[-50.127990210999897,-24.096848141999899],[-50.129434343,-24.0989417709999],[-50.13786298,-24.099140374999898],[-50.1522547719999,-24.081369294],[-50.161835367,-24.078747576999898],[-50.165729042999899,-24.078323414],[-50.170098677999896,-24.07939069],[-50.172210321999898,-24.078658993],[-50.173272524999895,-24.077326295],[-50.179082432,-24.07957247],[-50.182026199999903,-24.0796144679999],[-50.184962563999896,-24.080095693],[-50.19111499,-24.079089535],[-50.192252928999899,-24.077243794],[-50.193391801999901,-24.075399892999897],[-50.196093732999898,-24.075219472],[-50.200275844,-24.074622969],[-50.201068157999899,-24.071568542999898],[-50.196475601,-24.067782891],[-50.191688622999898,-24.061144171999899],[-50.191732577,-24.058737128999898],[-50.191031357,-24.056755418],[-50.189655926999897,-24.051480834999897],[-50.189200671,-24.049503204999898],[-50.185363514999892,-24.044630412999897],[-50.183947434999894,-24.041544671999898],[-50.182298992,-24.037798449],[-50.179904463999904,-24.034479323],[-50.180692708,-24.031644539999899],[-50.184457880999894,-24.026879589],[-50.183010421999896,-24.025544317],[-50.175645155,-24.025875296],[-50.169991205,-24.026450745],[-50.166593011,-24.024430251],[-50.165664880999898,-24.021570966],[-50.164466659,-24.0200214619999],[-50.162275176,-24.019113138],[-50.158338793,-24.019713028999899],[-50.153449194,-24.018765556999899],[-50.152247834,-24.017434238],[-50.151785477,-24.015895045],[-50.153563464999898,-24.010691509],[-50.150146053999897,-24.012902095],[-50.142207674999902,-24.013002991999901],[-50.138776342,-24.017001191999899],[-50.134872698,-24.019209044],[-50.133561355,-24.0212847449999],[-50.135788582,-24.026952842],[-50.135114653999892,-24.030669289999899],[-50.124536447,-24.037004726],[-50.122244887,-24.040263845],[-50.122058564,-24.043536544999899],[-50.125083499999896,-24.05069803],[-50.124579083,-24.053372824999901],[-50.121154648999898,-24.056329186]]]]}},
{"type":"Feature","properties":{"fid":245,"id1":977236,"cd_fcim":"SG22","leg_carga":"Rp+Vss.F","cd_fito":"F","cd_leg_2":"R","clas_domi":"Rp","leg_uveg":null,"nm_uveg":null,"leg_uantr":"Rp","nm_uantr":"Florestamento/Reflorestamento com Pinus","leg_contat":null,"nm_contat":null,"veg_pretet":"F","nm_pretet":"Floresta Estacional Semidecidual","leg_sec1":"Vss","nm_sec1":"Vegetação Secundária sem palmeiras","leg_sec2":null,"nm_sec2":null,"leg_sup":"Área Antrópica Dominante","legenda_1":"Floresta Estacional Semidecidual","legenda_2":"Florestamento/Reflorestamento","legenda":"3Rp - Florestamento/Reflorestamento com Pinus","ar_poli_km":12.2348,"leg1_id":5.0,"leg2_id":50.0},"geometry":{"type":"MultiPolygon","coordinates":[[[[-50.153563464999898,-24.010691509],[-50.151785477,-24.015895045],[-50.152247834,-24.017434238],[-50.153449194,-24.018765556999899],[-50.158338793,-24.019713028999899],[-50.162275176,-24.019113138],[-50.164466659,-24.0200214619999],[-50.165664880999898,-24.021570966],[-50.166593011,-24.024430251],[-50.169991205,-24.026450745],[-50.175645155,-24.025875296],[-50.183010421999896,-24.025544317],[-50.184457880999894,-24.026879589],[-50.187139397999893,-24.027794],[-50.191575031999903,-24.026763510999899],[-50.193097937999894,-24.023939008],[-50.194752619,-24.018771711999896],[-50.195447632,-24.0160913879999],[-50.2045947,-24.01228128],[-50.206829131999896,-24.010780831],[-50.207129382999895,-24.007720003],[-50.209645129999892,-24.004253419999898],[-50.214193943999895,-24.003661526],[-50.21445971,-24.000011988],[-50.214465388999898,-24.000000000999901],[-50.164652917999895,-24.0],[-50.164654555999896,-24.000022780999899],[-50.164831652,-24.003441509],[-50.163177219,-24.006701381],[-50.162317827,-24.007665249],[-50.161168793999899,-24.0119265],[-50.158895646,-24.012657680999897],[-50.156153295,-24.01085563],[-50.153563464999898,-24.010691509]]]]}},
{"type":"Feature","properties":{"fid":264,"id1":975080,"cd_fcim":"SG22","leg_carga":"Re.F","cd_fito":"F","cd_leg_2":"R","clas_domi":"Re","leg_uveg":null,"nm_uveg":null,"leg_uantr":"Re","nm_uantr":"Florestamento/Reflorestamento com Eucaliptos","leg_contat":null,"nm_contat":null,"veg_pretet":"F","nm_pretet":"Floresta Estacional Semidecidual","leg_sec1":null,"nm_sec1":null,"leg_sec2":null,"nm_sec2":null,"leg_sup":"Área Antrópica Dominante","legenda_1":"Floresta Estacional Semidecidual","legenda_2":"Florestamento/Reflorestamento","legenda":"3Re - Florestamento/Reflorestamento com Eucaliptos","ar_poli_km":21.0141,"leg1_id":5.0,"leg2_id":50.0},"geometry":{"type":"MultiPolygon","coordinates":[[[[-51.214070287,-24.168256158999899],[-51.215177007999898,-24.171610307],[-51.220945469999897,-24.171157848999897],[-51.243742329,-24.190166363999897],[-51.264878884,-24.204271631],[-51.271280669,-24.199452236],[-51.276750589999899,-24.199765799],[-51.278455419999901,-24.201583066],[-51.285162269999901,-24.195480377],[-51.268884951999901,-24.184256638],[-51.2395362769999,-24.159526350999901],[-51.241301284,-24.156715646999899],[-51.241925190999893,-24.153123847],[-51.231180161999895,-24.137842887],[-51.225083796,-24.141376648999898],[-51.219876364999898,-24.143121697],[-51.211179234,-24.147400864999899],[-51.205356434999892,-24.151966835999897],[-51.214070287,-24.168256158999899]]]]}},
{"type":"Feature","properties":{"fid":277,"id1":977111,"cd_fcim":"SG22","leg_carga":"Ag+Vss+Fm","cd_fito":"F","cd_leg_2":"Ag","clas_domi":"Ag","leg_uveg":null,"nm_uveg":null,"leg_uantr":"Ag","nm_uantr":"Agropecuária","leg_contat":null,"nm_contat":null,"veg_pretet":"F","nm_pretet":"Floresta Estacional Semidecidual","leg_sec1":"Vss","nm_sec1":"Vegetação Secundária sem palmeiras","leg_sec2":"Fm","nm_sec2":"Floresta Estacional Semidecidual Montana","leg_sup":"Área Antrópica Dominante","legenda_1":"Floresta Estacional Semidecidual","legenda_2":"Agropecuária","legenda":"3Ag - Agropecuária","ar_poli_km":1042.171,"leg1_id":5.0,"leg2_id":45.0},"geometry":{"type":"MultiPolygon","coordinates":[[[[-51.2129841,-24.2374864],[-51.212951803770316,-24.237454274445376],[-51.211495363,-24.239353757999897],[-51.212729711449541,-24.23875398536272],[-51.2129841,-24.2374864]]],[[[-51.2098109,-24.2325298],[-51.2088949,-24.228523799999898],[-51.2074865,-24.2252865],[-51.2072906,-24.2230294],[-51.210482,-24.2207223999999],[-51.212703099999899,-24.2186538999999],[-51.2152847999999,-24.217257699999902],[-51.2181188,-24.216840299999902],[-51.2202447,-24.215972399999899],[-51.2199545,-24.213968],[-51.2182908,-24.2125493],[-51.2111777,-24.2118402],[-51.2087301,-24.2098477],[-51.2093712,-24.2079451],[-51.2137299,-24.208125],[-51.2201458,-24.2105524],[-51.2231257,-24.213024399999899],[-51.2246481,-24.214061699999899],[-51.227228,-24.2135944],[-51.2285413,-24.2111030999999],[-51.230199899999903,-24.210481899999898],[-51.231233599999896,-24.211601899999899],[-51.2324694,-24.2129408],[-51.234111299999903,-24.215295899999902],[-51.2356506,-24.217503899999901],[-51.2383765,-24.2171635],[-51.239346399999903,-24.2190828],[-51.2406786,-24.220452],[-51.245521499999903,-24.220619],[-51.246515299999899,-24.2199993],[-51.2475446,-24.2193574],[-51.2477607,-24.2170437],[-51.2473745,-24.214031599999899],[-51.2488155,-24.2119908],[-51.250563499999899,-24.2099132],[-51.2539282,-24.2086115],[-51.255713199999903,-24.2081962],[-51.256018,-24.2081241],[-51.2553687,-24.209890599999898],[-51.2559216,-24.2134487],[-51.259152,-24.218557],[-51.2613984,-24.2179388],[-51.260370899999899,-24.2153402],[-51.2600517,-24.2137537999999],[-51.2597845,-24.2124257],[-51.260828499999903,-24.2116437],[-51.262175899999903,-24.2106345],[-51.2647343,-24.2090330999999],[-51.2672044,-24.2074868999999],[-51.266758099999898,-24.2044567],[-51.2687925,-24.2032851],[-51.271428399999898,-24.2024852],[-51.2750634,-24.2009967],[-51.276624399999903,-24.2006908],[-51.2765641,-24.202141299999901],[-51.2781601,-24.2023235999999],[-51.2799514,-24.2025283],[-51.2831436,-24.2000492],[-51.2853133,-24.1980589],[-51.2872088,-24.196927899999899],[-51.2895396,-24.194713],[-51.2896787,-24.192323799999901],[-51.2876797,-24.1895638],[-51.2873107,-24.188363299999899],[-51.2870083,-24.187379399999902],[-51.2881452,-24.1868289],[-51.289206299999897,-24.186315099999899],[-51.2926845,-24.1852239],[-51.2943951,-24.182953699999899],[-51.294487199999899,-24.181384599999902],[-51.2925087,-24.1771896],[-51.293120799999897,-24.176195],[-51.2937328,-24.175200399999898],[-51.2965973,-24.1742146],[-51.2990698,-24.1746373],[-51.299589399999903,-24.1779114],[-51.2998789,-24.1787366],[-51.3007325,-24.1811705],[-51.300674699999902,-24.1834519],[-51.3015925,-24.1856794],[-51.3031003,-24.1855978],[-51.3076483,-24.181843],[-51.3103677,-24.1812955],[-51.311954399999898,-24.1814633],[-51.3135411,-24.181631099999901],[-51.3154006,-24.1825218],[-51.3182371,-24.1819310999999],[-51.3193358,-24.180388299999901],[-51.3196781,-24.1799075],[-51.317761899999901,-24.177447],[-51.315401699999903,-24.1764041],[-51.3165165999999,-24.1734554999999],[-51.317223,-24.1725972999999],[-51.317929499999899,-24.1717391],[-51.3204311,-24.1702493],[-51.3222125,-24.1688912],[-51.3223993,-24.1660706],[-51.3220335,-24.162797399999899],[-51.3226829,-24.161393299999901],[-51.325010899999903,-24.161425199999901],[-51.325043299999898,-24.1614256],[-51.3270962,-24.1597293],[-51.3298202,-24.1598844],[-51.3317658,-24.1596504],[-51.3323717,-24.159572599999901],[-51.3338168,-24.1588977],[-51.3400665,-24.158935499999899],[-51.3405408,-24.157797899999899],[-51.338093199999904,-24.1542818],[-51.3390939,-24.1521069],[-51.3416165,-24.1505268999999],[-51.3417714,-24.1496996],[-51.3419263,-24.1488722],[-51.353896399999897,-24.154908299999899],[-51.355596799999901,-24.1588335],[-51.3577761,-24.158292],[-51.3591211,-24.1511824],[-51.360561699999899,-24.1499893],[-51.3622314,-24.151108899999901],[-51.363622899999903,-24.153794499999901],[-51.3649243999999,-24.153195299999901],[-51.366204799999899,-24.149788999999899],[-51.365236,-24.1466416],[-51.3635391,-24.144500299999901],[-51.364567399999899,-24.1427777],[-51.3691552,-24.1420014],[-51.3725353,-24.1425838],[-51.3723893,-24.1420721],[-51.372983,-24.141983799999899],[-51.3728699,-24.1416773],[-51.3728768,-24.1414717],[-51.373025,-24.1410397],[-51.373426299999899,-24.1402712],[-51.3736051,-24.140051399999901],[-51.3738882,-24.1397423999999],[-51.3741342,-24.1395292999999],[-51.374200899999899,-24.1393373],[-51.3741772,-24.138968599999899],[-51.373966499999902,-24.138489499999899],[-51.3737561,-24.1380925],[-51.373658,-24.1377638],[-51.373634599999903,-24.1374349],[-51.373730599999902,-24.1370373],[-51.3738865,-24.136666799999901],[-51.3740572,-24.136255199999901],[-51.3742662,-24.135824399999901],[-51.374291099999901,-24.135765],[-51.3744002,-24.135505],[-51.3744072,-24.1354883],[-51.3745183,-24.1351385],[-51.3745402,-24.134967199999899],[-51.374517399999903,-24.134823299999901],[-51.374389999999899,-24.1347003],[-51.3741879,-24.134611699999901],[-51.3739113,-24.134585],[-51.3734482,-24.1346546],[-51.372701499999899,-24.1348894],[-51.372126799999897,-24.135144399999898],[-51.371671799999902,-24.1354332999999],[-51.3713665,-24.135811],[-51.3711511,-24.1362912],[-51.370716699999903,-24.136888499999898],[-51.3702989,-24.1374632],[-51.3696288,-24.138342],[-51.3687197,-24.1393035],[-51.367986,-24.1401724],[-51.3674564,-24.1405437999999],[-51.3671578,-24.1406540999999],[-51.3667915999999,-24.140655],[-51.3666428,-24.1405727],[-51.366372399999896,-24.140422999999899],[-51.366027899999899,-24.1401703],[-51.365937599999903,-24.139951199999899],[-51.3659666,-24.139663299999899],[-51.366257399999903,-24.1394021999999],[-51.3666529,-24.1391957],[-51.3668466,-24.1389965],[-51.3669131999999,-24.1387496],[-51.3667778,-24.1384484],[-51.3664479,-24.1380791999999],[-51.3653436,-24.1372537999999],[-51.364571899999902,-24.1365704],[-51.3634407,-24.1356137],[-51.3629533,-24.135052899999899],[-51.3627827,-24.134774],[-51.3627594,-24.134452],[-51.3628208,-24.1342397999999],[-51.3628408,-24.1341707999999],[-51.362932999999899,-24.134063099999899],[-51.363029,-24.133951],[-51.363064199999897,-24.1339098999999],[-51.3633028,-24.1336969],[-51.3635791,-24.1336277],[-51.363945199999897,-24.1336062],[-51.3642369,-24.133667199999898],[-51.3646259,-24.133817099999899],[-51.364936999999898,-24.1339166],[-51.365029799999903,-24.133946299999899],[-51.3652542,-24.1340006],[-51.365515699999897,-24.1339998999999],[-51.3659716,-24.133998899999899],[-51.3662032,-24.1339503],[-51.366404499999902,-24.133812799999902],[-51.366560999999898,-24.1336274],[-51.3666426,-24.1334216],[-51.366641899999898,-24.1331886],[-51.3665218,-24.133003899999899],[-51.3661552,-24.1328609],[-51.365362499999897,-24.1326503],[-51.364771399999903,-24.1324324],[-51.3637057,-24.1318401999999],[-51.3631142999999,-24.131471599999902],[-51.3629046,-24.1313076],[-51.362784599999898,-24.1311777],[-51.3625809,-24.1304792],[-51.362414699999903,-24.129849099999898],[-51.3622796,-24.129636999999899],[-51.36198,-24.1294116],[-51.361762999999897,-24.1293024],[-51.3613293,-24.1292074999999],[-51.3607388,-24.129167799999902],[-51.3604286999999,-24.129128799999901],[-51.360204199999899,-24.1290332999999],[-51.359806999999897,-24.1286163],[-51.3591767,-24.127699499999899],[-51.359079,-24.127507799999901],[-51.359025899999899,-24.127226999999898],[-51.359002099999898,-24.126706199999902],[-51.359008199999899,-24.126240199999899],[-51.358922499999899,-24.1260771],[-51.3586306999999,-24.125940699999902],[-51.3582565,-24.1257634],[-51.357613199999903,-24.125525099999901],[-51.356879799999902,-24.125149899999901],[-51.356325899999902,-24.124822299999899],[-51.3560568,-24.124781799999901],[-51.355840199999903,-24.1248097],[-51.355564,-24.12492],[-51.3550939,-24.1251609],[-51.3546833,-24.1253058],[-51.3543321,-24.1253409],[-51.3541374,-24.1251768],[-51.3539494,-24.1247524],[-51.3537744,-24.1239606],[-51.3537148,-24.1236908],[-51.3536215,-24.123056899999899],[-51.353628,-24.1227347999999],[-51.353754599999903,-24.1225562999999],[-51.3541129,-24.122432199999899],[-51.3547402,-24.1222731],[-51.3553454,-24.1222374],[-51.3559058,-24.1222361],[-51.3562646,-24.1222764],[-51.3572073,-24.1226717],[-51.3573627,-24.122740099999898],[-51.3578732,-24.1229648],[-51.358235299999897,-24.1230371],[-51.3586017,-24.123097899999902],[-51.3588556,-24.1230562],[-51.3590344,-24.1228571],[-51.3590634,-24.1225555],[-51.3589282,-24.122295399999899],[-51.358620899999899,-24.1219603],[-51.357692,-24.121133299999901],[-51.356590299999901,-24.119957199999899],[-51.356197699999903,-24.1195827],[-51.3558297,-24.1189188],[-51.3554994,-24.118364499999899],[-51.3553271,-24.1182279],[-51.3550506,-24.1181943],[-51.354864,-24.118263199999902],[-51.3546926,-24.1184555],[-51.3545738,-24.118723],[-51.354447,-24.1188261],[-51.3542679,-24.1188882],[-51.353961399999903,-24.1188478],[-51.3534379,-24.1187050999999],[-51.353146099999897,-24.1185619],[-51.352898799999899,-24.1183157],[-51.352209,-24.117447],[-51.351609499999903,-24.1168248],[-51.3512284,-24.1163617],[-51.351056099999902,-24.1162045],[-51.3507791,-24.115999499999901],[-51.3504195,-24.115664599999899],[-51.350067099999897,-24.1152198999999],[-51.3498346,-24.1149121],[-51.349647499999897,-24.1147892],[-51.349184,-24.1147217],[-51.3487807,-24.114745],[-51.3484893,-24.114785],[-51.3482356,-24.114943099999898],[-51.348169299999903,-24.1152791],[-51.348207499999901,-24.115607899999901],[-51.3482236,-24.1156895999999],[-51.34845,-24.1168408999999],[-51.3485195,-24.1176631],[-51.3485972,-24.1187512],[-51.348765199999903,-24.1195122],[-51.348927199999899,-24.1202724],[-51.348998299999899,-24.120614799999899],[-51.349060199999897,-24.121388099999901],[-51.349130699999897,-24.1225597],[-51.3492151,-24.1233682],[-51.3493364999999,-24.124073699999901],[-51.3493759,-24.1247782999999],[-51.3493271,-24.1260667],[-51.3492987,-24.1266219],[-51.3493528,-24.1272796],[-51.3494062,-24.128142399999899],[-51.349477099999902,-24.1289439],[-51.349546,-24.1295193999999],[-51.3495435,-24.1302932],[-51.349527599999902,-24.1311216],[-51.349484399999902,-24.1317316],[-51.349224299999896,-24.132252999999899],[-51.348833699999901,-24.132637499999898],[-51.3484928,-24.1329089],[-51.3481728,-24.1330846],[-51.3479338,-24.1331261999999],[-51.3477521,-24.133076699999901],[-51.3476345999999,-24.1330447],[-51.347492,-24.132798299999902],[-51.3473936,-24.132359999999899],[-51.3473986,-24.131428],[-51.3473145,-24.1307292],[-51.3470465,-24.129711],[-51.3466478,-24.1287662],[-51.3462582,-24.1283902],[-51.345644999999898,-24.128220199999902],[-51.3452632999999,-24.1282315999999],[-51.3448231,-24.1282701],[-51.3443679,-24.1284972],[-51.3442856,-24.128654099999899],[-51.3441448,-24.1289226],[-51.3440426,-24.1298274],[-51.343984299999903,-24.130818],[-51.3439787,-24.1315306999999],[-51.3438824,-24.131853],[-51.3436738,-24.132107099999899],[-51.343412699999902,-24.1322516],[-51.3430764,-24.1322592],[-51.3425152,-24.1319932],[-51.3422333,-24.131858899999902],[-51.340854,-24.131202],[-51.339889,-24.1306739],[-51.3391932,-24.1303808],[-51.3385276,-24.130190399999901],[-51.3376082,-24.1301033],[-51.3364870999999,-24.1300578],[-51.3351192,-24.1299238],[-51.3345737,-24.1299592],[-51.3342827,-24.1301106],[-51.333902599999902,-24.130508899999899],[-51.333681899999902,-24.130618599999899],[-51.332821399999901,-24.131046399999899],[-51.331768699999898,-24.131453],[-51.331313099999903,-24.131543099999899],[-51.331043899999898,-24.1314889],[-51.3310142999999,-24.1314533],[-51.3307816,-24.1311742],[-51.330548399999898,-24.1305991],[-51.330443,-24.1302772],[-51.3303814,-24.129571499999901],[-51.3303165,-24.1293044999999],[-51.330126199999903,-24.1290046999999],[-51.3298273,-24.128665],[-51.3294592,-24.1284238],[-51.328998899999903,-24.1281996],[-51.328648,-24.1280017],[-51.328324699999897,-24.1276978],[-51.3281535,-24.1275226],[-51.3277568,-24.1272425],[-51.3274074999999,-24.127089199999901],[-51.3273528,-24.127065199999901],[-51.3268886,-24.1267303999999],[-51.326700899999899,-24.1264019],[-51.3267061,-24.1261086],[-51.326825,-24.1258548],[-51.3268489,-24.1258278],[-51.3271902,-24.1254428],[-51.327734399999898,-24.124920799999899],[-51.3281815,-24.1244265],[-51.328486499999897,-24.1239118999999],[-51.328507499999901,-24.1233362],[-51.328453599999897,-24.1229235],[-51.328296,-24.1226703],[-51.3280791,-24.1225817],[-51.3277876,-24.1225754],[-51.3270185,-24.1227964],[-51.3269723,-24.122817999999899],[-51.3258989,-24.123319599999899],[-51.3254291,-24.1236838],[-51.3251984,-24.1240749],[-51.3250803,-24.1246371],[-51.324895599999898,-24.1254941],[-51.324759099999902,-24.1260353],[-51.324246699999897,-24.127311],[-51.3235665,-24.128341099999901],[-51.323224,-24.1288613],[-51.323015499999897,-24.1292457],[-51.322718,-24.129876099999901],[-51.3223235,-24.1305211],[-51.3219955,-24.1308233],[-51.3215625,-24.1310023999999],[-51.320748299999899,-24.1311755],[-51.319283799999901,-24.131267599999902],[-51.318155299999901,-24.1312563],[-51.3175677999999,-24.131168499999902],[-51.3175265,-24.131134799999899],[-51.3172158,-24.1308814],[-51.316927399999898,-24.1303268],[-51.3167668,-24.130046299999901],[-51.316629599999899,-24.1296381],[-51.3165916,-24.1293572],[-51.3166279,-24.1289322],[-51.3166345,-24.128575899999898],[-51.3165093,-24.1280894],[-51.3162925,-24.1277383],[-51.3159891,-24.1274602],[-51.3155176,-24.127166499999898],[-51.314993899999898,-24.1269078999999],[-51.314894599999903,-24.1268573],[-51.3144027,-24.1266069],[-51.314118699999902,-24.1266006],[-51.313835,-24.1267177],[-51.313677799999901,-24.126913499999901],[-51.3135594,-24.127060899999901],[-51.3131351,-24.1277607],[-51.312919099999903,-24.128062699999901],[-51.3126654,-24.128207099999901],[-51.312553799999897,-24.1283855],[-51.3125171,-24.1286734],[-51.311780199999902,-24.129881],[-51.3115154,-24.1303328999999],[-51.3110905,-24.1307929],[-51.3105621999999,-24.1317397],[-51.3099521,-24.132864799999901],[-51.309473099999899,-24.1336433],[-51.309032199999898,-24.134062899999901],[-51.3090256999999,-24.1340691],[-51.308772099999899,-24.134275199999902],[-51.308450799999903,-24.134269],[-51.308218699999898,-24.1341255],[-51.308132199999903,-24.133953],[-51.308098599999902,-24.1338858999999],[-51.3080229,-24.1334955],[-51.3079905,-24.1324539],[-51.3078616,-24.1316524],[-51.3074898,-24.130605499999898],[-51.307249,-24.129927199999901],[-51.3071353,-24.129521399999899],[-51.307064899999901,-24.1291606999999],[-51.306931899999903,-24.1285781999999],[-51.3067199,-24.128281699999899],[-51.306247799999902,-24.127720699999902],[-51.3059259,-24.127481499999899],[-51.3056477,-24.1274334],[-51.3053801,-24.1274801],[-51.3052238,-24.127654199999899],[-51.304545399999903,-24.1283134],[-51.3038294,-24.128945299999899],[-51.303038699999902,-24.129563699999899],[-51.301978899999902,-24.1301482],[-51.3013146,-24.1304853],[-51.3009509,-24.1306028999999],[-51.300472699999901,-24.1306106],[-51.300039,-24.1305361],[-51.299642499999898,-24.130351899999901],[-51.2995883,-24.1303119],[-51.2994105,-24.130181],[-51.2992978,-24.129934499999901],[-51.299311799999899,-24.1295165],[-51.299478099999902,-24.129107099999899],[-51.299557,-24.1289128999999],[-51.2998474,-24.128460099999899],[-51.3001383,-24.1277618],[-51.3003231,-24.1273487],[-51.300465,-24.126821499999899],[-51.3005221,-24.1263415999999],[-51.300574599999898,-24.1257661],[-51.3006179,-24.1255068],[-51.300641,-24.1253684],[-51.300811199999899,-24.1246485],[-51.3010116,-24.124079299999899],[-51.3013324,-24.123838799999898],[-51.3017551,-24.123770299999901],[-51.302061599999902,-24.1237834],[-51.3024129,-24.1238513],[-51.3032646999999,-24.1237811],[-51.3035019,-24.1237335],[-51.303989199999897,-24.1236357],[-51.304773,-24.1232709],[-51.305437,-24.122851599999901],[-51.306070599999899,-24.1221925],[-51.306279,-24.1218150999999],[-51.3062781,-24.1214451],[-51.3060973,-24.1208083],[-51.305718199999902,-24.1199253999999],[-51.3054673,-24.1193984],[-51.305381699999899,-24.1191329],[-51.305352399999897,-24.1188577],[-51.305358199999901,-24.118145],[-51.305245199999902,-24.117740899999902],[-51.304938499999899,-24.1171459],[-51.304789899999903,-24.1168182],[-51.3047306,-24.1164203],[-51.304678099999897,-24.115104599999899],[-51.304608899999899,-24.1142755999999],[-51.3044867999999,-24.1139552],[-51.304299699999902,-24.113832199999901],[-51.3041818,-24.113816],[-51.303955899999899,-24.113784899999899],[-51.3032013,-24.113807],[-51.302218099999898,-24.1137687],[-51.3021917,-24.113765999999899],[-51.301467499999902,-24.113693899999902],[-51.300735099999898,-24.113640599999901],[-51.3001672,-24.1136622],[-51.2997893,-24.1138017],[-51.2997192999999,-24.1138276],[-51.299414199999902,-24.1141034],[-51.2993092,-24.1141984],[-51.299063299999901,-24.1144935999999],[-51.2988802,-24.1148415],[-51.298836299999898,-24.115245899999898],[-51.298621,-24.1158699],[-51.2984388,-24.1161256],[-51.2982933,-24.116329699999898],[-51.2978762,-24.116919799999899],[-51.2976004,-24.117221899999901],[-51.2973018,-24.117339],[-51.2969954,-24.1173259],[-51.2967636,-24.1172372],[-51.2966713,-24.117103799999899],[-51.2963662,-24.1166623999999],[-51.2958184,-24.1156354999999],[-51.295225699999897,-24.114595],[-51.2948284,-24.1140407],[-51.2946059,-24.113754],[-51.2943362,-24.1134665],[-51.2941848,-24.113268199999901],[-51.2940141,-24.113165799999901],[-51.2937047,-24.1131396],[-51.2932683,-24.113018399999898],[-51.292650299999899,-24.112723199999898],[-51.291842,-24.1121216999999],[-51.2908566,-24.1112873],[-51.2904374,-24.1109180999999],[-51.2900258,-24.110665299999901],[-51.2892732,-24.1103249],[-51.2884807,-24.1101413],[-51.2872773,-24.109931199999899],[-51.286320499999903,-24.1097616],[-51.2856775,-24.1095847],[-51.2852885,-24.1093660999999],[-51.2851385,-24.109106],[-51.2851377,-24.108783899999899],[-51.2852938999999,-24.1084615],[-51.285796499999897,-24.108008599999899],[-51.285994899999899,-24.107829799999902],[-51.2862507,-24.1075994999999],[-51.2866906,-24.1072035],[-51.286949299999897,-24.1070425],[-51.2873749,-24.106918399999898],[-51.2877781,-24.1067409],[-51.2880815,-24.1065674],[-51.2884344,-24.10634],[-51.288608,-24.106242],[-51.288665799999897,-24.1062094],[-51.289487,-24.1058995],[-51.290211199999902,-24.1056651],[-51.2905941,-24.1054920999999],[-51.2907374,-24.1054275],[-51.2912148999999,-24.1051456],[-51.2916584,-24.104973],[-51.292000599999902,-24.104979199999899],[-51.2923357,-24.1051366],[-51.2926082,-24.1053104],[-51.2927491,-24.105539599999901],[-51.292935499999899,-24.106012399999901],[-51.2929583,-24.1061147],[-51.293060099999899,-24.1065717],[-51.2932628,-24.1070099],[-51.2933993,-24.107098399999899],[-51.2934948,-24.1071603],[-51.293678199999903,-24.1071987],[-51.2937863,-24.1072214],[-51.294212,-24.1071246],[-51.2947118,-24.1068016],[-51.2951562,-24.106382499999899],[-51.295710799999902,-24.1057991],[-51.2958596,-24.105517899999899],[-51.2959395,-24.1051679],[-51.2957814,-24.1046966],[-51.295332,-24.104109299999902],[-51.2943895,-24.1031166],[-51.293385999999899,-24.1021043],[-51.292926099999903,-24.101708599999899],[-51.2925594,-24.101462599999898],[-51.2922452,-24.101257599999901],[-51.2919302,-24.1007579],[-51.291772299999899,-24.1003128],[-51.2916294999999,-24.0999292999999],[-51.291434799999898,-24.099731],[-51.291060899999898,-24.0996152],[-51.290501,-24.099773899999899],[-51.289873999999898,-24.100055999999899],[-51.289848199999902,-24.1000665],[-51.2894858,-24.1002144],[-51.287634099999899,-24.1007387],[-51.287557,-24.100755],[-51.2866949,-24.100937299999899],[-51.2859331,-24.1010757],[-51.2853504,-24.1011316],[-51.284969299999901,-24.1011048999999],[-51.2847897,-24.1009682],[-51.2846772,-24.1007423],[-51.2846238,-24.100276399999899],[-51.2847636,-24.0992962],[-51.2850013,-24.0986516],[-51.2853792,-24.0981234999999],[-51.2854482,-24.0980271],[-51.285824799999901,-24.097774],[-51.2865409,-24.097258699999902],[-51.286966199999902,-24.096997499999901],[-51.2875485,-24.0968113],[-51.289251,-24.096362699999901],[-51.2911253,-24.095927399999901],[-51.2921575,-24.095688499999898],[-51.2923198,-24.0956409],[-51.292627799999899,-24.095550499999899],[-51.2928965,-24.095406099999899],[-51.292897,-24.095404899999899],[-51.292978199999901,-24.0952004],[-51.292981499999897,-24.095048899999899],[-51.292985,-24.094892],[-51.2928276,-24.094693499999899],[-51.292311599999898,-24.0944752],[-51.2912873,-24.094114],[-51.2909131,-24.0938611],[-51.2900971,-24.093115699999899],[-51.2897677999999,-24.092856],[-51.289476299999897,-24.0928016999999],[-51.2890282,-24.0928574],[-51.2885056,-24.093050199999901],[-51.287926399999897,-24.0931272],[-51.2877214,-24.0931545],[-51.2870938,-24.0931077],[-51.2866015,-24.0930273],[-51.286168099999898,-24.092993799999899],[-51.2856528,-24.093077],[-51.284981,-24.093338699999901],[-51.2845109,-24.0935931],[-51.2842871,-24.093758],[-51.2842132,-24.0941076],[-51.2842294,-24.0946764],[-51.2842234,-24.0950616],[-51.2842228,-24.0951013],[-51.2841562999999,-24.0954166],[-51.2837239,-24.0958423],[-51.2836682,-24.095877],[-51.283189499999899,-24.0961753],[-51.2829629,-24.0963166],[-51.2825784999999,-24.096458299999899],[-51.282100399999898,-24.0964729],[-51.281734399999898,-24.096514699999901],[-51.2813762,-24.096707299999899],[-51.2810258,-24.0970642999999],[-51.280844699999903,-24.097346199999901],[-51.2808098,-24.0974004],[-51.2806462,-24.0977227999999],[-51.280561,-24.0981178],[-51.280483499999903,-24.0984769],[-51.2804649,-24.098724699999899],[-51.2804384,-24.099079399999901],[-51.280388899999899,-24.1003335],[-51.2803901,-24.1009113],[-51.2803901,-24.100915999999899],[-51.280374299999899,-24.1009711],[-51.2802937,-24.101251999999899],[-51.2797198,-24.101904],[-51.2793609,-24.102262499999899],[-51.2793339,-24.102280999999898],[-51.279159499999899,-24.1024],[-51.2788980999999,-24.1024416],[-51.278629099999897,-24.1024146],[-51.278314899999899,-24.102236999999899],[-51.277703599999903,-24.101446],[-51.2774158,-24.1010737],[-51.2769062,-24.100341399999898],[-51.276599099999899,-24.1000061],[-51.2763375,-24.0999449],[-51.2760835,-24.0999727999999],[-51.2755983,-24.100193],[-51.2747547,-24.1005097],[-51.2742785,-24.1007175999999],[-51.273218799999903,-24.1012881999999],[-51.272622,-24.1017347],[-51.272368599999901,-24.102043599999899],[-51.2720184,-24.102475899999899],[-51.271877199999899,-24.102846199999899],[-51.271819,-24.1035659],[-51.271768699999903,-24.1039704],[-51.271756799999899,-24.104066],[-51.2717502,-24.1044635],[-51.271601599999897,-24.1048405999999],[-51.2712663,-24.105273],[-51.2710908,-24.1055631],[-51.271013099999898,-24.1056915],[-51.2704692,-24.1064051],[-51.269783,-24.1070162],[-51.269236299999903,-24.1076605],[-51.2687594,-24.1082506999999],[-51.268267599999902,-24.108895699999898],[-51.2677383,-24.109479099999898],[-51.267229,-24.1098426],[-51.2670742,-24.109953099999899],[-51.2667458,-24.1101045],[-51.2660658,-24.1100987999999],[-51.2656032,-24.1099920999999],[-51.2655351,-24.109976399999901],[-51.265161299999903,-24.1099153],[-51.2647655,-24.1099983],[-51.264579099999899,-24.110204199999899],[-51.2645292999999,-24.110264399999899],[-51.264298799999899,-24.1105426999999],[-51.264052499999899,-24.1107076],[-51.2638436,-24.1108245],[-51.2635306,-24.111229299999899],[-51.2631125,-24.1114219],[-51.262716399999903,-24.111395199999901],[-51.2625738999999,-24.1111351],[-51.262573333173691,-24.110832981596388],[-51.254802020999897,-24.118273578999897],[-51.243031117,-24.127223949],[-51.232056386999901,-24.132199428],[-51.227569915999894,-24.133564536999899],[-51.224244303,-24.132826007999899],[-51.211291715,-24.144006477999898],[-51.1981640979999,-24.149382294999899],[-51.195739439999898,-24.154744078999897],[-51.19836215,-24.171111747999898],[-51.196575181999897,-24.178908529999902],[-51.198219198999894,-24.182866637],[-51.199844541999902,-24.184203952999901],[-51.200336041999897,-24.187179539999899],[-51.198570268,-24.199088365],[-51.196308565,-24.20415057],[-51.196477014,-24.208466578],[-51.200055215999896,-24.2127780759999],[-51.204109969999898,-24.212920516999901],[-51.207771806,-24.211539472],[-51.20874264,-24.214641759],[-51.20391634,-24.218861404999899],[-51.203458637,-24.221192393],[-51.201103555,-24.226755657999899],[-51.198245604,-24.2280222549999],[-51.198850261999901,-24.230018298999898],[-51.200537455,-24.232445835],[-51.203681856999893,-24.235984576],[-51.206873676,-24.236017927],[-51.210729668976889,-24.234860485667433],[-51.2098109,-24.2325298]],[[-51.241925190999893,-24.153123847],[-51.241301284,-24.156715646999899],[-51.2395362769999,-24.159526350999901],[-51.268884951999901,-24.184256638],[-51.285162269999901,-24.195480377],[-51.278455419999901,-24.201583066],[-51.276750589999899,-24.199765799],[-51.271280669,-24.199452236],[-51.264878884,-24.204271631],[-51.243742329,-24.190166363999897],[-51.220945469999897,-24.171157848999897],[-51.215177007999898,-24.171610307],[-51.214070287,-24.168256158999899],[-51.205356434999892,-24.151966835999897],[-51.211179234,-24.147400864999899],[-51.219876364999898,-24.143121697],[-51.225083796,-24.141376648999898],[-51.231180161999895,-24.137842887],[-51.241925190999893,-24.153123847]]]]}},
{"type":"Feature","properties":{"fid":299,"id1":956349,"cd_fcim":"SF22","leg_carga":"Fm+Vss","cd_fito":"F","cd_leg_2":"Fm","clas_domi":"Fm","leg_uveg":"Fm","nm_uveg":"Floresta Estacional Semidecidual Montana","leg_uantr":null,"nm_uantr":null,"leg_contat":null,"nm_contat":null,"veg_pretet":"F","nm_pretet":"Floresta Estacional Semidecidual","leg_sec1":"Vss","nm_sec1":"Vegetação Secundária sem palmeiras","leg_sec2":null,"nm_sec2":null,"leg_sup":"Vegetação Natural Dominante","legenda_1":"Floresta Estacional Semidecidual","legenda_2":"Floresta Estacional Semidecidual Montana","legenda":"1Fm - Floresta Estacional Semidecidual Montana","ar_poli_km":13.4736,"leg1_id":5.0,"leg2_id":17.0},"geometry":{"type":"MultiPolygon","coordinates":[[[[-50.284976099999902,-23.9607217],[-50.285072899999903,-23.9614607],[-50.2849012,-23.9619299],[-50.2844205,-23.962240999999899],[-50.2838065,-23.9623334999999],[-50.282544599999902,-23.9622641999999],[-50.2814574,-23.9617898],[-50.2807615,-23.960766799999899],[-50.2807999,-23.960078],[-50.2811768,-23.959890599999898],[-50.281384,-23.959451999999899],[-50.281318199999902,-23.9590754],[-50.2804351,-23.958476099999899],[-50.2790353,-23.9583494],[-50.2776722,-23.9585877],[-50.276904,-23.9584393],[-50.2754154,-23.9566479],[-50.274578818726717,-23.955370015909519],[-50.273356545822942,-23.955162539821345],[-50.2727783,-23.9554615],[-50.2719944,-23.955519099999901],[-50.271083989184,-23.954776782139771],[-50.269969147,-23.954587541999899],[-50.268057631205835,-23.956121922651015],[-50.268079699999902,-23.9562094999999],[-50.2686959,-23.9569943999999],[-50.2687951,-23.9577469],[-50.268554799999897,-23.957966499999898],[-50.266032396298456,-23.958817239317344],[-50.265877932415414,-23.959452979178817],[-50.2663322,-23.9598915],[-50.2664475999999,-23.960764299999902],[-50.267527,-23.9616768],[-50.2672166,-23.9624896999999],[-50.2676855,-23.9637471],[-50.267650199999899,-23.9641862],[-50.267374699999898,-23.9644355],[-50.2665067,-23.96451],[-50.2648432,-23.963028],[-50.263106999999899,-23.9623303999999],[-50.2627725,-23.9616614],[-50.262633173847654,-23.960613324516387],[-50.260204526152918,-23.960579031399416],[-50.2603674,-23.961391],[-50.2601946,-23.961828599999901],[-50.2592217,-23.9620285],[-50.258650613021743,-23.961714520734169],[-50.257598463999898,-23.96326656],[-50.257065735,-23.964621032],[-50.252206094,-23.965914251999898],[-50.247076769285691,-23.963068866410811],[-50.2466628,-23.964098099999902],[-50.247244099999897,-23.9650328],[-50.248778,-23.965692299999901],[-50.251231399999902,-23.9663995],[-50.252250699999898,-23.9664983],[-50.2525931,-23.9666877999999],[-50.2526253999999,-23.967033899999901],[-50.2521753,-23.967847],[-50.252241,-23.9685987],[-50.2525127,-23.9688207999999],[-50.2539719,-23.9687337],[-50.254948899999903,-23.9690055],[-50.255455799999901,-23.9697292],[-50.2569864,-23.9703317],[-50.257153,-23.970927199999899],[-50.2558855999999,-23.9723334],[-50.255526783523663,-23.973486587705455],[-50.261596429999898,-23.975713931],[-50.264949578999897,-23.9746181739999],[-50.267131086999896,-23.981740378],[-50.269869758,-23.986353623999896],[-50.274159002,-23.990302363999898],[-50.281863308999895,-23.989724983],[-50.287799940999896,-23.987521533999896],[-50.293744939999897,-23.9848598049999],[-50.297118221999895,-23.982620014],[-50.297419714999897,-23.980975197],[-50.295684675999894,-23.978223231999898],[-50.295596954,-23.975949885],[-50.296032755999896,-23.972888326],[-50.295444157,-23.970153310999901],[-50.295819400999896,-23.969910625999898],[-50.2954244209999,-23.968795567],[-50.296017059999897,-23.964035768],[-50.293286536,-23.960137889999899],[-50.289999289,-23.958956226999902],[-50.285095331759848,-23.959614288418049],[-50.284976099999902,-23.9607217]]],[[[-50.239360299999902,-23.9650746],[-50.2378854,-23.9647581],[-50.238201686403016,-23.966617965457722],[-50.238952341999898,-23.965784880999898],[-50.239819810110113,-23.965716041179729],[-50.239360299999902,-23.9650746]]],[[[-50.235112899999898,-23.9708676999999],[-50.234728,-23.970936499999901],[-50.2324955,-23.9713355],[-50.2305797,-23.9726228],[-50.229162185784034,-23.974204349892943],[-50.230380190999895,-23.979044352],[-50.231565072999899,-23.977345241],[-50.233401152999903,-23.975084196999898],[-50.235590713250588,-23.971124612015302],[-50.235112899999898,-23.9708676999999]]]]}},
{"type":"Feature","properties":{"fid":301,"id1":960403,"cd_fcim":"SF22","leg_carga":"Re+Rp.F","cd_fito":"F","cd_leg_2":"R","clas_domi":"Re","leg_uveg":null,"nm_uveg":null,"leg_uantr":"Re","nm_uantr":"Florestamento/Reflorestamento com Eucaliptos","leg_contat":null,"nm_contat":null,"veg_pretet":"F","nm_pretet":"Floresta Estacional Semidecidual","leg_sec1":"Rp","nm_sec1":"Florestamento/Reflorestamento com Pinus","leg_sec2":null,"nm_sec2":null,"leg_sup":"Área Antrópica Dominante","legenda_1":"Floresta Estacional Semidecidual","legenda_2":"Florestamento/Reflorestamento","legenda":"3Re - Florestamento/Reflorestamento com Eucaliptos","ar_poli_km":6.3518,"leg1_id":5.0,"leg2_id":50.0},"geometry":{"type":"MultiPolygon","coordinates":[[[[-50.3218881,-23.9443855],[-50.3201103,-23.946119199999899],[-50.3189697,-23.9475246],[-50.3180785,-23.9483868],[-50.316968599999903,-23.949092399999898],[-50.3158614,-23.9489748],[-50.314829,-23.948336099999899],[-50.313276,-23.9486595],[-50.313014471392123,-23.948836171999364],[-50.3156842019999,-23.9529517839999],[-50.3238087249999,-23.953973292999898],[-50.324521425999897,-23.958651658999901],[-50.327588982999899,-23.959714781999899],[-50.330854610999893,-23.962028652],[-50.331703056,-23.9644220869999],[-50.332034866,-23.967262939],[-50.334023612999893,-23.969898563999902],[-50.3389614539999,-23.969335077],[-50.342564395999894,-23.966889498999898],[-50.343621604999896,-23.964635667],[-50.346340423,-23.962115674],[-50.341201525,-23.9544903359999],[-50.342515384999899,-23.9508414219999],[-50.342331072,-23.942420318],[-50.3388330699999,-23.938738380999897],[-50.328649964,-23.939050415999898],[-50.322424062069558,-23.943584000695068],[-50.3218881,-23.9443855]]]]}},
{"type":"Feature","properties":{"fid":302,"id1":960399,"cd_fcim":"SF22","leg_carga":"Re+Rp.F","cd_fito":"F","cd_leg_2":"R","clas_domi":"Re","leg_uveg":null,"nm_uveg":null,"leg_uantr":"Re","nm_uantr":"Florestamento/Reflorestamento com Eucaliptos","leg_contat":null,"nm_contat":null,"veg_pretet":"F","nm_pretet":"Floresta Estacional Semidecidual","leg_sec1":"Rp","nm_sec1":"Florestamento/Reflorestamento com Pinus","leg_sec2":null,"nm_sec2":null,"leg_sup":"Área Antrópica Dominante","legenda_1":"Floresta Estacional Semidecidual","legenda_2":"Florestamento/Reflorestamento","legenda":"3Re - Florestamento/Reflorestamento com Eucaliptos","ar_poli_km":15.9414,"leg1_id":5.0,"leg2_id":50.0},"geometry":{"type":"MultiPolygon","coordinates":[[[[-50.2552234999999,-23.9744613],[-50.254604099999902,-23.9758914],[-50.2542407,-23.97673],[-50.2533825,-23.9774780999999],[-50.252562699999899,-23.977819699999898],[-50.2521206,-23.977504199999899],[-50.2536188999999,-23.9749856],[-50.2536544,-23.9746403],[-50.2526356,-23.9744188999999],[-50.2516084,-23.9747255999999],[-50.2510978,-23.9744716],[-50.250696699999899,-23.9731851999999],[-50.250737,-23.9719961],[-50.249639199999898,-23.9709415],[-50.2486885,-23.9718316],[-50.248221999999899,-23.9730364],[-50.2471656,-23.973470399999901],[-50.2461605,-23.9729131],[-50.245549099999899,-23.971963199999902],[-50.244664699999902,-23.971280799999899],[-50.2439138,-23.9703987],[-50.2418635,-23.968938599999898],[-50.241193699999897,-23.968006199999898],[-50.2406703999999,-23.9669034],[-50.239819810110113,-23.965716041179729],[-50.238952341999898,-23.965784880999898],[-50.238201686403016,-23.966617965457722],[-50.238247199999897,-23.9668856],[-50.237297399999903,-23.9680804],[-50.236995299999897,-23.97039],[-50.2361107,-23.971404199999899],[-50.235590713250588,-23.971124612015302],[-50.233401152999903,-23.975084196999898],[-50.231565072999899,-23.977345241],[-50.230380190999895,-23.979044352],[-50.230059399330848,-23.979504501630061],[-50.230443,-23.980011299999902],[-50.2295842,-23.9808116],[-50.229069420329353,-23.981002459225177],[-50.227865744,-23.983468275999897],[-50.226546077,-23.985508523999901],[-50.226850531696428,-23.986122554654759],[-50.226912899999903,-23.9861202],[-50.226978956963549,-23.986381565442894],[-50.228030997999895,-23.988503344],[-50.228449579,-23.993769932],[-50.227895436,-23.9960499439999],[-50.227581744999902,-23.9992477989999],[-50.227852904,-24.0],[-50.273095844999901,-24.0],[-50.275327282,-23.995758262],[-50.278156485999894,-23.993983778],[-50.281465513999898,-23.993802903999899],[-50.284233469999897,-23.995430321],[-50.286256242,-23.9961391689999],[-50.288289684999896,-23.996167951999901],[-50.291886030999898,-23.994177308],[-50.29547296,-23.992639362],[-50.297771773999898,-23.992122125],[-50.297392476999896,-23.9919610439999],[-50.298676987,-23.989060708999897],[-50.301439914999897,-23.984099962],[-50.301715567999892,-23.9829676529999],[-50.298894145999895,-23.976791614],[-50.300119055,-23.972377702],[-50.296990447,-23.969152214999898],[-50.295819400999896,-23.969910625999898],[-50.295444157,-23.970153310999901],[-50.296032755999896,-23.972888326],[-50.295596954,-23.975949885],[-50.295684675999894,-23.978223231999898],[-50.297419714999897,-23.980975197],[-50.297118221999895,-23.982620014],[-50.293744939999897,-23.9848598049999],[-50.287799940999896,-23.987521533999896],[-50.281863308999895,-23.989724983],[-50.274159002,-23.990302363999898],[-50.269869758,-23.986353623999896],[-50.267131086999896,-23.981740378],[-50.264949578999897,-23.9746181739999],[-50.261596429999898,-23.975713931],[-50.255526783523663,-23.973486587705455],[-50.2552234999999,-23.9744613]]]]}},
{"type":"Feature","properties":{"fid":303,"id1":960508,"cd_fcim":"SF22","leg_carga":"Re+Rp.F","cd_fito":"F","cd_leg_2":"R","clas_domi":"Re","leg_uveg":null,"nm_uveg":null,"leg_uantr":"Re","nm_uantr":"Florestamento/Reflorestamento com Eucaliptos","leg_contat":null,"nm_contat":null,"veg_pretet":"F","nm_pretet":"Floresta Estacional Semidecidual","leg_sec1":"Rp","nm_sec1":"Florestamento/Reflorestamento com Pinus","leg_sec2":null,"nm_sec2":null,"leg_sup":"Área Antrópica Dominante","legenda_1":"Floresta Estacional Semidecidual","legenda_2":"Florestamento/Reflorestamento","legenda":"3Re - Florestamento/Reflorestamento com Eucaliptos","ar_poli_km":6.8102,"leg1_id":5.0,"leg2_id":50.0},"geometry":{"type":"MultiPolygon","coordinates":[[[[-50.3576118,-23.89603],[-50.3543361,-23.896159],[-50.353690599999901,-23.8950085],[-50.353846947113936,-23.892863868031785],[-50.352873882,-23.892146425999901],[-50.347449855237478,-23.893677841043306],[-50.3469928,-23.8941818],[-50.346790910006703,-23.894440556985469],[-50.347167711999901,-23.898426345],[-50.347096764999904,-23.902514196],[-50.346900930698077,-23.903107558040393],[-50.349747099999902,-23.9059973],[-50.3498026,-23.9071327999999],[-50.3460884,-23.9075766999999],[-50.345276707071768,-23.908028823804152],[-50.344489708671304,-23.910413365083802],[-50.3442439,-23.911952799999899],[-50.3437514,-23.913463099999898],[-50.3425764,-23.9153448],[-50.3406615,-23.917053],[-50.339524299999901,-23.9173496999999],[-50.3377709,-23.9164685],[-50.3354166,-23.9142838],[-50.333902016004274,-23.912524514144387],[-50.331161161999894,-23.911831064999898],[-50.32900538742598,-23.91282893394936],[-50.3289700999999,-23.9129139],[-50.3282699,-23.9140522],[-50.326525699999898,-23.9156596999999],[-50.325047799999901,-23.916084199999901],[-50.324479364028214,-23.915703036098517],[-50.324429259999896,-23.918551205],[-50.328896062999902,-23.924972144],[-50.336002326999903,-23.925979864999899],[-50.341591316999903,-23.926511659],[-50.348251085999898,-23.923878191],[-50.355930079999901,-23.921258796],[-50.357001667999896,-23.918094593],[-50.358654154999897,-23.91084948],[-50.35884348,-23.89995077],[-50.357948602061043,-23.896070550797688],[-50.3576118,-23.89603]]]]}}
]
}
