{
"type": "FeatureCollection",
"name": "savana",
"crs": { "type": "name", "properties": { "name": "urn:ogc:def:crs:OGC:1.3:CRS84" } },
"features": [
{"type":"Feature","properties":{"fid":91,"id1":980245,"cd_fcim":"SG22","leg_carga":"Sgf+Ag+Rp","cd_fito":"S","cd_leg_2":"Sg","clas_domi":"Sgf","leg_uveg":"Sgf","nm_uveg":"Savana Gramíneo-Lenhosa com floresta-de-galeria","leg_uantr":null,"nm_uantr":null,"leg_contat":null,"nm_contat":null,"veg_pretet":"S","nm_pretet":"Savana","leg_sec1":"Ag","nm_sec1":"Agropecuária","leg_sec2":"Rp","nm_sec2":"Florestamento/Reflorestamento com Pinus","leg_sup":"Vegetação Natural Dominante","legenda_1":"Savana","legenda_2":"Savana Gramíneo-Lenhosa","legenda":"1Sgf - Savana Gramíneo-Lenhosa com floresta-de-galeria","ar_poli_km":407.3421,"leg1_id":8.0,"leg2_id":29.0},"geometry":{"type":"MultiPolygon","coordinates":[[[[-50.024715858,-24.405499585],[-50.021005158,-24.408392246999899],[-50.018735679,-24.408823018999897],[-50.018019350999893,-24.409899179],[-50.016147275,-24.412276109999897],[-50.015249093,-24.413736957],[-50.014890915999899,-24.414275043],[-50.0131320019999,-24.415257222],[-50.011029705999903,-24.416000755],[-50.008932124999895,-24.416435571],[-50.007531371,-24.416879641],[-50.006489789999897,-24.416785635999897],[-50.0045853129999,-24.4162921389999],[-50.003031157999899,-24.415647544999899],[-50.001353943999895,-24.415824679],[-50.000689095,-24.418445353],[-50.003104611,-24.420674431999899],[-50.007279973,-24.420847486],[-50.013009272,-24.423344625],[-50.013060759,-24.427072488],[-50.009070207,-24.430081771999898],[-49.982092928,-24.4524726769999],[-49.976249847999895,-24.449533162999899],[-49.970598958,-24.452383310999899],[-49.9672279649999,-24.456933805999899],[-49.960809130999898,-24.461436977999899],[-49.951312707999897,-24.467357114],[-49.946986229999894,-24.473712251999899],[-49.950078775999899,-24.472771907],[-49.953559025999901,-24.470851953],[-49.956785128,-24.469365833],[-49.958480230999896,-24.470707795999896],[-49.958713425,-24.471369598],[-49.960673355,-24.471838725999898],[-49.9623816269999,-24.472522190999896],[-49.963348481,-24.473414326],[-49.964039372999899,-24.4758378289999],[-49.965502315,-24.476517988],[-49.966510956,-24.475216926],[-49.968257603,-24.4739276019999],[-49.972500967,-24.4707030769999],[-49.97573391,-24.472122968999898],[-49.9790256759999,-24.473598282999898],[-49.980120123999896,-24.474272518],[-49.980341987999893,-24.4754825959999],[-49.980444335999898,-24.476580845999898],[-49.981402543999899,-24.477911938],[-49.981752927999899,-24.478904191],[-49.98046412,-24.481955335999899],[-49.979938529,-24.483701165],[-49.979794528999896,-24.484796151999898],[-49.981270634999895,-24.484818646999901],[-49.982646078,-24.483632637],[-49.984773316999899,-24.481691398999899],[-49.986784384,-24.479418811999899],[-49.987679435999901,-24.4776779389999],[-49.988191908,-24.476589727],[-49.989810239999898,-24.4756265259999],[-49.990539565999896,-24.476076292999899],[-49.990895039999891,-24.476739714999898],[-49.992249611,-24.476651209999901],[-49.992641576,-24.475450241],[-49.994765302,-24.473728504999897],[-49.995617801,-24.4741799],[-49.995604778999898,-24.474836572],[-49.994845986,-24.4759224149999],[-49.995202449,-24.476585843999899],[-49.995675063999897,-24.477580617999898],[-49.996388655,-24.4784191759999],[-49.997712872999898,-24.480116789],[-49.999075192999896,-24.481690101],[-49.999914343999897,-24.483332065],[-50.00102479,-24.48443557],[-50.001629254,-24.484677760999897],[-50.002833646999896,-24.485394405],[-50.002997375999904,-24.485939577999897],[-50.001587130999901,-24.486850085999901],[-50.000271804,-24.487372827999902],[-49.998511139,-24.48843354],[-49.998315568999899,-24.489516932999898],[-49.9986463709999,-24.490452463999898],[-49.999504919999893,-24.491087084999901],[-50.000797320999901,-24.491804925999897],[-50.001992635,-24.4929879479999],[-50.002240986999901,-24.493690060999896],[-50.002727622999899,-24.4955597279999],[-50.003498227,-24.496192268],[-50.004536549,-24.496519506],[-50.006720813,-24.496085728],[-50.007092740999902,-24.494849760999898],[-50.006862547999901,-24.493216756],[-50.006704555999896,-24.492360054999899],[-50.007157751,-24.491435864],[-50.00969213,-24.490931110999899],[-50.011150679,-24.492039237],[-50.012464823999892,-24.491593864],[-50.013400555,-24.491020464],[-50.013497518999898,-24.491009908],[-50.0144776059999,-24.491244313],[-50.0145937879999,-24.491575666999896],[-50.014068407,-24.493321620999897],[-50.014546435999897,-24.494096928],[-50.017107601999896,-24.495231518],[-50.019332866999896,-24.494607775999899],[-50.020699530999899,-24.493860576],[-50.021422963,-24.4946391249999],[-50.021406640999899,-24.495516294],[-50.02250631,-24.495861593],[-50.023250383999894,-24.495544365999898],[-50.02460938,-24.495235281],[-50.0254782969999,-24.494810371],[-50.027206813999896,-24.494507078],[-50.027942245999895,-24.494627960999896],[-50.028298831999898,-24.495290488999895],[-50.0282782089999,-24.496387177],[-50.028025859,-24.496712745],[-50.028005248999904,-24.497808529999901],[-50.028090515,-24.49978494],[-50.029426267999902,-24.500681832999899],[-50.031035942999893,-24.500158271],[-50.03216057,-24.499187315],[-50.033776211,-24.498334911],[-50.0357654109999,-24.497158526],[-50.037387018999894,-24.495976371],[-50.041725566,-24.494176792999898],[-50.043684839,-24.494645408999897],[-50.04428254,-24.495530668],[-50.043520570999902,-24.496835342999898],[-50.04240364,-24.497367282],[-50.042255583,-24.498681877],[-50.042235032999898,-24.499777669],[-50.041976725,-24.500432085999901],[-50.039711988,-24.503139221],[-50.039202986999896,-24.504009918999898],[-50.039555300999901,-24.504891982999901],[-50.040537124,-24.505017001999899],[-50.040899716999895,-24.505351613],[-50.040391720999899,-24.506220512],[-50.0402539359999,-24.506986782],[-50.041218547,-24.507988087999898],[-50.042729944999891,-24.506145649999901],[-50.043744271,-24.504516248999899],[-50.04474234,-24.503764052999902],[-50.047099412,-24.502702660999898],[-50.048206085999901,-24.5027190509999],[-50.04918098,-24.503171954],[-50.050898281999899,-24.503416860999899],[-50.052503643,-24.503111792],[-50.05623323,-24.500974124],[-50.058104441999902,-24.499576451999896],[-50.0607068079999,-24.498518191],[-50.063430657,-24.497572659999896],[-50.06552011,-24.497713025999897],[-50.065755263999897,-24.498264591999899],[-50.06574074,-24.499032465],[-50.064983831999896,-24.500008363999896],[-50.063118614999894,-24.501076334999897],[-50.061116622,-24.502911491],[-50.061204784,-24.504777718999897],[-50.061927391,-24.505556192],[-50.064262286999899,-24.505700701],[-50.065236547,-24.506262884999899],[-50.065346857999899,-24.50692308],[-50.064949236999901,-24.508453136999901],[-50.064924489,-24.509768504],[-50.06293765,-24.510726495],[-50.063031773,-24.512263930999897],[-50.063148038999898,-24.512594383],[-50.0659790549999,-24.512526711],[-50.066339061999898,-24.512970605],[-50.066203977,-24.513627603],[-50.065207598,-24.51426967],[-50.06433535,-24.5149151849999],[-50.063574098999894,-24.516110678999897],[-50.062674453999904,-24.518180909999899],[-50.062157915999897,-24.519488967],[-50.060401171,-24.5213283799999],[-50.059405725,-24.52197046],[-50.058517928,-24.523383],[-50.059971123999894,-24.524612143999896],[-50.061709063,-24.523760197999898],[-50.064192755999898,-24.522480648999899],[-50.066684992,-24.520762916999896],[-50.068688044999895,-24.518928521],[-50.0715352839999,-24.517983541],[-50.072141676999898,-24.518431572999901],[-50.0716278129999,-24.5196303399999],[-50.070736640999897,-24.521206870999901],[-50.069338322999897,-24.523599578],[-50.068079354999895,-24.5251157279999],[-50.068067463,-24.525774371],[-50.068653427999898,-24.527318339],[-50.069864616,-24.5283228599999],[-50.073202084999892,-24.527495412999897],[-50.076178511,-24.526224014],[-50.079014618999899,-24.525827332999899],[-50.080736378,-24.525852549],[-50.082697615999898,-24.526210734],[-50.082804693999897,-24.527089622999899],[-50.081404811,-24.5295917659999],[-50.081230636,-24.532330445999897],[-50.080444738,-24.534841561999901],[-50.080776816,-24.5368214649999],[-50.081236378,-24.5385834329999],[-50.082826478999898,-24.5390452289999],[-50.084437926,-24.538411972999899],[-50.085919296,-24.538104152],[-50.088405625999897,-24.536715015],[-50.089029167,-24.536285743999901],[-50.089387605999896,-24.53683898],[-50.089127738999899,-24.537602862],[-50.088361455,-24.539071834],[-50.088320708,-24.5412656029999],[-50.088433724,-24.541815653],[-50.09026598,-24.542501095],[-50.090001851999901,-24.543483642999899],[-50.088331884999896,-24.547298349],[-50.08868441,-24.548181418],[-50.089415764,-24.548520829],[-50.090520995999896,-24.5486463999999],[-50.090883710999897,-24.548981007999899],[-50.090860731,-24.550187254],[-50.090098833999896,-24.551492327999899],[-50.089832066,-24.552585144],[-50.089930634,-24.553903257999899],[-50.089405618999898,-24.5556506849999],[-50.089141460999898,-24.556634195],[-50.088854309999896,-24.558823994999901],[-50.089192408999899,-24.560474251],[-50.091275491,-24.560943374],[-50.093366127999893,-24.560974229999896],[-50.094725368999896,-24.560665657999902],[-50.100596944,-24.556528945],[-50.103298343999896,-24.556788202999897],[-50.104515682999896,-24.557464702999898],[-50.105225145999896,-24.559010391999898],[-50.1049626779999,-24.55988459],[-50.10444627,-24.561192934999898],[-50.106160728,-24.561657171],[-50.108128158999904,-24.561686327],[-50.109128899,-24.560822598999899],[-50.111395060999897,-24.558004077],[-50.117142294999901,-24.553263107],[-50.120910254999892,-24.5491499419999],[-50.127418828,-24.543102914],[-50.130878528,-24.542276354999899],[-50.132084166999896,-24.543609575999898],[-50.132075695,-24.544048695999901],[-50.127087378999896,-24.547704204999899],[-50.125816871,-24.54988036],[-50.126276773999898,-24.551641441],[-50.126216129999897,-24.554932273],[-50.123223636,-24.5570817],[-50.121694911,-24.5599107379999],[-50.121678920999898,-24.560788138],[-50.122876109999901,-24.562560645],[-50.122867621999902,-24.562999798999897],[-50.125549884999899,-24.564354953999899],[-50.126033278,-24.564800458],[-50.126500700999898,-24.56612338],[-50.125480770999893,-24.568083292],[-50.123451641999893,-24.57134437],[-50.126149967999901,-24.571822122999897],[-50.1286539809999,-24.5694466039999],[-50.132654735999893,-24.565994929999899],[-50.137139771999898,-24.562988747],[-50.138603653999894,-24.5636682969999],[-50.138324381999894,-24.565419945],[-50.136308132999901,-24.568022331999899],[-50.136287959999898,-24.569119342],[-50.135747296,-24.571743484],[-50.136699172,-24.573512853],[-50.139393301,-24.57421099],[-50.142119301,-24.573153294999898],[-50.145325457999903,-24.572761576999898],[-50.147292977999903,-24.572790477],[-50.147773179999902,-24.5734555599999],[-50.147748844,-24.574771272],[-50.147229376,-24.576299368],[-50.147467366999898,-24.57674171],[-50.149168359,-24.5778644859999],[-50.155108979,-24.5759756809999],[-50.156112842999903,-24.574893059],[-50.15959715,-24.572750356],[-50.161799463999898,-24.573440173999899],[-50.162271280999896,-24.574544409999898],[-50.162505099,-24.575205411999899],[-50.163485636999894,-24.575439409],[-50.165954459,-24.57503622],[-50.167180459999898,-24.575273339],[-50.167410069999896,-24.576154839],[-50.166648482,-24.577460242],[-50.164897927999895,-24.578969929],[-50.1621383089999,-24.581781865],[-50.16087214,-24.583738867],[-50.158617954,-24.585899245999897],[-50.15580734,-24.591562419999899],[-50.153076997999896,-24.592839007999899],[-50.15229096,-24.595461192],[-50.152488776,-24.598096923],[-50.151968310999898,-24.599625156999899],[-50.152673950999898,-24.601390602],[-50.156368157,-24.601225547999899],[-50.159139708999895,-24.597754611],[-50.161115830999897,-24.597345119999897],[-50.162829662,-24.597808174999901],[-50.163793458,-24.598919714],[-50.164011451999897,-24.60045832],[-50.162455403,-24.60482446],[-50.163637220999895,-24.6074746789999],[-50.162366741,-24.609650594],[-50.158910459999902,-24.610258117999898],[-50.158414306999902,-24.610469620999897],[-50.158143548999895,-24.611782373],[-50.1603219,-24.613789137],[-50.164490145999899,-24.614727501999898],[-50.165957608,-24.615188335],[-50.167394401,-24.617402544999898],[-50.167381779,-24.618061422],[-50.166333525,-24.621555638999897],[-50.163343804,-24.623488215999899],[-50.161363273999896,-24.624117394999899],[-50.15764447,-24.625597592],[-50.153663223,-24.627954055],[-50.143340860999892,-24.640530134999899],[-50.142795888999899,-24.643374682999898],[-50.144752266999895,-24.644060741],[-50.146490696999898,-24.643209721999899],[-50.1507388469999,-24.6397599589999],[-50.1536876589999,-24.6400220089999],[-50.155894729999893,-24.640493320999898],[-50.16110664,-24.638155181999899],[-50.165040417999897,-24.638432447999897],[-50.166738682999892,-24.639773234],[-50.168425322999902,-24.64177297],[-50.168623350999894,-24.6444082639999],[-50.16557843,-24.649411655999902],[-50.166034554999896,-24.651393938999899],[-50.1676970359999,-24.6547089919999],[-50.172602544,-24.655658623],[-50.17579806,-24.655924528],[-50.176499825999898,-24.657909061999899],[-50.17570125,-24.661189153999899],[-50.174447405,-24.662487838999898],[-50.17197035,-24.663329668999896],[-50.168992825,-24.664602710999898],[-50.167230052,-24.666771952],[-50.164684354,-24.671343618],[-50.161124946,-24.6774368559999],[-50.161073153999894,-24.680289071999898],[-50.163495418999901,-24.682518297999898],[-50.168449918999897,-24.680835542999898],[-50.175631836,-24.678524636999899],[-50.178628498999899,-24.676154869999902],[-50.181420529,-24.671586132],[-50.181698634,-24.669834603],[-50.183088300999898,-24.66788023],[-50.184476982,-24.665924942999901],[-50.1868089009999,-24.6645022279999],[-50.187464428999895,-24.664103023999896],[-50.191691857,-24.6632623029999],[-50.194187692999897,-24.660191471],[-50.197185078999901,-24.658215551],[-50.197718459,-24.657602365999896],[-50.198780691,-24.656685910999901],[-50.200533895,-24.656089990999899],[-50.20211298,-24.655490948],[-50.204090762,-24.652103614999902],[-50.204116014999897,-24.650705461],[-50.200877071,-24.646776336],[-50.198640133999895,-24.645190951999901],[-50.194988275999897,-24.644827442999901],[-50.193033441999901,-24.64697417],[-50.187588779999899,-24.649380183999899],[-50.186544079,-24.649365092],[-50.186214681,-24.648273317999898],[-50.187120348999898,-24.646422345],[-50.191197361,-24.642598768],[-50.192101002999898,-24.640748706999897],[-50.192137342999892,-24.638729952999899],[-50.192702489999895,-24.636408887999899],[-50.195351406,-24.634427844999898],[-50.200407979,-24.634189235999898],[-50.202329618999897,-24.633907257],[-50.204082676,-24.633310459],[-50.205315649999896,-24.632552109999899],[-50.2053386259999,-24.631309915],[-50.203472980999898,-24.628487796999899],[-50.202633222,-24.62676708],[-50.202661701999901,-24.625215054],[-50.203062668999898,-24.6222694329999],[-50.205723318,-24.619668717],[-50.20887777,-24.618626574999897],[-50.210282509,-24.618025379999899],[-50.213986642999899,-24.615438717999897],[-50.2164688229999,-24.612989774],[-50.216855117999899,-24.610975650999901],[-50.216706190999894,-24.609576441999902],[-50.214999485,-24.607533232],[-50.213986603999899,-24.605810507999898],[-50.214028248,-24.603482196999899],[-50.216275653,-24.603114949],[-50.216245897,-24.602469249],[-50.216403372999899,-24.601526948999901],[-50.217440525,-24.601105247],[-50.218679795999897,-24.600641426],[-50.219665,-24.600361252],[-50.220604009999896,-24.599893644999899],[-50.221639087999897,-24.5996140929999],[-50.222154512999893,-24.59881029],[-50.222369999,-24.597913391],[-50.222636986999895,-24.596972483999899],[-50.22310078,-24.596220901],[-50.224142902,-24.596129193],[-50.2251707819999,-24.596277926],[-50.226200733,-24.596283581999899],[-50.22796677,-24.5954444559999],[-50.228357592999899,-24.595137651999899],[-50.237037697999902,-24.596785098999902],[-50.239144033999899,-24.5958836359999],[-50.240204903999896,-24.594966336],[-50.243737552999896,-24.592221547999898],[-50.245540246,-24.588831705999898],[-50.251139881,-24.587358647],[-50.255667821,-24.587422444],[-50.257773051,-24.58651996],[-50.260793094999897,-24.581099188999897],[-50.261101326999899,-24.580545254999898],[-50.261140965,-24.578327429999899],[-50.2717838579999,-24.56738853],[-50.278384638,-24.559941013],[-50.28347633,-24.553358849999899],[-50.285085793999897,-24.546728238999897],[-50.291603992,-24.5349862949999],[-50.298638595999897,-24.531049160999899],[-50.311310755999898,-24.523309593999898],[-50.314010654999898,-24.519860234],[-50.315834046999896,-24.513591968],[-50.322231525999896,-24.506230075999898],[-50.336030331999901,-24.503627176999899],[-50.342806492,-24.504690154999899],[-50.350883633,-24.500765895],[-50.352197325999896,-24.494094467],[-50.351439162999903,-24.4939112389999],[-50.348690667,-24.492438327999899],[-50.347344219,-24.492091231999897],[-50.342904915,-24.492797023],[-50.340105080999898,-24.491224106999898],[-50.338773360999895,-24.490108214],[-50.336939830999903,-24.489425329],[-50.334850718,-24.489396188999898],[-50.329932867,-24.48943724],[-50.328732062999897,-24.487777187999896],[-50.327278770999897,-24.486550445],[-50.325688558,-24.48609004],[-50.322495949,-24.485825921],[-50.319273698,-24.487315178],[-50.318119556999896,-24.490040581],[-50.316225764999899,-24.492864439],[-50.312252471999898,-24.495111579],[-50.309250359,-24.498029345],[-50.304887939999901,-24.501366795],[-50.302652978999895,-24.502651274],[-50.294471323,-24.506373449],[-50.291661892,-24.5053474599999],[-50.291460194,-24.502823001],[-50.2932598149999,-24.498462821],[-50.29427,-24.496942834],[-50.295780119999904,-24.494989879999899],[-50.296309855999901,-24.492804361],[-50.295603524999898,-24.491040922],[-50.294140606,-24.490363256],[-50.2918010429999,-24.490549379],[-50.286421077999897,-24.495845478],[-50.284035143,-24.4986631149999],[-50.283228659,-24.502487964999897],[-50.283566355999902,-24.504246948999899],[-50.284495362,-24.507329838],[-50.28493166,-24.510404843999897],[-50.284497222999896,-24.5141278729999],[-50.28384262,-24.516419529],[-50.282089033,-24.518149985],[-50.279750189,-24.518336046999899],[-50.274474539,-24.517713904999901],[-50.272002713999903,-24.518445868999901],[-50.271848571999897,-24.520197959],[-50.273359586,-24.525043253],[-50.272724415999896,-24.526240877999896],[-50.269538017999899,-24.525648206],[-50.26405414,-24.522829138],[-50.261601853999899,-24.52246603],[-50.257647902999899,-24.523505636],[-50.254266416999904,-24.526966091],[-50.252158902,-24.527923885999897],[-50.249196691999899,-24.528539316],[-50.244632717999899,-24.529350641999898],[-50.241818113999898,-24.528543629999898],[-50.23718854,-24.526174834999896],[-50.234031849999894,-24.523937458],[-50.229760153999898,-24.522122521],[-50.229791399999897,-24.5203679809999],[-50.230679825,-24.518846541999899],[-50.233674165999901,-24.516476818999898],[-50.233830143,-24.514615455999898],[-50.232450995999898,-24.512676531999897],[-50.229504522999896,-24.512415399],[-50.225055645999895,-24.513666993999902],[-50.221899210999901,-24.5114295989999],[-50.221676788999893,-24.510111111],[-50.22223945,-24.506171164],[-50.222287343999895,-24.503541358999897],[-50.221615965999902,-24.499803739],[-50.222385345,-24.498061375],[-50.226175974999897,-24.492414756999899],[-50.228725188999896,-24.487407677],[-50.23275675,-24.481983801],[-50.234064529,-24.477617241],[-50.237089543,-24.4734945619999],[-50.240815224999899,-24.4713557369999],[-50.243266403999897,-24.471828253],[-50.247213549,-24.471007613],[-50.253429592,-24.467150675],[-50.258170446999898,-24.463270732999899],[-50.2666281999999,-24.457689811],[-50.267951744,-24.452447407],[-50.267482832,-24.451125283999897],[-50.265294615999899,-24.4497781429999],[-50.263085800999896,-24.449528393],[-50.252463850999902,-24.452446687999899],[-50.237824325999895,-24.459911895999898],[-50.232556207999899,-24.465756206],[-50.226531010999892,-24.4726869859999],[-50.224763681999896,-24.475292119999899],[-50.222062992999902,-24.475034949999898],[-50.216437097,-24.473419027],[-50.216238728999897,-24.470784636999898],[-50.216278362,-24.468593282],[-50.215818973999902,-24.466832929999899],[-50.212164178,-24.465025913],[-50.211933523,-24.464145731],[-50.211239354,-24.461724719],[-50.210284188999893,-24.460175868999901],[-50.2031333629999,-24.461389107999899],[-50.200107966999894,-24.465510336999898],[-50.198073199999904,-24.469208695],[-50.194010624,-24.476385152],[-50.190751103,-24.479845799],[-50.187237743,-24.483742359999898],[-50.184739264,-24.485898962999897],[-50.179283016999896,-24.488450693999901],[-50.177301309999898,-24.489299181],[-50.174604721,-24.488822055],[-50.174613119999904,-24.488383029],[-50.176376842,-24.485997564999899],[-50.1778604,-24.485579148999896],[-50.178629051999899,-24.4838369829999],[-50.179144934,-24.482528911],[-50.183185835999893,-24.4766668],[-50.18941453,-24.472153503],[-50.191183182,-24.469547709],[-50.192484217999898,-24.465619631],[-50.1930712939999,-24.460367122],[-50.195109266,-24.4564494279999],[-50.194882843,-24.4553506899999],[-50.19170747,-24.454208186999896],[-50.187941747999893,-24.458538415],[-50.183425333999899,-24.463515942999898],[-50.18019837,-24.465223068999897],[-50.179666739,-24.467408135],[-50.179880521999898,-24.469165425],[-50.179082580999903,-24.472442163],[-50.177584307999894,-24.473735854],[-50.175126815999896,-24.473700000999898],[-50.172922086,-24.473230064999896],[-50.171963881999901,-24.471900531999896],[-50.168526239999899,-24.471631663],[-50.166579506999902,-24.470507230999896],[-50.166389066,-24.467434748],[-50.167654615999901,-24.465479532],[-50.170164657,-24.462665667999897],[-50.176615391,-24.459471141999902],[-50.179382221,-24.456002834999897],[-50.18365743,-24.450802915999901],[-50.184945915,-24.4475335919999],[-50.187685174,-24.445599903],[-50.1899453,-24.443001541999898],[-50.192414066,-24.442379746],[-50.196568407999898,-24.443755032999899],[-50.198815907,-24.441814130999898],[-50.200830557,-24.439212621],[-50.201594755,-24.437689271999901],[-50.203109385999895,-24.435518681],[-50.205864070999901,-24.432708863],[-50.205683744999902,-24.4289793579999],[-50.204242262,-24.427205023999896],[-50.196115488,-24.427965647999901],[-50.190990743,-24.425917769],[-50.187083011,-24.424545629999898],[-50.186360877,-24.423658413999899],[-50.185672219999894,-24.421018284999899],[-50.184697395999898,-24.420565971],[-50.1827551659999,-24.419222417999897],[-50.179572874,-24.4185188659999],[-50.1778644,-24.417835871],[-50.175410642,-24.417581472999899],[-50.173651547,-24.419748657],[-50.174106380999895,-24.421727296],[-50.175561171999895,-24.4228452],[-50.178243529,-24.423979641],[-50.181640622,-24.42644023],[-50.179087883,-24.431665187999897],[-50.175832919999898,-24.434905598999901],[-50.173829649,-24.4368503009999],[-50.16810995,-24.4404937689999],[-50.163388218,-24.4432754689999],[-50.161385781,-24.445219253999898],[-50.160370809999897,-24.446957960999896],[-50.160076946999894,-24.449584942999898],[-50.158807219,-24.451758574999896],[-50.153601947,-24.454094987],[-50.151631117,-24.454284712999897],[-50.150446859999896,-24.451856453999898],[-50.152714854999893,-24.44882025],[-50.157723237999896,-24.443850676],[-50.160724811,-24.441044333],[-50.161268185,-24.438202017],[-50.159314299999892,-24.437515726],[-50.153863997999899,-24.439847961999899],[-50.151107687,-24.442658278999897],[-50.146365639999892,-24.446534395999901],[-50.144847225,-24.448924285],[-50.142642758999898,-24.448454172],[-50.142452616999897,-24.445381939],[-50.144009013,-24.441019573999895],[-50.146776067999895,-24.437552729999901],[-50.151245098999894,-24.435206243],[-50.153041403999893,-24.431067511],[-50.152610046999897,-24.42777289],[-50.151188055,-24.424901903],[-50.143803321999897,-24.425452016999898],[-50.13930256,-24.429551283],[-50.1373010249999,-24.431494814999898],[-50.135343021,-24.43102785],[-50.135121119999901,-24.429708803],[-50.135912011999899,-24.426870752],[-50.135710248999899,-24.4244571579999],[-50.133001733999897,-24.424636330999899],[-50.130971547999899,-24.428114192999896],[-50.127909234999898,-24.434207542999896],[-50.123674584999904,-24.437214357999899],[-50.121926664999897,-24.438723894999899],[-50.116438806,-24.443027082999897],[-50.113951889999903,-24.4445252269999],[-50.110228826,-24.446442765],[-50.106018294,-24.4481353269999],[-50.103343541999898,-24.446561168],[-50.10611643,-24.442875161999897],[-50.110338644999899,-24.440525118],[-50.112595233,-24.438147770999898],[-50.118320879999899,-24.434285939999899],[-50.121830359999898,-24.430610405],[-50.121846326,-24.429734364999899],[-50.120875838999901,-24.429061458],[-50.117410092999897,-24.43032647],[-50.112426679999899,-24.433980135999899],[-50.10868773,-24.436774544999899],[-50.105189761999895,-24.439792504],[-50.102760417999896,-24.438222482999901],[-50.104297151,-24.434955966],[-50.106314992,-24.43213567],[-50.111823041,-24.426737363],[-50.115836852,-24.422410917],[-50.115131945999899,-24.420646631999897],[-50.112179120999897,-24.420822452],[-50.108226101999897,-24.421860584999898],[-50.102977113999899,-24.426606276],[-50.100298353999897,-24.425250768999899],[-50.100572465999896,-24.423721387999901],[-50.104094812999897,-24.419388763],[-50.107604293999898,-24.415713609],[-50.112809198,-24.413379257],[-50.119008916,-24.410401019999899],[-50.121937169,-24.411540004],[-50.124173201999902,-24.410258251999899],[-50.125212717999901,-24.407204157],[-50.123299564,-24.404326924],[-50.119368048999895,-24.404268847],[-50.113893593999897,-24.407914898999898],[-50.111927320999897,-24.407885798999899],[-50.108200499,-24.410023391],[-50.105956868999897,-24.411743015999896],[-50.102512561999895,-24.411911448],[-50.099793325999897,-24.412748678],[-50.0968235509999,-24.4138003099999],[-50.096557928,-24.414892552],[-50.096774394999898,-24.416430078],[-50.097238117,-24.417971737],[-50.096713436999899,-24.419717331999898],[-50.094965478999896,-24.421226609],[-50.092462568,-24.42360137],[-50.090959890999898,-24.425112929],[-50.087248748,-24.426373468999898],[-50.084533586,-24.426991148999896],[-50.083521472,-24.42851],[-50.082730981999894,-24.431347942999899],[-50.080204178,-24.435037693],[-50.076984460999896,-24.436305482999899],[-50.0732978019999,-24.43625],[-50.071368871999901,-24.4342481589999],[-50.072929669,-24.429668701],[-50.076198704,-24.425770188999898],[-50.076477239,-24.424021369999899],[-50.077030044,-24.420741399999901],[-50.078877754999901,-24.413972681999898],[-50.082133675999899,-24.410732676999899],[-50.082935945,-24.407237536],[-50.082977678999903,-24.405045846999897],[-50.080511314,-24.405448095999901],[-50.077754592,-24.408256450999897],[-50.075736626,-24.41107629],[-50.073957687999901,-24.414118777999899],[-50.070914630999894,-24.419115760999897],[-50.068895530999896,-24.421935661],[-50.064697034999895,-24.422968193],[-50.062457271,-24.424469944999899],[-50.0607081059999,-24.425979038],[-50.059866881999902,-24.428212334],[-50.058365627999898,-24.429615386],[-50.055147539999901,-24.430772723],[-50.050998454,-24.429176089999899],[-50.049410056999896,-24.428714337],[-50.048061716999896,-24.428474342999898],[-50.045496086,-24.427669066999897],[-50.045025015999897,-24.426566196999897],[-50.045167051999897,-24.425580709],[-50.04655644,-24.423628859],[-50.049814524999896,-24.420280714999897],[-50.056911155999899,-24.415453768],[-50.057832622,-24.412179691999899],[-50.057118879999898,-24.410962604999899],[-50.055651768999894,-24.410502510999898],[-50.050806253999895,-24.413279584999898],[-50.048553593999898,-24.41543861],[-50.046796786999899,-24.41738557],[-50.044782442,-24.419875637],[-50.044143840999901,-24.421181546999897],[-50.042252574,-24.423674166999898],[-50.040014348999897,-24.425065565999901],[-50.037705359999897,-24.423715291999898],[-50.037623353999898,-24.421521829],[-50.033951498,-24.420700051],[-50.030873807,-24.420982723999899],[-50.030531954,-24.419551848],[-50.031415228,-24.418359418],[-50.037658097,-24.413191960999896],[-50.040785394999901,-24.410280417],[-50.042040366,-24.408873402],[-50.04703219,-24.404893489],[-50.049790878999893,-24.401975272],[-50.051834834,-24.397840925],[-50.0513654599999,-24.396628017],[-50.049910642,-24.395620725999898],[-50.047439347,-24.396350488999897],[-50.044183173999897,-24.399589937],[-50.042070644,-24.400764289999898],[-50.036621751,-24.402982972999897],[-50.035236698999896,-24.404716091999902],[-50.032975364,-24.407312899],[-50.032455556999899,-24.408839789999899],[-50.029950544999899,-24.41132228],[-50.027214784,-24.413035734999898],[-50.024250706,-24.4137579279999],[-50.021421039,-24.413934481999899],[-50.020954421999896,-24.412612188],[-50.021483921,-24.410647330999897],[-50.024200729,-24.4099209879999],[-50.026531126999899,-24.410174982999898],[-50.028164194999896,-24.408336763999898],[-50.027819715999904,-24.407016124999899],[-50.024715858,-24.405499585]]]]}},
{"type":"Feature","properties":{"fid":93,"id1":975339,"cd_fcim":"SG22","leg_carga":"Acc+Sgf+R","cd_fito":"S","cd_leg_2":"Ac","clas_domi":"Acc","leg_uveg":null,"nm_uveg":null,"leg_uantr":"Acc","nm_uantr":"Agricultura com Culturas Cíclicas","leg_contat":null,"nm_contat":null,"veg_pretet":"S","nm_pretet":"Savana","leg_sec1":"Sgf","nm_sec1":"Savana Gramíneo-Lenhosa com floresta-de-galeria","leg_sec2":"R","nm_sec2":"Florestamento/Reflorestamento","leg_sup":"Área Antrópica Dominante","legenda_1":"Savana","legenda_2":"Agricultura","legenda":"3Acc - Agricultura com Culturas Cíclicas","ar_poli_km":628.0624,"leg1_id":8.0,"leg2_id":44.0},"geometry":{"type":"MultiPolygon","coordinates":[[[[-50.053463334999904,-24.215274161],[-50.054195051,-24.217137663999896],[-50.055901898999899,-24.217819923],[-50.056608196999896,-24.219363653],[-50.056085583999895,-24.221108769],[-50.051362331999897,-24.224105627],[-50.049382204,-24.2249533079999],[-50.041193037,-24.229430748],[-50.035230885,-24.233066430999898],[-50.028148604,-24.243914155],[-50.026068563,-24.250018747],[-50.023742316,-24.256118388999898],[-50.022972309999894,-24.257859512],[-50.020516873999902,-24.257822425],[-50.016030029,-24.261261045],[-50.013682794,-24.268455677],[-50.013870314999899,-24.271525864999902],[-50.016771565999896,-24.273980322999897],[-50.019476642,-24.273802277],[-50.020682815,-24.2749170119999],[-50.021132887,-24.277114110999896],[-50.020591669999895,-24.279735047],[-50.015410216999896,-24.280972651],[-50.013323915999898,-24.2840628709999],[-50.012283580999899,-24.2871151169999],[-50.012860014999895,-24.289096432999898],[-50.015586745999897,-24.294287163],[-50.016383445,-24.297586054],[-50.015586608,-24.300751862],[-50.01567606,-24.302506492999896],[-50.016985775,-24.304717969],[-50.01941405,-24.306178626],[-50.021359612,-24.3071940469999],[-50.0218286859999,-24.308406580999897],[-50.020424389,-24.311233993],[-50.017189586,-24.313377075999899],[-50.016389792,-24.31654213],[-50.017826032999899,-24.318535978999897],[-50.019289901,-24.319106223999899],[-50.020378502,-24.31999926],[-50.020721851999895,-24.321319446999897],[-50.020902522,-24.324718851999897],[-50.020746807,-24.326469485],[-50.020083344999897,-24.329090213],[-50.019165049,-24.332143723999899],[-50.0198647389999,-24.334127004],[-50.020834625999903,-24.3347990789999],[-50.022693541,-24.33395052],[-50.024048047999898,-24.333752667999899],[-50.0251377169999,-24.334644839],[-50.025614526,-24.335418724],[-50.024350209,-24.337263106999899],[-50.020636657999894,-24.338740877],[-50.018752739,-24.340903932999897],[-50.018608979999904,-24.341998326999899],[-50.019078103,-24.343211027999899],[-50.021044582999899,-24.3431305629999],[-50.024891613,-24.3411063799999],[-50.025727433,-24.342434098],[-50.02595804,-24.343204745],[-50.020955075,-24.347841533999897],[-50.022900264,-24.348966369],[-50.025021781999897,-24.347245259],[-50.028127834,-24.345429723999899],[-50.030352509999901,-24.344695187999896],[-50.031337067,-24.344600757999899],[-50.032422476,-24.345713239],[-50.034375338999894,-24.346400109999898],[-50.036223041,-24.346098528],[-50.038911914,-24.346906175],[-50.040747660999898,-24.347262746999899],[-50.041595517,-24.347933177999899],[-50.043416707999903,-24.349056243999897],[-50.045515909999892,-24.348539377999899],[-50.047523451999901,-24.346268452999897],[-50.048644015,-24.345518329],[-50.049153352999895,-24.3445388969999],[-50.051037047,-24.342375619999899],[-50.052262527,-24.342503733999902],[-50.053348016,-24.343616132],[-50.054046344,-24.345708665999897],[-50.054760883,-24.346924552999898],[-50.056975238999897,-24.346738749999897],[-50.058848655999896,-24.345122515999901],[-50.060936581,-24.34515356],[-50.063647633999899,-24.3447556909999],[-50.0652661989999,-24.343574975],[-50.067043780999896,-24.340533363],[-50.067844388,-24.337148458999899],[-50.069997826,-24.333672957],[-50.071354931999899,-24.333364753999899],[-50.072449714999898,-24.3339281199999],[-50.073397658,-24.33580618],[-50.072859466999901,-24.338318575999896],[-50.071440100999894,-24.341913032],[-50.070037809,-24.344631799],[-50.068885005,-24.347135319],[-50.068371462999899,-24.348333275],[-50.067300872,-24.353028763999898],[-50.064655478,-24.356386969],[-50.062271065999894,-24.359091157],[-50.062123201999903,-24.36040414],[-50.062217279,-24.361939761],[-50.0617994179999,-24.364563249],[-50.058172806999899,-24.367906854999898],[-50.056373766,-24.372154165],[-50.056107052,-24.373245271],[-50.057698716999894,-24.373598565999899],[-50.060425275999897,-24.372323921],[-50.061153456999897,-24.372773321999897],[-50.061262063999898,-24.3735415209999],[-50.059009833999895,-24.375700288],[-50.056905481999898,-24.376545079],[-50.055278754,-24.378055462],[-50.053522264,-24.380001267],[-50.051764755999898,-24.381947974],[-50.049397853,-24.383666278999897],[-50.045793993,-24.385804515],[-50.043073187999902,-24.386750408999898],[-50.038107500999899,-24.389415235999898],[-50.034603373,-24.392760506999899],[-50.033834713,-24.394392401999898],[-50.03356453,-24.395703936999897],[-50.031780199,-24.399074707],[-50.028899881,-24.401880916],[-50.026488443999902,-24.403741581],[-50.024715858,-24.405499585],[-50.027819715999904,-24.407016124999899],[-50.028164194999896,-24.408336763999898],[-50.026531126999899,-24.410174982999898],[-50.024200729,-24.4099209879999],[-50.021483921,-24.410647330999897],[-50.020954421999896,-24.412612188],[-50.021421039,-24.413934481999899],[-50.024250706,-24.4137579279999],[-50.027214784,-24.413035734999898],[-50.029950544999899,-24.41132228],[-50.032455556999899,-24.408839789999899],[-50.032975364,-24.407312899],[-50.035236698999896,-24.404716091999902],[-50.036621751,-24.402982972999897],[-50.042070644,-24.400764289999898],[-50.044183173999897,-24.399589937],[-50.047439347,-24.396350488999897],[-50.049910642,-24.395620725999898],[-50.0513654599999,-24.396628017],[-50.051834834,-24.397840925],[-50.049790878999893,-24.401975272],[-50.04703219,-24.404893489],[-50.042040366,-24.408873402],[-50.040785394999901,-24.410280417],[-50.037658097,-24.413191960999896],[-50.031415228,-24.418359418],[-50.030531954,-24.419551848],[-50.030873807,-24.420982723999899],[-50.033951498,-24.420700051],[-50.037623353999898,-24.421521829],[-50.037705359999897,-24.423715291999898],[-50.040014348999897,-24.425065565999901],[-50.042252574,-24.423674166999898],[-50.044143840999901,-24.421181546999897],[-50.044782442,-24.419875637],[-50.046796786999899,-24.41738557],[-50.048553593999898,-24.41543861],[-50.050806253999895,-24.413279584999898],[-50.055651768999894,-24.410502510999898],[-50.057118879999898,-24.410962604999899],[-50.057832622,-24.412179691999899],[-50.056911155999899,-24.415453768],[-50.049814524999896,-24.420280714999897],[-50.04655644,-24.423628859],[-50.045167051999897,-24.425580709],[-50.045025015999897,-24.426566196999897],[-50.045496086,-24.427669066999897],[-50.048061716999896,-24.428474342999898],[-50.049410056999896,-24.428714337],[-50.050998454,-24.429176089999899],[-50.055147539999901,-24.430772723],[-50.058365627999898,-24.429615386],[-50.059866881999902,-24.428212334],[-50.0607081059999,-24.425979038],[-50.062457271,-24.424469944999899],[-50.064697034999895,-24.422968193],[-50.068895530999896,-24.421935661],[-50.070914630999894,-24.419115760999897],[-50.073957687999901,-24.414118777999899],[-50.075736626,-24.41107629],[-50.077754592,-24.408256450999897],[-50.080511314,-24.405448095999901],[-50.082977678999903,-24.405045846999897],[-50.082935945,-24.407237536],[-50.082133675999899,-24.410732676999899],[-50.078877754999901,-24.413972681999898],[-50.077030044,-24.420741399999901],[-50.076477239,-24.424021369999899],[-50.076198704,-24.425770188999898],[-50.072929669,-24.429668701],[-50.071368871999901,-24.4342481589999],[-50.0732978019999,-24.43625],[-50.076984460999896,-24.436305482999899],[-50.080204178,-24.435037693],[-50.082730981999894,-24.431347942999899],[-50.083521472,-24.42851],[-50.084533586,-24.426991148999896],[-50.087248748,-24.426373468999898],[-50.090959890999898,-24.425112929],[-50.092462568,-24.42360137],[-50.094965478999896,-24.421226609],[-50.096713436999899,-24.419717331999898],[-50.097238117,-24.417971737],[-50.096774394999898,-24.416430078],[-50.096557928,-24.414892552],[-50.0968235509999,-24.4138003099999],[-50.099793325999897,-24.412748678],[-50.102512561999895,-24.411911448],[-50.105956868999897,-24.411743015999896],[-50.108200499,-24.410023391],[-50.111927320999897,-24.407885798999899],[-50.113893593999897,-24.407914898999898],[-50.119368048999895,-24.404268847],[-50.123299564,-24.404326924],[-50.125212717999901,-24.407204157],[-50.124173201999902,-24.410258251999899],[-50.121937169,-24.411540004],[-50.119008916,-24.410401019999899],[-50.112809198,-24.413379257],[-50.107604293999898,-24.415713609],[-50.104094812999897,-24.419388763],[-50.100572465999896,-24.423721387999901],[-50.100298353999897,-24.425250768999899],[-50.102977113999899,-24.426606276],[-50.108226101999897,-24.421860584999898],[-50.112179120999897,-24.420822452],[-50.115131945999899,-24.420646631999897],[-50.115836852,-24.422410917],[-50.111823041,-24.426737363],[-50.106314992,-24.43213567],[-50.104297151,-24.434955966],[-50.102760417999896,-24.438222482999901],[-50.105189761999895,-24.439792504],[-50.10868773,-24.436774544999899],[-50.112426679999899,-24.433980135999899],[-50.117410092999897,-24.43032647],[-50.120875838999901,-24.429061458],[-50.121846326,-24.429734364999899],[-50.121830359999898,-24.430610405],[-50.118320879999899,-24.434285939999899],[-50.112595233,-24.438147770999898],[-50.110338644999899,-24.440525118],[-50.10611643,-24.442875161999897],[-50.103343541999898,-24.446561168],[-50.106018294,-24.4481353269999],[-50.110228826,-24.446442765],[-50.113951889999903,-24.4445252269999],[-50.116438806,-24.443027082999897],[-50.121926664999897,-24.438723894999899],[-50.123674584999904,-24.437214357999899],[-50.127909234999898,-24.434207542999896],[-50.130971547999899,-24.428114192999896],[-50.133001733999897,-24.424636330999899],[-50.135710248999899,-24.4244571579999],[-50.135912011999899,-24.426870752],[-50.135121119999901,-24.429708803],[-50.135343021,-24.43102785],[-50.1373010249999,-24.431494814999898],[-50.13930256,-24.429551283],[-50.143803321999897,-24.425452016999898],[-50.151188055,-24.424901903],[-50.152610046999897,-24.42777289],[-50.153041403999893,-24.431067511],[-50.151245098999894,-24.435206243],[-50.146776067999895,-24.437552729999901],[-50.144009013,-24.441019573999895],[-50.142452616999897,-24.445381939],[-50.142642758999898,-24.448454172],[-50.144847225,-24.448924285],[-50.146365639999892,-24.446534395999901],[-50.151107687,-24.442658278999897],[-50.153863997999899,-24.439847961999899],[-50.159314299999892,-24.437515726],[-50.161268185,-24.438202017],[-50.160724811,-24.441044333],[-50.157723237999896,-24.443850676],[-50.152714854999893,-24.44882025],[-50.150446859999896,-24.451856453999898],[-50.151631117,-24.454284712999897],[-50.153601947,-24.454094987],[-50.158807219,-24.451758574999896],[-50.160076946999894,-24.449584942999898],[-50.160370809999897,-24.446957960999896],[-50.161385781,-24.445219253999898],[-50.163388218,-24.4432754689999],[-50.16810995,-24.4404937689999],[-50.173829649,-24.4368503009999],[-50.175832919999898,-24.434905598999901],[-50.179087883,-24.431665187999897],[-50.181640622,-24.42644023],[-50.178243529,-24.423979641],[-50.175561171999895,-24.4228452],[-50.174106380999895,-24.421727296],[-50.173651547,-24.419748657],[-50.175410642,-24.417581472999899],[-50.1778644,-24.417835871],[-50.179572874,-24.4185188659999],[-50.1827551659999,-24.419222417999897],[-50.184697395999898,-24.420565971],[-50.185672219999894,-24.421018284999899],[-50.186360877,-24.423658413999899],[-50.187083011,-24.424545629999898],[-50.190990743,-24.425917769],[-50.196115488,-24.427965647999901],[-50.204242262,-24.427205023999896],[-50.205683744999902,-24.4289793579999],[-50.205864070999901,-24.432708863],[-50.203109385999895,-24.435518681],[-50.201594755,-24.437689271999901],[-50.200830557,-24.439212621],[-50.198815907,-24.441814130999898],[-50.196568407999898,-24.443755032999899],[-50.192414066,-24.442379746],[-50.1899453,-24.443001541999898],[-50.187685174,-24.445599903],[-50.184945915,-24.4475335919999],[-50.18365743,-24.450802915999901],[-50.179382221,-24.456002834999897],[-50.176615391,-24.459471141999902],[-50.170164657,-24.462665667999897],[-50.167654615999901,-24.465479532],[-50.166389066,-24.467434748],[-50.166579506999902,-24.470507230999896],[-50.168526239999899,-24.471631663],[-50.171963881999901,-24.471900531999896],[-50.172922086,-24.473230064999896],[-50.175126815999896,-24.473700000999898],[-50.177584307999894,-24.473735854],[-50.179082580999903,-24.472442163],[-50.179880521999898,-24.469165425],[-50.179666739,-24.467408135],[-50.18019837,-24.465223068999897],[-50.183425333999899,-24.463515942999898],[-50.187941747999893,-24.458538415],[-50.19170747,-24.454208186999896],[-50.194882843,-24.4553506899999],[-50.195109266,-24.4564494279999],[-50.1930712939999,-24.460367122],[-50.192484217999898,-24.465619631],[-50.191183182,-24.469547709],[-50.18941453,-24.472153503],[-50.183185835999893,-24.4766668],[-50.179144934,-24.482528911],[-50.178629051999899,-24.4838369829999],[-50.1778604,-24.485579148999896],[-50.176376842,-24.485997564999899],[-50.174613119999904,-24.488383029],[-50.174604721,-24.488822055],[-50.177301309999898,-24.489299181],[-50.179283016999896,-24.488450693999901],[-50.184739264,-24.485898962999897],[-50.187237743,-24.483742359999898],[-50.190751103,-24.479845799],[-50.194010624,-24.476385152],[-50.198073199999904,-24.469208695],[-50.200107966999894,-24.465510336999898],[-50.2031333629999,-24.461389107999899],[-50.210284188999893,-24.460175868999901],[-50.211239354,-24.461724719],[-50.211933523,-24.464145731],[-50.212164178,-24.465025913],[-50.215818973999902,-24.466832929999899],[-50.216278362,-24.468593282],[-50.216238728999897,-24.470784636999898],[-50.216437097,-24.473419027],[-50.222062992999902,-24.475034949999898],[-50.224763681999896,-24.475292119999899],[-50.226531010999892,-24.4726869859999],[-50.232556207999899,-24.465756206],[-50.237824325999895,-24.459911895999898],[-50.252463850999902,-24.452446687999899],[-50.263085800999896,-24.449528393],[-50.265294615999899,-24.4497781429999],[-50.267482832,-24.451125283999897],[-50.267951744,-24.452447407],[-50.2666281999999,-24.457689811],[-50.258170446999898,-24.463270732999899],[-50.253429592,-24.467150675],[-50.247213549,-24.471007613],[-50.243266403999897,-24.471828253],[-50.240815224999899,-24.4713557369999],[-50.237089543,-24.4734945619999],[-50.234064529,-24.477617241],[-50.23275675,-24.481983801],[-50.228725188999896,-24.487407677],[-50.226175974999897,-24.492414756999899],[-50.222385345,-24.498061375],[-50.221615965999902,-24.499803739],[-50.222287343999895,-24.503541358999897],[-50.22223945,-24.506171164],[-50.221676788999893,-24.510111111],[-50.221899210999901,-24.5114295989999],[-50.225055645999895,-24.513666993999902],[-50.229504522999896,-24.512415399],[-50.232450995999898,-24.512676531999897],[-50.233830143,-24.514615455999898],[-50.233674165999901,-24.516476818999898],[-50.230679825,-24.518846541999899],[-50.229791399999897,-24.5203679809999],[-50.229760153999898,-24.522122521],[-50.234031849999894,-24.523937458],[-50.23718854,-24.526174834999896],[-50.241818113999898,-24.528543629999898],[-50.244632717999899,-24.529350641999898],[-50.249196691999899,-24.528539316],[-50.252158902,-24.527923885999897],[-50.254266416999904,-24.526966091],[-50.257647902999899,-24.523505636],[-50.261601853999899,-24.52246603],[-50.26405414,-24.522829138],[-50.269538017999899,-24.525648206],[-50.272724415999896,-24.526240877999896],[-50.273359586,-24.525043253],[-50.271848571999897,-24.520197959],[-50.272002713999903,-24.518445868999901],[-50.274474539,-24.517713904999901],[-50.279750189,-24.518336046999899],[-50.282089033,-24.518149985],[-50.28384262,-24.516419529],[-50.284497222999896,-24.5141278729999],[-50.28493166,-24.510404843999897],[-50.284495362,-24.507329838],[-50.283566355999902,-24.504246948999899],[-50.283228659,-24.502487964999897],[-50.284035143,-24.4986631149999],[-50.286421077999897,-24.495845478],[-50.2918010429999,-24.490549379],[-50.294140606,-24.490363256],[-50.295603524999898,-24.491040922],[-50.296309855999901,-24.492804361],[-50.295780119999904,-24.494989879999899],[-50.29427,-24.496942834],[-50.2932598149999,-24.498462821],[-50.291460194,-24.502823001],[-50.291661892,-24.5053474599999],[-50.294471323,-24.506373449],[-50.302652978999895,-24.502651274],[-50.304887939999901,-24.501366795],[-50.309250359,-24.498029345],[-50.312252471999898,-24.495111579],[-50.316225764999899,-24.492864439],[-50.318119556999896,-24.490040581],[-50.319273698,-24.487315178],[-50.322495949,-24.485825921],[-50.325688558,-24.48609004],[-50.327278770999897,-24.486550445],[-50.328732062999897,-24.487777187999896],[-50.329932867,-24.48943724],[-50.334850718,-24.489396188999898],[-50.336939830999903,-24.489425329],[-50.338773360999895,-24.490108214],[-50.340105080999898,-24.491224106999898],[-50.342904915,-24.492797023],[-50.347344219,-24.492091231999897],[-50.348690667,-24.492438327999899],[-50.351439162999903,-24.4939112389999],[-50.352197325999896,-24.494094467],[-50.352414637,-24.494147215999899],[-50.353184956999897,-24.494719620999899],[-50.354214511999899,-24.494724837],[-50.356137566999898,-24.493975588999898],[-50.357015335999897,-24.493507013999899],[-50.357844488999902,-24.492948564],[-50.36001944,-24.490964212999899],[-50.360800093999899,-24.490306777999901],[-50.361472851,-24.489603393],[-50.362094768999896,-24.488899391999901],[-50.362776317999895,-24.488196113999898],[-50.363399956999899,-24.487438384],[-50.364071733999893,-24.486734078],[-50.364949464999896,-24.486265494999898],[-50.366082407999897,-24.486076045999901],[-50.367018763,-24.485750290999899],[-50.367740993,-24.485002863],[-50.368214682,-24.484198675999899],[-50.368480405999897,-24.483302695],[-50.369152147,-24.482599300999901],[-50.369981734999897,-24.482075466],[-50.371017416,-24.481707175999901],[-50.371943743,-24.481327538999899],[-50.372926962999898,-24.481145368999897],[-50.373697303,-24.4817167809999],[-50.373691004,-24.482661445999899],[-50.373484933,-24.48355815],[-50.373428776,-24.48450222],[-50.374146302,-24.485216034],[-50.375123363999897,-24.4854073079999],[-50.376162655999899,-24.485412564999901],[-50.377086897,-24.48574623],[-50.378009428,-24.486132712],[-50.379049815,-24.486129773999899],[-50.3799754,-24.4858038479999],[-50.380706130999897,-24.4851457729999],[-50.381585435,-24.484631611999902],[-50.383195443,-24.483460282999896],[-50.384072520999894,-24.483035372],[-50.385525144,-24.48171911],[-50.38630448,-24.481149988],[-50.387025405999893,-24.480491791999899],[-50.387698067999899,-24.479788374999899],[-50.388428760999901,-24.479130298],[-50.3892587919999,-24.478570894],[-50.390183473,-24.478236737],[-50.391223715999899,-24.478241954999902],[-50.392149257,-24.477916002],[-50.392929173999896,-24.477303149],[-50.393601824,-24.476598817],[-50.394430844999903,-24.476040301999898],[-50.395418331999899,-24.475617609],[-50.396295363,-24.475192675999899],[-50.3973274209999,-24.475011016999897],[-50.398251664,-24.4753436929999],[-50.398926618,-24.475674285],[-50.399442440999898,-24.476483071999898],[-50.399586421,-24.477384879999896],[-50.40005252,-24.478183965],[-50.400821552,-24.478853673999897],[-50.401591082,-24.479416799],[-50.4025619,-24.481122938999899],[-50.40339254,-24.481651267],[-50.404421426999896,-24.481700943],[-50.405294489999896,-24.482131383],[-50.406226336,-24.482553413999899],[-50.406944559999893,-24.483222510999898],[-50.407400904,-24.484022395999901],[-50.407505197,-24.484968393],[-50.406782604999897,-24.485679468999898],[-50.405797419999899,-24.486004764],[-50.404919751999898,-24.486474377],[-50.40408704,-24.487228774],[-50.403512146999901,-24.488076453999899],[-50.403307138999899,-24.48897412],[-50.4037633679999,-24.489782227],[-50.404017967999899,-24.490676294],[-50.404061638,-24.491621591],[-50.404628109,-24.492377271999899],[-50.40504365,-24.493229544],[-50.4053985789999,-24.494081090999899],[-50.405443232,-24.495026411],[-50.405909253999901,-24.4958346519999],[-50.406213727999898,-24.496729334999898],[-50.406195071999896,-24.499571709999898],[-50.40613903,-24.500515844999899],[-50.406755388,-24.501272145],[-50.407473051999894,-24.501985927999897],[-50.408252063,-24.5026475979999],[-50.408970349999898,-24.503316742],[-50.409999323,-24.503366404],[-50.410934707,-24.5030404779999],[-50.4117955359999,-24.502660814],[-50.411994974,-24.501669182999901],[-50.412197894,-24.500850708],[-50.412734196,-24.499609824999901],[-50.413469407,-24.498338524999902],[-50.414435512999894,-24.497341489999897],[-50.415501879,-24.495950244],[-50.416136359999896,-24.494891857],[-50.416706431999899,-24.493468274999898],[-50.417608639,-24.491924758],[-50.418908614,-24.490323128999901],[-50.41987549,-24.4890528],[-50.42127227,-24.487875974],[-50.422039154999901,-24.486998662],[-50.423770090999895,-24.485125223],[-50.425035668999904,-24.483887615999901],[-50.426066894,-24.482769297999898],[-50.426898716,-24.482074060999896],[-50.427630241,-24.481562568],[-50.428661624,-24.480716651999899],[-50.429559883,-24.479809933999899],[-50.430424370999894,-24.479298196999899],[-50.431421535999903,-24.478665050999901],[-50.432649854,-24.478001850999899],[-50.433580675,-24.477428949999901],[-50.435008405999895,-24.476768112999899],[-50.435903931,-24.476559192],[-50.437329517,-24.47641213],[-50.438390118,-24.476143211],[-50.439053696,-24.4762367179999],[-50.43978033,-24.476724526999899],[-50.441365095,-24.4780952589999],[-50.442191199,-24.478674435],[-50.44314876,-24.479436461],[-50.443857205999898,-24.479753688999899],[-50.444934972999896,-24.480018807],[-50.446028487,-24.480204847],[-50.447122226,-24.480087516],[-50.447885872,-24.479726677],[-50.448652073999895,-24.478819255999898],[-50.449154101,-24.4776381399999],[-50.449427576999902,-24.475577936],[-50.449533032,-24.474152551],[-50.449671344,-24.472970797999899],[-50.449815238,-24.4703023829999],[-50.447927056,-24.469458339],[-50.446254268,-24.4665853559999],[-50.445428309999897,-24.464492188999898],[-50.445200325,-24.463502004],[-50.4464701899999,-24.461217774],[-50.447724703999903,-24.459699487999899],[-50.451429644999898,-24.458652898],[-50.453911311999896,-24.457261146999898],[-50.455177627999902,-24.455086209999898],[-50.455086649999892,-24.453221374999899],[-50.453412387,-24.450458817],[-50.453795747999898,-24.449587044999898],[-50.454428401999898,-24.448499601],[-50.454078723999892,-24.44739874],[-50.453107809999892,-24.446618468999898],[-50.450892891,-24.446807265999901],[-50.449414948999895,-24.447006585999898],[-50.44855233,-24.447104781999901],[-50.446335451,-24.448225380999897],[-50.444305991,-24.447430724999901],[-50.444335784,-24.445676677999899],[-50.444868120999899,-24.443273664999897],[-50.444640682999896,-24.44217335],[-50.44368815,-24.440407707],[-50.443471635,-24.438650790999898],[-50.442547949,-24.4351311829999],[-50.438411328999898,-24.432663813],[-50.436478633,-24.430665245999897],[-50.436192542999898,-24.4282098629999],[-50.436109502,-24.427920141999902],[-50.432475621,-24.424802016999898],[-50.427817753999896,-24.424081733],[-50.425878219,-24.422521183999901],[-50.423707389,-24.420079856],[-50.419056638999898,-24.418920521999901],[-50.412929088999896,-24.417961163],[-50.409972507999896,-24.418358455],[-50.408244403,-24.418774061],[-50.405749352,-24.420931966],[-50.402268023,-24.423295736999901],[-50.39955666,-24.423697696],[-50.398105879999903,-24.422362337],[-50.39763636,-24.421040574],[-50.398906978999896,-24.418646726999899],[-50.401402064,-24.416488898999898],[-50.403416545999903,-24.413666812],[-50.403438612999892,-24.412350992],[-50.401011724999897,-24.410565016999897],[-50.398800093,-24.410534852999898],[-50.397091084999893,-24.409854037999899],[-50.395386098999893,-24.408953766],[-50.392240526,-24.406061642999898],[-50.3917790839999,-24.4043019799999],[-50.391563937999898,-24.402544376],[-50.3908572079999,-24.400781787],[-50.385916403999893,-24.402247847999899],[-50.380000421,-24.403264009999901],[-50.374034030999894,-24.407127397999901],[-50.370795826999903,-24.409713108999899],[-50.368984075,-24.410589229],[-50.3652691899999,-24.412092603],[-50.3646448759999,-24.412631516],[-50.364021523999902,-24.41317135],[-50.364243605999896,-24.414489219],[-50.365143900999897,-24.419324629],[-50.364111186999899,-24.422160238999897],[-50.360859607999899,-24.425403457999899],[-50.358289188999898,-24.425576317],[-50.355903451,-24.425194877],[-50.350671775999899,-24.42574432],[-50.346111393999898,-24.427776489999896],[-50.344173245,-24.429146484999901],[-50.343380689999897,-24.429756208],[-50.341370555,-24.4301935179999],[-50.3401739769999,-24.429013052],[-50.339941877999898,-24.427302394],[-50.339968555,-24.425750655999899],[-50.340071432999892,-24.424898460999898],[-50.340268808,-24.423581988],[-50.340891628999898,-24.422737049],[-50.340991339,-24.422040575],[-50.3410041859999,-24.421264714999896],[-50.339720788999898,-24.420004897999899],[-50.338853032,-24.419915076999899],[-50.336661477999897,-24.420815552],[-50.335422341999902,-24.422040964],[-50.335041399,-24.4238971259999],[-50.333897727,-24.424658276999896],[-50.332435042,-24.423705902999899],[-50.332111755,-24.422227330999899],[-50.331773418999902,-24.421679438],[-50.331272789,-24.420508385999899],[-50.331287732,-24.4196551379999],[-50.333254784999895,-24.416577872999902],[-50.334599937999897,-24.414346452999897],[-50.334809108999899,-24.412331609],[-50.334404061,-24.410619858],[-50.333542897,-24.410063786999899],[-50.331279255,-24.410187322999899],[-50.329330457999902,-24.412178151],[-50.327448433,-24.415255466999898],[-50.325901382,-24.419114737],[-50.325441892999898,-24.420505389],[-50.323120464999896,-24.423887081],[-50.321519435999896,-24.425883137],[-50.320123434,-24.42609556],[-50.318927086999892,-24.424837607],[-50.318878606999895,-24.422663779999901],[-50.319873918,-24.420504590999897],[-50.318691487999899,-24.4184708239999],[-50.317755156,-24.417216093],[-50.317510183,-24.416358756],[-50.318320904999901,-24.414741104],[-50.319466636999898,-24.413903559999898],[-50.320261154,-24.413293962],[-50.320811907999897,-24.4116713139999],[-50.320842173,-24.408626953999899],[-50.321896791,-24.404476766999899],[-50.321226323999895,-24.402463071999897],[-50.320554902999895,-24.400448468],[-50.320749032,-24.399921705999898],[-50.318384097,-24.3946277709999],[-50.30918568,-24.386608968],[-50.303856595999896,-24.3821502539999],[-50.298482533999902,-24.380320975999897],[-50.288094613999903,-24.384121399],[-50.280715433999902,-24.384455364999898],[-50.275379631999904,-24.380435039],[-50.275555013,-24.375069756],[-50.273901172999892,-24.371320128],[-50.270984067999898,-24.369525466],[-50.267668788,-24.362574456999898],[-50.266747757999894,-24.359054444],[-50.2670641449999,-24.355114602999901],[-50.267488912,-24.345038996],[-50.2680432659999,-24.341540295999899],[-50.269613590999903,-24.336083899],[-50.269960872999896,-24.330390258],[-50.273048586999899,-24.322545637],[-50.276818189,-24.317776978],[-50.279083546,-24.314741406999897],[-50.279411040999896,-24.310144133999898],[-50.275827041999896,-24.3043959449999],[-50.271483063999895,-24.302471151999899],[-50.268750032999897,-24.304186080999898],[-50.264005964,-24.308500707999897],[-50.2600685909999,-24.308883226],[-50.253385626999894,-24.311637704],[-50.248743655999895,-24.310256885999898],[-50.243387028,-24.307550594],[-50.2364336589999,-24.298029019999898],[-50.235798893,-24.292323025],[-50.234103511999898,-24.290984469999898],[-50.231643585,-24.291168449999898],[-50.2289301879999,-24.291786198999898],[-50.227654474999902,-24.294397493999899],[-50.225916421999898,-24.295468099999901],[-50.221994811999892,-24.294974515],[-50.219312627999898,-24.29384011],[-50.213933643999894,-24.292447739999901],[-50.210448125999896,-24.295027454],[-50.203551201,-24.29602367],[-50.199135080999895,-24.295741110999899],[-50.188772223999898,-24.298221628],[-50.184118282,-24.297497021],[-50.181960101,-24.294617361999897],[-50.180259827,-24.293496913999899],[-50.178553147999899,-24.292814267],[-50.176346736,-24.292563134],[-50.172397857999897,-24.293602529999902],[-50.165296076999901,-24.299084352999902],[-50.154844092,-24.306382307],[-50.151832336,-24.309845209999899],[-50.150205910999901,-24.318148557],[-50.146179374,-24.323349392999901],[-50.139800467,-24.322817669],[-50.134518825,-24.316166140999901],[-50.125266004,-24.311647595999901],[-50.122448358,-24.304593659],[-50.11917994,-24.295341854],[-50.121741012,-24.289682402],[-50.126854829999893,-24.283569873],[-50.126574718,-24.281380544999898],[-50.123514433,-24.276144019],[-50.122081963,-24.274778259999898],[-50.121497881,-24.272863625999896],[-50.120892008999895,-24.272151225999899],[-50.119941001999898,-24.271194049],[-50.11902537,-24.271011078999898],[-50.117934694,-24.271101662],[-50.116855547999904,-24.271139594],[-50.115310351999902,-24.270983058999896],[-50.114032444999893,-24.2703948559999],[-50.113289866999892,-24.268958819],[-50.112821297,-24.267296034],[-50.112417028,-24.266497034999897],[-50.112598524999896,-24.264022526],[-50.111885571999899,-24.262697955999901],[-50.107514895999891,-24.260004293999899],[-50.104130159,-24.257105841999898],[-50.102439939,-24.255547411999899],[-50.102243864999892,-24.252915191999897],[-50.101797421,-24.250498202],[-50.10060277,-24.248728691999901],[-50.098404349999896,-24.248038402999896],[-50.097443106999897,-24.246928193],[-50.09696035,-24.246483195999897],[-50.096038748999902,-24.243183555],[-50.096087893999901,-24.2405546439999],[-50.095384591,-24.238791568999901],[-50.091242579,-24.2369773839999],[-50.090031999,-24.236083301999898],[-50.088329211,-24.235181895],[-50.087081247,-24.236258749999898],[-50.084875402,-24.236007],[-50.082948855,-24.234005891],[-50.082224305999894,-24.2333383869999],[-50.080038862,-24.231991945999898],[-50.0778254969999,-24.232177835999899],[-50.076357043999892,-24.231936569],[-50.074171655,-24.2305891829999],[-50.073962068999897,-24.228615052999899],[-50.073271774,-24.226195053],[-50.072080762,-24.224204477999901],[-50.0723548409999,-24.222675404],[-50.074339128999895,-24.221610113999898],[-50.0802393539999,-24.221258537],[-50.083713320999898,-24.219339836],[-50.08523523,-24.216733104],[-50.086761377,-24.213907112999898],[-50.088038104999896,-24.2112972249999],[-50.088323890999895,-24.209111289],[-50.085426943999899,-24.2064397729999],[-50.084478706999896,-24.204672796999898],[-50.084752693,-24.203143827],[-50.085795138,-24.199873037],[-50.085377822999902,-24.195923478999902],[-50.084973315999896,-24.191317114999897],[-50.08528044,-24.188035976],[-50.083872330999903,-24.184509561],[-50.080669508999897,-24.185119324],[-50.079880688999893,-24.187955508999899],[-50.080546305,-24.191688881999898],[-50.079749904,-24.194962764],[-50.078988,-24.196266903],[-50.076738425,-24.198424337999899],[-50.074458886999899,-24.202114824],[-50.073174496,-24.205162204],[-50.070920527999903,-24.207538031999899],[-50.067990517999895,-24.206617811999898],[-50.063825446999893,-24.2061182089999],[-50.062319567,-24.207847623999896],[-50.061807918999897,-24.208935736999901],[-50.05952146,-24.213063926],[-50.055310085,-24.214972615],[-50.053463334999904,-24.215274161]],[[-50.288365176999896,-24.440628178999901],[-50.288297567,-24.439540656],[-50.287272097,-24.4384403819999],[-50.286175601,-24.436562255],[-50.286190691999899,-24.4357089549999],[-50.2858665629999,-24.434306761999899],[-50.2858913439999,-24.432910714999899],[-50.286370442,-24.430434558999899],[-50.288415272999899,-24.427979605999901],[-50.293479755,-24.426964648999899],[-50.303583782,-24.441229479],[-50.3058766629999,-24.439476917],[-50.309363555999894,-24.439214654999901],[-50.309038175999902,-24.437891700999902],[-50.309580495,-24.436735181],[-50.31106247,-24.436600365999897],[-50.312097784999892,-24.437080362999897],[-50.313401504999902,-24.437176532],[-50.314991917,-24.435802421999899],[-50.316309542999896,-24.4351217779999],[-50.316567333,-24.435280699],[-50.316716684,-24.436679806],[-50.316586791,-24.4391612639999],[-50.312946331,-24.443300292999897],[-50.310746913999893,-24.444666949999899],[-50.308691542999895,-24.4476649859999],[-50.307618577999897,-24.449357027],[-50.306225717999901,-24.449338069999897],[-50.305979775,-24.448480604999901],[-50.306011902,-24.446696522],[-50.306118204,-24.445611119],[-50.305159217,-24.445675833999896],[-50.301473442,-24.447408546],[-50.300719528999899,-24.450657609],[-50.296614709,-24.451531593],[-50.294114593,-24.4501762589999],[-50.290002408,-24.451360684999898],[-50.286474220999899,-24.454027997],[-50.285261722,-24.453699635],[-50.284850428999896,-24.452375516],[-50.286023321,-24.45006261],[-50.287352987,-24.448684439],[-50.290149717999903,-24.4479483749999],[-50.291035695999902,-24.447106708],[-50.288147043,-24.443108575999897],[-50.288345808,-24.4417137199999],[-50.288365176999896,-24.440628178999901]]]]}},
{"type":"Feature","properties":{"fid":101,"id1":986758,"cd_fcim":"SG22","leg_carga":"Rp.S","cd_fito":"S","cd_leg_2":"R","clas_domi":"Rp","leg_uveg":null,"nm_uveg":null,"leg_uantr":"Rp","nm_uantr":"Florestamento/Reflorestamento com Pinus","leg_contat":null,"nm_contat":null,"veg_pretet":"S","nm_pretet":"Savana","leg_sec1":null,"nm_sec1":null,"leg_sec2":null,"nm_sec2":null,"leg_sup":"Área Antrópica Dominante","legenda_1":"Savana","legenda_2":"Florestamento/Reflorestamento","legenda":"3Rp - Florestamento/Reflorestamento com Pinus","ar_poli_km":4.4909,"leg1_id":8.0,"leg2_id":50.0},"geometry":{"type":"MultiPolygon","coordinates":[[[[-50.288365176999896,-24.440628178999901],[-50.288345808,-24.4417137199999],[-50.288147043,-24.443108575999897],[-50.291035695999902,-24.447106708],[-50.290149717999903,-24.4479483749999],[-50.287352987,-24.448684439],[-50.286023321,-24.45006261],[-50.284850428999896,-24.452375516],[-50.285261722,-24.453699635],[-50.286474220999899,-24.454027997],[-50.290002408,-24.451360684999898],[-50.294114593,-24.4501762589999],[-50.296614709,-24.451531593],[-50.300719528999899,-24.450657609],[-50.301473442,-24.447408546],[-50.305159217,-24.445675833999896],[-50.306118204,-24.445611119],[-50.306011902,-24.446696522],[-50.305979775,-24.448480604999901],[-50.306225717999901,-24.449338069999897],[-50.307618577999897,-24.449357027],[-50.308691542999895,-24.4476649859999],[-50.310746913999893,-24.444666949999899],[-50.312946331,-24.443300292999897],[-50.316586791,-24.4391612639999],[-50.316716684,-24.436679806],[-50.316567333,-24.435280699],[-50.316309542999896,-24.4351217779999],[-50.314991917,-24.435802421999899],[-50.313401504999902,-24.437176532],[-50.312097784999892,-24.437080362999897],[-50.31106247,-24.436600365999897],[-50.309580495,-24.436735181],[-50.309038175999902,-24.437891700999902],[-50.309363555999894,-24.439214654999901],[-50.3058766629999,-24.439476917],[-50.303583782,-24.441229479],[-50.293479755,-24.426964648999899],[-50.288415272999899,-24.427979605999901],[-50.286370442,-24.430434558999899],[-50.2858913439999,-24.432910714999899],[-50.2858665629999,-24.434306761999899],[-50.286190691999899,-24.4357089549999],[-50.286175601,-24.436562255],[-50.287272097,-24.4384403819999],[-50.288297567,-24.439540656],[-50.288365176999896,-24.440628178999901]]]]}},
{"type":"Feature","properties":{"fid":146,"id1":975333,"cd_fcim":"SG22","leg_carga":"Acc+Ap+Saf","cd_fito":"S","cd_leg_2":"Ac","clas_domi":"Acc","leg_uveg":null,"nm_uveg":null,"leg_uantr":"Acc","nm_uantr":"Agricultura com Culturas Cíclicas","leg_contat":null,"nm_contat":null,"veg_pretet":"S","nm_pretet":"Savana","leg_sec1":"Ap","nm_sec1":"Pecuária (pastagens)","leg_sec2":"Saf","nm_sec2":"Savana Arborizada com floresta-de-galeria","leg_sup":"Área Antrópica Dominante","legenda_1":"Savana","legenda_2":"Agricultura","legenda":"3Acc - Agricultura com Culturas Cíclicas","ar_poli_km":815.7944,"leg1_id":8.0,"leg2_id":44.0},"geometry":{"type":"MultiPolygon","coordinates":[[[[-49.461264,-24.0330461],[-49.4614913999999,-24.033636199999901],[-49.461651817830187,-24.034334874677246],[-49.46146963411789,-24.032716269816113],[-49.461264,-24.0330461]]],[[[-49.460988,-24.040113599999898],[-49.45957,-24.042690299999901],[-49.458380599999899,-24.043780899999899],[-49.457653999999899,-24.045137899999901],[-49.457629922637267,-24.045834254234205],[-49.459112022999896,-24.043455810999898],[-49.460541849,-24.041620166],[-49.461444559,-24.040007578],[-49.461512065839038,-24.039684799256232],[-49.460988,-24.040113599999898]]],[[[-49.456066138587254,-24.050767878799455],[-49.457141938999897,-24.050243984],[-49.457242618929179,-24.049744075611919],[-49.456066138587254,-24.050767878799455]]],[[[-49.4519255,-24.055247199999901],[-49.4498477,-24.056421699999898],[-49.4446947,-24.0577901999999],[-49.4446928,-24.0577905],[-49.440099099999898,-24.0578341],[-49.4378235,-24.0587863],[-49.440202999999897,-24.0629564],[-49.4400175,-24.066833899999899],[-49.4389829,-24.0687478],[-49.437670599999898,-24.06893],[-49.4348729,-24.0676179],[-49.431097,-24.0681172],[-49.4297862,-24.0687088],[-49.4320132,-24.0719635],[-49.431951399999903,-24.0725671],[-49.432816699999897,-24.0736082],[-49.4353899,-24.075094799999899],[-49.434015499999902,-24.075952099999899],[-49.432128299999903,-24.0762311],[-49.4299604999999,-24.076823299999901],[-49.4290126,-24.0780374],[-49.430959899999898,-24.0799883],[-49.4315369,-24.081083],[-49.4318438,-24.0856013],[-49.4314032999999,-24.0868675],[-49.4300107,-24.088536],[-49.427011999999898,-24.087278],[-49.4257582,-24.0885019],[-49.4248797,-24.090266799999899],[-49.4219878,-24.092171399999899],[-49.420987099999898,-24.0909533],[-49.419261999999897,-24.0908206],[-49.4178191,-24.091273],[-49.4157082,-24.0927684],[-49.416262,-24.094304099999899],[-49.4146847,-24.0949802],[-49.412210699999903,-24.092862],[-49.4110104,-24.093131399999901],[-49.4102981999999,-24.0946686999999],[-49.4088798,-24.0944028],[-49.4048821,-24.0958494],[-49.4046842,-24.0972573],[-49.4078182,-24.097927599999899],[-49.4074284,-24.0991963],[-49.404704599999903,-24.1021516],[-49.4050025,-24.1035759],[-49.408708299999901,-24.1068923999999],[-49.4091526,-24.1082562],[-49.409069,-24.108309599999899],[-49.4078734,-24.1090756],[-49.4039289,-24.1092987],[-49.402321599999901,-24.1099369],[-49.4002900999999,-24.111702099999899],[-49.393948599999902,-24.1141034],[-49.39303276748192,-24.114649549670837],[-49.3932179009999,-24.115179415999897],[-49.390912929999899,-24.119520153999897],[-49.391572363,-24.123035769999898],[-49.390961096999895,-24.128502619999896],[-49.391139215999893,-24.131572423],[-49.392557999999894,-24.134006208999899],[-49.395171940999894,-24.137994195],[-49.398073585999896,-24.140016742999901],[-49.402490000999897,-24.140094416999897],[-49.403938933999896,-24.141214821999899],[-49.405849898,-24.143657985999898],[-49.407539071,-24.145001346999901],[-49.409204088999893,-24.147439851999899],[-49.410123368999898,-24.150303725999898],[-49.4115192289999,-24.1538336939999],[-49.416322700999899,-24.158736973],[-49.419177486,-24.162948092999901],[-49.420687873999903,-24.16680752],[-49.422840401999899,-24.169473797],[-49.425011281,-24.171264053],[-49.423933635999902,-24.175626490999896],[-49.420632912999899,-24.180608488],[-49.421552435999899,-24.18347269],[-49.430389701,-24.183626439999902],[-49.4343350239999,-24.182817395],[-49.4380554419999,-24.181129446999897],[-49.439089587999895,-24.178738182999901],[-49.436697565999893,-24.175847162],[-49.43530987,-24.171880353999899],[-49.441796012999895,-24.16717333],[-49.443278897999896,-24.166760877999899],[-49.445732413,-24.166802656],[-49.448202265,-24.16618858],[-49.450462521999896,-24.163817821999899],[-49.451983759,-24.161653350999899],[-49.454258340999893,-24.158624941],[-49.456283017,-24.155812059],[-49.456822036999895,-24.1536300349999],[-49.457643435,-24.149701641],[-49.460933472,-24.145158245999898],[-49.4629781,-24.141469555999898],[-49.466460328,-24.139339379],[-49.4686695239999,-24.13937728],[-49.472619817999892,-24.1383486779999],[-49.474846151999898,-24.137511505],[-49.476055137999893,-24.138407741],[-49.477490035999899,-24.140185404],[-49.4794856789999,-24.138685972],[-49.479538208999898,-24.136276542],[-49.476418614999893,-24.132937716],[-49.475007640999898,-24.130065924999897],[-49.474597853,-24.126334911],[-49.475115578,-24.125029842999897],[-49.476352167999899,-24.124613586999899],[-49.477820434,-24.1248577009999],[-49.479004517,-24.126848933999899],[-49.480661509999898,-24.1297252849999],[-49.482071566999899,-24.1325970309999],[-49.48351604,-24.133935311999899],[-49.487886665,-24.136201051999901],[-49.4910531089999,-24.137350462],[-49.492515716999897,-24.137813706],[-49.494697317,-24.139164843999897],[-49.494683020999894,-24.139822463],[-49.491441277,-24.142176769999899],[-49.487410947999898,-24.146926777],[-49.481406653,-24.152082051],[-49.479452935,-24.151609513],[-49.476686657999899,-24.154629710999899],[-49.477583796,-24.15858867],[-49.477782061999896,-24.160782785],[-49.475945308999897,-24.1662275569999],[-49.474647366999896,-24.169491153],[-49.471844544999897,-24.1742635969999],[-49.473500799999897,-24.177139582999899],[-49.475417461999903,-24.1793633999999],[-49.475638644999897,-24.180462382],[-49.473868620999895,-24.182841779999901],[-49.471433103,-24.181924157],[-49.467307892999898,-24.179662404999899],[-49.463365575999894,-24.180251696],[-49.461114884,-24.1821842159999],[-49.456445904999896,-24.182322896],[-49.454967735999894,-24.182517107],[-49.450789856999897,-24.182664953],[-49.447840277999902,-24.182833188999897],[-49.447065685,-24.184571416],[-49.448491045,-24.18678711],[-49.450633453999899,-24.189890964],[-49.452738508,-24.194747042],[-49.451170058999899,-24.199102532],[-49.4523264709999,-24.202408175999899],[-49.457391087999902,-24.206658545],[-49.4623295439999,-24.205429054],[-49.466517348,-24.2048434229999],[-49.469685491999897,-24.2059942839999],[-49.471899063,-24.205812894999898],[-49.475628155,-24.203685799],[-49.477876114,-24.201971388999901],[-49.481586983999897,-24.200720381999901],[-49.484253486999897,-24.202299452],[-49.4860752989999,-24.206068237999897],[-49.4864187149999,-24.206148028],[-49.487118946999892,-24.207338955999901],[-49.487441589999897,-24.2079981699999],[-49.487407055999896,-24.210895442],[-49.487947391,-24.21173177],[-49.487850270999893,-24.2129407699999],[-49.487292997999894,-24.213590413999899],[-49.486704218999897,-24.214592712999899],[-49.486097610999899,-24.2147628889999],[-49.485162648999896,-24.214828922],[-49.484802788999893,-24.215077435999898],[-49.484634125999897,-24.215453513999901],[-49.484088441,-24.215489902999899],[-49.481379570999898,-24.218318805],[-49.482322669,-24.220545561999899],[-49.484276188,-24.221905593],[-49.486763277,-24.2215052079999],[-49.491727782999895,-24.221149296],[-49.495233831999897,-24.219439877999896],[-49.499685018,-24.219958065],[-49.501152126999898,-24.220867448],[-49.5045633,-24.223578926],[-49.506031439,-24.224487402],[-49.506498795,-24.225822326999896],[-49.507933426,-24.2282794119999],[-49.509367106999896,-24.230736498999899],[-49.514265830999896,-24.233472944],[-49.520099550999895,-24.238879272],[-49.524034945,-24.240272343999898],[-49.530439476999902,-24.242149968],[-49.533946531999902,-24.240439975],[-49.541463172999897,-24.236587734999901],[-49.547420142999897,-24.236245616],[-49.55135662,-24.2376383279999],[-49.556208446999896,-24.242585289],[-49.558517303999892,-24.2505849359999],[-49.559487836999899,-24.258873600999898],[-49.560535080999891,-24.261400561999899],[-49.568109772999897,-24.26328117],[-49.574995101999903,-24.262958535999896],[-49.583760577,-24.2549970429999],[-49.581508699,-24.245317104],[-49.581559316,-24.2429075699999],[-49.584824941,-24.239455829999901],[-49.587844354,-24.236001395],[-49.588182193,-24.231624703999898],[-49.585801095999898,-24.228078244],[-49.584892677,-24.224558024],[-49.576559221,-24.223760018999897],[-49.572385450999896,-24.223690302999898],[-49.571681033999901,-24.222145397],[-49.5734645329999,-24.21910724],[-49.577429685,-24.217420945],[-49.584558907,-24.217101757],[-49.591946275999902,-24.216129989],[-49.595384599999896,-24.216187734],[-49.598617958,-24.214269283999897],[-49.600622810999894,-24.212330993999899],[-49.601937119999903,-24.20818924],[-49.602506737999896,-24.204474391999899],[-49.604525494,-24.201879276999897],[-49.6072954629999,-24.198638097999901],[-49.608354182999896,-24.194931441999902],[-49.610646860999893,-24.191026289],[-49.612874207999901,-24.190186119],[-49.614588031,-24.190435027],[-49.61603817,-24.191553712],[-49.616205967,-24.195281898],[-49.612191095,-24.199376766999897],[-49.609375498999903,-24.2048079039999],[-49.609334472999898,-24.206779473],[-49.610271133,-24.208986506],[-49.6119301109999,-24.211862125],[-49.614570527999902,-24.214753922999897],[-49.615761690999896,-24.216526952],[-49.616683500999898,-24.219390039999901],[-49.615620119,-24.223317261],[-49.610854473999893,-24.228057825999901],[-49.610071478999899,-24.230236252999898],[-49.610762135999899,-24.232438976],[-49.612926485999893,-24.2346659839999],[-49.613866965999897,-24.236653939999901],[-49.615062907,-24.238206918999897],[-49.615775948,-24.239315040999898],[-49.618950824999899,-24.2402442919999],[-49.622624329999894,-24.240742968999896],[-49.625101812,-24.239689558999899],[-49.6265708809999,-24.239932144],[-49.629953728,-24.2426182939999],[-49.630022439999898,-24.245570239999896],[-49.628470628999899,-24.249268693],[-49.625726482999902,-24.251304993999899],[-49.623482873999897,-24.25291075],[-49.618510789999902,-24.255786563],[-49.617967405999899,-24.258297349],[-49.619483229999894,-24.262158126],[-49.620203844999899,-24.262936924],[-49.621395267,-24.264710259],[-49.622206370999898,-24.267024238],[-49.622903782,-24.268953337],[-49.627578793999902,-24.270112014999899],[-49.6308943659999,-24.271939957],[-49.632744794999894,-24.272523996999901],[-49.636120366999897,-24.271472502999899],[-49.636493474999895,-24.271478837],[-49.640603928,-24.270882209],[-49.641682013,-24.272783137],[-49.642765763999897,-24.274462946],[-49.644499675,-24.2747138669999],[-49.645747652999901,-24.27440152],[-49.648752917,-24.273232533999899],[-49.651238607,-24.2731629519999],[-49.656013013999896,-24.271417800999899],[-49.657774548999896,-24.2693650329999],[-49.661856529,-24.268008515],[-49.662709612,-24.268350370999897],[-49.663922508,-24.269027864999899],[-49.667878741,-24.2678870139999],[-49.669521695,-24.265614024999898],[-49.670574343999895,-24.2622347289999],[-49.670835726999897,-24.255556177],[-49.670439431,-24.250948218],[-49.668258437999896,-24.243572085],[-49.6664023659999,-24.238282459999898],[-49.666085837,-24.235757554],[-49.666726836999899,-24.234454311],[-49.66798211,-24.233160848999898],[-49.669354858,-24.232086614],[-49.670886562999897,-24.229263497],[-49.671791109,-24.227087588999897],[-49.671722438999893,-24.224458062999897],[-49.672271666,-24.221619037],[-49.671777926999901,-24.218704936999899],[-49.670081318999898,-24.217581944],[-49.667340623,-24.219509203],[-49.665085503999897,-24.221662806],[-49.663834880999893,-24.222737831],[-49.661357701,-24.223792401],[-49.660621369999902,-24.223780849],[-49.660180048,-24.221363491],[-49.663198267,-24.217907628],[-49.665457992999897,-24.215534795999897],[-49.664525467,-24.213108609],[-49.663084235,-24.211552434999899],[-49.657191988999898,-24.211455429],[-49.654442010999894,-24.213820154999897],[-49.652928754,-24.215765928999897],[-49.650918651,-24.217923853999899],[-49.648714362,-24.217668932],[-49.648000248,-24.216561876],[-49.646783012999897,-24.216102817],[-49.641572265,-24.218646571],[-49.639817416999904,-24.220370375],[-49.637126565,-24.219888044999898],[-49.63617571,-24.2183379159999],[-49.637966718,-24.2148626819999],[-49.645177309999895,-24.210598812999898],[-49.647436144,-24.208227081],[-49.647718311999895,-24.206479239],[-49.645550251,-24.204471089],[-49.641390686999898,-24.203745459999897],[-49.639204117,-24.20261433],[-49.636350004999898,-24.198184497999897],[-49.636881966,-24.196221949999899],[-49.637413916999897,-24.194259415],[-49.640827799,-24.195411075],[-49.643027081999897,-24.1958952969999],[-49.643818130999897,-24.196309931],[-49.644757286999898,-24.196219809999899],[-49.645006763999895,-24.1954935649999],[-49.646083457,-24.194361606],[-49.647957253,-24.194392415],[-49.648412549999904,-24.1950269499999],[-49.648373338999896,-24.196907465],[-49.649054075,-24.197962989999901],[-49.651831331,-24.199576728],[-49.653584511,-24.19981416],[-49.654752577999894,-24.199937545999898],[-49.655121932,-24.19910836],[-49.6547443279999,-24.194690933999897],[-49.654355697999897,-24.190818534],[-49.653514518999899,-24.186206162999898],[-49.65306193,-24.185467955],[-49.651563755,-24.184294178],[-49.651373834999902,-24.182096482],[-49.652251791,-24.1792900129999],[-49.653010830999897,-24.176585588],[-49.652575150999901,-24.1750104659999],[-49.651003525999897,-24.17174546],[-49.650336240999899,-24.170063271999901],[-49.647556585999894,-24.168554308],[-49.645960986,-24.166438274],[-49.645989533,-24.165080132999901],[-49.646248692,-24.163830896],[-49.646784113,-24.160600191999897],[-49.6459952659999,-24.159124676],[-49.643670973,-24.158250187999897],[-49.641326288,-24.158420889999899],[-49.639812196,-24.1579776099999],[-49.638546822999899,-24.156911001],[-49.639271132,-24.155878755999897],[-49.6409183049999,-24.155487755999896],[-49.642088878,-24.155507478999901],[-49.645116086,-24.156393077],[-49.646301825,-24.155680522],[-49.646554753,-24.154745159999898],[-49.646498160999904,-24.151818988999899],[-49.646556978,-24.1489991629999],[-49.644751291,-24.145730139999902],[-49.643259604,-24.144242683],[-49.639030934999901,-24.1449037309999],[-49.638539975999898,-24.145940230999898],[-49.638512367,-24.147298286999899],[-49.637660216999898,-24.148851824],[-49.635178813,-24.149960404999899],[-49.6321151389999,-24.150849402999896],[-49.631148524999894,-24.152295728999899],[-49.630422425999896,-24.153433462999899],[-49.629571960999897,-24.154882400999902],[-49.628503354999893,-24.155595683999898],[-49.625672643,-24.154294223],[-49.621754332999899,-24.153791251],[-49.618740937,-24.157028446],[-49.617958234999897,-24.159205390999901],[-49.616422680999896,-24.162246722],[-49.615139503999899,-24.164854992],[-49.61485349,-24.166820859],[-49.614789200999894,-24.169887397],[-49.613506962,-24.172494840999899],[-49.613211577999898,-24.174900149999896],[-49.6143699369999,-24.178204863999898],[-49.614588000999895,-24.1795239049999],[-49.612801574999899,-24.182780192999896],[-49.611532266,-24.1847309139999],[-49.609545393999895,-24.185792976999899],[-49.608318052999898,-24.185772296],[-49.605141158,-24.185062403],[-49.604182263,-24.183949974],[-49.601055823999893,-24.180831076999898],[-49.597132482999896,-24.180546975],[-49.594664797999897,-24.181162339],[-49.59191729,-24.1833078559999],[-49.5879912,-24.183241994],[-49.587277437999902,-24.18213494],[-49.587327988999895,-24.179725988],[-49.589314921,-24.178663184999902],[-49.590087572,-24.176924615999901],[-49.588892093,-24.175370082],[-49.58819806,-24.173387040999899],[-49.584974513,-24.174866603999899],[-49.580052258999892,-24.175441178],[-49.578356326999902,-24.174317854],[-49.576439799999903,-24.172094751],[-49.574720442999897,-24.1720657719999],[-49.574688556999895,-24.1735986149999],[-49.573925182,-24.174900469],[-49.571974818999898,-24.174211059999898],[-49.569038534,-24.173723666999898],[-49.568765281,-24.1750327409999],[-49.566769875,-24.176532972999897],[-49.565801763,-24.175858934],[-49.564847745999899,-24.174529],[-49.564397996,-24.172549516999901],[-49.563717288999896,-24.1699096369999],[-49.560059027999898,-24.168752676999897],[-49.560123960999896,-24.165686164999897],[-49.559425460999897,-24.163922359],[-49.560670559999892,-24.163066313999902],[-49.565342852999898,-24.162707691],[-49.567329728999901,-24.161646013999899],[-49.567611422999903,-24.159897634999897],[-49.566917593,-24.157914661999897],[-49.566464126,-24.156154542999897],[-49.566528979999902,-24.153088176],[-49.566802220999897,-24.151779213999898],[-49.568042533,-24.151142396],[-49.572177565999894,-24.152964078],[-49.576841274999893,-24.153041922999897],[-49.578822358999894,-24.152199412],[-49.580300248999905,-24.1520055239999],[-49.582017521999902,-24.152034439],[-49.584451122,-24.150995646],[-49.586111079,-24.150083767999899],[-49.587875435999898,-24.149695698],[-49.588589150999901,-24.149184815],[-49.5888395489999,-24.148353211],[-49.588862104,-24.1473089889999],[-49.589014373999902,-24.145639765999899],[-49.591041822,-24.143898011],[-49.594787698999895,-24.143960277],[-49.596655653999896,-24.144199681],[-49.597817154,-24.1446379879999],[-49.600832341999897,-24.1460460969999],[-49.604567478,-24.146631267],[-49.607405908,-24.145319813],[-49.609789979,-24.1432692459999],[-49.614113791,-24.138118009],[-49.614879361999897,-24.1351003],[-49.615625189999896,-24.133023106999897],[-49.616896198999896,-24.132696837],[-49.616196611999897,-24.132431868],[-49.615653723,-24.131675146999896],[-49.615524131,-24.130729759],[-49.615543903999892,-24.1297865559999],[-49.615832536999896,-24.127894699],[-49.616260274999895,-24.12702115],[-49.616746669999898,-24.126201229999896],[-49.618009538,-24.123569389],[-49.618565216,-24.122751396999899],[-49.619051445,-24.121940582],[-49.620083618,-24.1217618549999],[-49.621121442999893,-24.121769715],[-49.622146421,-24.121902937],[-49.623097845,-24.122229780999898],[-49.623926485,-24.121727823],[-49.624757013999897,-24.121171305],[-49.625321237,-24.120424396],[-49.625807592999898,-24.1196044829999],[-49.626500591,-24.118922228],[-49.627057227,-24.118103339999898],[-49.627749255,-24.117420163],[-49.628305866999895,-24.116602187999899],[-49.6288700859999,-24.115854376999899],[-49.629700724,-24.11528967],[-49.630461970999896,-24.114670277],[-49.631359668,-24.114240281],[-49.632188265999901,-24.113738316],[-49.632949503999896,-24.113118921],[-49.633158587999894,-24.112178533999899],[-49.633178631,-24.110282883],[-49.632645500999899,-24.109526397],[-49.631757772999897,-24.109013117],[-49.630791824,-24.109380248],[-49.629753363999903,-24.109879146],[-49.628725361999898,-24.109870547999897],[-49.627701602999892,-24.109667321],[-49.626671512,-24.109783322999899],[-49.625705400999898,-24.110159533999898],[-49.624742522999895,-24.110401144],[-49.624198830999902,-24.109635393],[-49.624069219,-24.1086900879999],[-49.624079196999894,-24.1077468199999],[-49.624018893,-24.106802533999897],[-49.623357395,-24.105028897999897],[-49.622956223,-24.104149699999901],[-49.622138798,-24.103638335],[-49.619943259,-24.103619047999899],[-49.619258954,-24.102914026999898],[-49.6192007,-24.101907013999902],[-49.619620868999895,-24.100899706999897],[-49.6201861179999,-24.100090110999897],[-49.620325932999904,-24.0991487689999],[-49.620345093,-24.097253196999898],[-49.621051255999895,-24.095494110999898],[-49.621000727,-24.094550007999899],[-49.620245963999899,-24.093914033],[-49.619427615999896,-24.093401755999899],[-49.618753924,-24.092706011999901],[-49.618482758,-24.091819649999898],[-49.617942179999901,-24.090930267],[-49.617409133,-24.0901738109999],[-49.616591779,-24.089661549],[-49.615492525,-24.089714634],[-49.614996585,-24.090525200999899],[-49.613968660999902,-24.090516554],[-49.613366325999898,-24.089759079],[-49.613435882,-24.088816751],[-49.613316079999898,-24.087871658],[-49.613198102999895,-24.087282279999897],[-49.613669054999896,-24.086041993],[-49.607412822999898,-24.085118171],[-49.604971068999902,-24.0859875619999],[-49.603323764,-24.088203072999899],[-49.602114139,-24.094739707],[-49.603296578999903,-24.104573849],[-49.601643196999895,-24.1089355239999],[-49.598984180999892,-24.111323795],[-49.592290336999902,-24.1127449049999],[-49.585631356999897,-24.111007668999896],[-49.5818400429999,-24.106511381],[-49.581937415999896,-24.100939759],[-49.581320966999897,-24.098254278999896],[-49.5792389369999,-24.096150386],[-49.576156566999899,-24.096267821],[-49.567183539,-24.100940615],[-49.562795964,-24.10178826],[-49.561843375,-24.101767810999899],[-49.561837753,-24.102040647],[-49.558523941,-24.103760168999898],[-49.557059791,-24.103735775999901],[-49.554574295999892,-24.102283433],[-49.553944524,-24.101597265999899],[-49.549830633999903,-24.101509022],[-49.540452781999896,-24.099330257],[-49.531273901,-24.094324968999899],[-49.523631447999897,-24.0961797319999],[-49.515438514,-24.103237942],[-49.508600197999904,-24.105547449],[-49.498907887,-24.107227253999898],[-49.492304003999898,-24.106467692],[-49.486696783999896,-24.101720100999902],[-49.481385835999895,-24.094762697],[-49.478107301,-24.0913838079999],[-49.474829809999896,-24.088005849999899],[-49.472429747,-24.084199028999898],[-49.466819507999901,-24.079673365999898],[-49.466974633999904,-24.0775462],[-49.466591485,-24.075214439],[-49.466534754999898,-24.07381728],[-49.465954516999894,-24.072489542],[-49.464842709,-24.071695011],[-49.463990506999899,-24.070905309999901],[-49.463923721999905,-24.06997466],[-49.464724228,-24.069134434],[-49.465784310999901,-24.0682999479999],[-49.466749795999903,-24.06785244],[-49.467287376999899,-24.0670855619999],[-49.46730746,-24.066155326999898],[-49.4672443279999,-24.065070115],[-49.465501613,-24.061318059],[-49.465363043,-24.059687790999899],[-49.464869333,-24.058438742],[-49.462213283,-24.0566876779999],[-49.460665909999896,-24.055963909],[-49.458213831999899,-24.056851868],[-49.453885735999897,-24.056156929999897],[-49.45264061534224,-24.054298690074681],[-49.4519255,-24.055247199999901]],[[-49.452106786999899,-24.109832557999898],[-49.452383786,-24.108506679],[-49.452181401999894,-24.106395704],[-49.452096188,-24.104620398999902],[-49.450904007999902,-24.1022715729999],[-49.451090983,-24.099390545999899],[-49.453099570999896,-24.098427548999897],[-49.45467816,-24.100118078],[-49.457339524999895,-24.103379741],[-49.458028155999898,-24.106052992999899],[-49.458220900999898,-24.108607777],[-49.456200645,-24.110124716],[-49.457786086999896,-24.111483339],[-49.463783027,-24.10992278],[-49.464435760999898,-24.108491575999896],[-49.4643349729999,-24.107381968],[-49.463976617999897,-24.106709703],[-49.464122817,-24.105714822],[-49.466250536999894,-24.104975493],[-49.467009801,-24.104322843],[-49.468682233,-24.101689823999902],[-49.470581303999893,-24.100059126],[-49.472314866,-24.1003108889999],[-49.474411647999894,-24.101012066999896],[-49.4757607929999,-24.101811134999899],[-49.477172169,-24.105495027],[-49.477382484,-24.107273123],[-49.471384709999903,-24.108833923999899],[-49.471101061999896,-24.110491784],[-49.472205205999899,-24.1111762089999],[-49.473064305,-24.111634041999899],[-49.474607923999898,-24.109220958],[-49.477583147999894,-24.1094950509999],[-49.478184688999896,-24.110391132],[-49.478791989999898,-24.1110680479999],[-49.479144616,-24.111960385],[-49.479359759,-24.113517518],[-49.478688814999899,-24.115833726999899],[-49.478280238999901,-24.117490667],[-49.476255204,-24.119229709999896],[-49.474537895,-24.118203053999899],[-49.472063257999899,-24.117717212999899],[-49.470911784999899,-24.119249225],[-49.47065128,-24.119799363],[-49.470882805,-24.120579824999901],[-49.471972510999898,-24.121929126999898],[-49.470446180999893,-24.1235665049999],[-49.468258104999897,-24.121310821999899],[-49.466500239999895,-24.122167703999896],[-49.465733196,-24.123152361999896],[-49.464713367999899,-24.1243542889999],[-49.462963203999898,-24.124879193],[-49.462225147,-24.124534136],[-49.461785354,-24.121864469999899],[-49.460825478999901,-24.120296013],[-49.459241885,-24.118827304],[-49.457053943999895,-24.11657158],[-49.455311588999898,-24.116762648999899],[-49.454678154,-24.1173071219999],[-49.45528253,-24.118093234999897],[-49.456626859,-24.119114357999901],[-49.4570946689999,-24.120453384],[-49.456951331,-24.121338274],[-49.455076233999897,-24.121860328],[-49.452066950999892,-24.1231394399999],[-49.451446121999901,-24.123128214],[-49.451092612,-24.122234884],[-49.451528494999899,-24.119359227999901],[-49.451313497999898,-24.117802948999898],[-49.451851051999896,-24.115926916],[-49.451884961999902,-24.114375337999899],[-49.451679664,-24.112375264],[-49.451959565,-24.110939334999898],[-49.452106786999899,-24.109832557999898]]],[[[-49.3779931,-24.1180929],[-49.3756243999999,-24.1177817999999],[-49.3708465,-24.1143834],[-49.3693167,-24.1152939],[-49.3689221,-24.1164223],[-49.368740699999897,-24.1169414],[-49.3683214,-24.1181404],[-49.3666484,-24.1188716999999],[-49.3646876,-24.118415099999901],[-49.3627129,-24.1195044],[-49.3621555,-24.1200951],[-49.3628972,-24.1213599],[-49.364928,-24.122088],[-49.3649331,-24.1238557],[-49.3629543,-24.126838],[-49.3614279,-24.1281116],[-49.3573728,-24.130417399999899],[-49.355537899999902,-24.1311014],[-49.3530679,-24.1313241],[-49.351932873586641,-24.132399548284848],[-49.355051566,-24.131595825],[-49.362244953999898,-24.128217794],[-49.365276767999895,-24.124327788999896],[-49.367071714999895,-24.1208554369999],[-49.372033298,-24.118532806],[-49.375689042,-24.119691818],[-49.378638929,-24.119524345999899],[-49.381380689999901,-24.1176013699999],[-49.381413436457137,-24.116124943970291],[-49.3779931,-24.1180929]]],[[[-49.349483,-24.1324581],[-49.3474385,-24.1333587],[-49.343527299999899,-24.1350818],[-49.3423193,-24.1367193],[-49.342010746962018,-24.137880408174382],[-49.344887383999897,-24.136016782999899],[-49.347891206,-24.133441133],[-49.350875909594293,-24.132671940191234],[-49.349483,-24.1324581]]],[[[-49.3384655,-24.1369352],[-49.3369623,-24.137046199999901],[-49.3365663,-24.137581899999901],[-49.3363722,-24.139306],[-49.3361781,-24.1410301999999],[-49.336184790771711,-24.141072246834021],[-49.338130884999899,-24.139403108999897],[-49.339626495999894,-24.138334481999902],[-49.339884628760402,-24.138310218799923],[-49.3384655,-24.1369352]]]]}},
{"type":"Feature","properties":{"fid":147,"id1":975329,"cd_fcim":"SG22","leg_carga":"Acc+Ap+Saf","cd_fito":"S","cd_leg_2":"Ac","clas_domi":"Acc","leg_uveg":null,"nm_uveg":null,"leg_uantr":"Acc","nm_uantr":"Agricultura com Culturas Cíclicas","leg_contat":null,"nm_contat":null,"veg_pretet":"S","nm_pretet":"Savana","leg_sec1":"Ap","nm_sec1":"Pecuária (pastagens)","leg_sec2":"Saf","nm_sec2":"Savana Arborizada com floresta-de-galeria","leg_sup":"Área Antrópica Dominante","legenda_1":"Savana","legenda_2":"Agricultura","legenda":"3Acc - Agricultura com Culturas Cíclicas","ar_poli_km":384.9675,"leg1_id":8.0,"leg2_id":44.0},"geometry":{"type":"MultiPolygon","coordinates":[[[[-49.7584709,-24.0675194],[-49.758416591935593,-24.067519665612856],[-49.758041055,-24.067920737999899],[-49.754486379999904,-24.067754061999896],[-49.754285908736612,-24.067539809558788],[-49.7539373,-24.067541499999901],[-49.755406999999899,-24.0712207],[-49.7557495,-24.0719],[-49.7558822,-24.0721631],[-49.7559032999999,-24.072205],[-49.7560032,-24.0724996],[-49.7564844999999,-24.073918],[-49.757112199999902,-24.0754891999999],[-49.7561314,-24.0760551],[-49.7560252,-24.0772453],[-49.7554729,-24.0780485],[-49.7554008,-24.0781532],[-49.755274799999903,-24.0782952],[-49.755504599999902,-24.0784583],[-49.7556423999999,-24.0786194],[-49.7558068,-24.078836899999899],[-49.755901,-24.0790537],[-49.755908599999898,-24.0790799],[-49.7523883,-24.076580799999899],[-49.74557,-24.0747488],[-49.7434766,-24.0748321999999],[-49.7425256,-24.0752699],[-49.7413604,-24.076706499999901],[-49.740954799999898,-24.0787382],[-49.738518499999898,-24.0786578],[-49.7375319,-24.078709699999902],[-49.735202899999898,-24.080857299999899],[-49.7312491,-24.082744299999899],[-49.7296349,-24.082496499999898],[-49.7295786,-24.0810513],[-49.728820299999903,-24.080363299999899],[-49.7285649,-24.080230899999901],[-49.728296999999898,-24.0798864],[-49.728229999999897,-24.0789392],[-49.7279435,-24.0785617],[-49.7276136,-24.0785111],[-49.726365,-24.080913],[-49.7248367,-24.0796205],[-49.7217944,-24.080249299999899],[-49.7212373,-24.0788676],[-49.7209430999999,-24.0759982],[-49.7217932,-24.0720279],[-49.7211316,-24.0702368],[-49.7176378,-24.0696887],[-49.718590499999898,-24.0691431],[-49.7186497,-24.068635599999901],[-49.715283499999899,-24.067564699999899],[-49.7128005,-24.0678015999999],[-49.7112928,-24.0685273],[-49.7098716,-24.0702295],[-49.7087605,-24.0701227],[-49.7074858,-24.0682864999999],[-49.706341199999898,-24.067474],[-49.703891499999898,-24.0679496999999],[-49.7034848,-24.067107399999902],[-49.7038424,-24.0657351],[-49.702908099999902,-24.0650213],[-49.701194554745612,-24.065966736010065],[-49.7015891409999,-24.06722423],[-49.701031362,-24.070500851],[-49.699544854999893,-24.071132668999898],[-49.696529777,-24.074587886],[-49.696466470999901,-24.077653365999897],[-49.696898696999895,-24.080507666999896],[-49.696608781999899,-24.0826930539999],[-49.696082083,-24.084436604999901],[-49.6958141429999,-24.0855270939999],[-49.698279711999902,-24.089820629],[-49.70010137,-24.090539904],[-49.701842309,-24.091299861],[-49.706356062999902,-24.093776046],[-49.708567279,-24.094438993],[-49.710674613,-24.094473655999899],[-49.712054429,-24.095645048999899],[-49.712035068,-24.096584497],[-49.711137486,-24.097197556],[-49.710989024,-24.0995743359999],[-49.714640996999897,-24.102518491999898],[-49.718293065999895,-24.105461729],[-49.723854779,-24.114014426],[-49.724779888999898,-24.120296876999898],[-49.723235749999894,-24.124963066],[-49.719977967,-24.128195596],[-49.713677442999895,-24.130773303],[-49.713053955999897,-24.132644105999898],[-49.715013599999899,-24.134137825],[-49.715039334,-24.138631005],[-49.709367351,-24.141151277999896],[-49.703162988,-24.146104136],[-49.698940916,-24.148444861],[-49.693510927,-24.1498901759999],[-49.689338308999901,-24.149822104999899],[-49.685960644,-24.146919273],[-49.683609255999897,-24.141842045],[-49.682913614999897,-24.139859462999897],[-49.681527966,-24.135674236999897],[-49.678655440999897,-24.132121841],[-49.675004460999901,-24.130528927999897],[-49.669869541999901,-24.129567832],[-49.665429127,-24.130590997],[-49.663402280999897,-24.133624222],[-49.664303157999896,-24.137582317999897],[-49.663039064,-24.139314618999897],[-49.659594452999897,-24.139695201999899],[-49.657561503999901,-24.139511129],[-49.655919831999896,-24.137880573999897],[-49.654970289999902,-24.138606545],[-49.654498991999894,-24.138702538],[-49.650889912999901,-24.137703119],[-49.648597032999895,-24.13536707],[-49.647204683,-24.134716365],[-49.645335772999893,-24.134477268999902],[-49.645447679999897,-24.134792788],[-49.645554927,-24.135211961],[-49.64623198,-24.136477369],[-49.647822941999898,-24.138801451999896],[-49.6481627369999,-24.1393295459999],[-49.648145849999899,-24.140165462],[-49.647777518999895,-24.140995376],[-49.647061235,-24.141610069],[-49.647020215999895,-24.142487495999898],[-49.650893904,-24.142028651],[-49.652170908999899,-24.142572141],[-49.652864900999901,-24.14300073],[-49.651618715,-24.146638569999901],[-49.651570631999903,-24.148935337999898],[-49.651122186999899,-24.1536302929999],[-49.653764984999896,-24.15607619],[-49.659669205999904,-24.159308112],[-49.6640833169999,-24.160014304],[-49.669686661,-24.16220622],[-49.672564027999904,-24.165538969],[-49.673956260999894,-24.169505506999897],[-49.671910757,-24.173415279],[-49.668888549,-24.17708988],[-49.666232264,-24.184009409999899],[-49.662533147,-24.196655522],[-49.663441539999901,-24.200175116],[-49.666353123999897,-24.204290657999902],[-49.676554434999893,-24.207401893999897],[-49.682936798999897,-24.207506478],[-49.684873899,-24.208852146],[-49.692639864999897,-24.213361296],[-49.700959592999901,-24.214812043999899],[-49.7077803009999,-24.21755172],[-49.711664081,-24.219805187999896],[-49.714147904999898,-24.219697765],[-49.71687286,-24.21876645],[-49.719095508999892,-24.218145588],[-49.720006345999899,-24.218652774999899],[-49.720112972,-24.219476143999898],[-49.719893681,-24.221171333],[-49.720108663999895,-24.222653377],[-49.723106714,-24.226152854],[-49.728885857999899,-24.228820893],[-49.733812062,-24.231147244999899],[-49.738460453,-24.235056042999901],[-49.739615614999899,-24.235622190999898],[-49.741395961,-24.23565109],[-49.742579333,-24.234849616],[-49.744267528,-24.233342621999899],[-49.745826311,-24.232162367999898],[-49.746348420999901,-24.230637032999898],[-49.746136861999901,-24.228935662],[-49.744795696,-24.225463512],[-49.744328143999894,-24.224305543999897],[-49.744186267,-24.222166511],[-49.746360129,-24.220941325999899],[-49.747699805,-24.221510937999899],[-49.7512566609999,-24.221732401999898],[-49.754189292,-24.222436472],[-49.756208332999904,-24.222798130999898],[-49.75741957,-24.223638928999897],[-49.759837419999897,-24.225486104],[-49.762588298,-24.227640146999896],[-49.766480787,-24.2294553149999],[-49.772338218,-24.231302672],[-49.777651202,-24.235769058999896],[-49.779545706,-24.239305402999896],[-49.780438696,-24.243702425],[-49.782324259999896,-24.247676553999899],[-49.787654841999895,-24.251266719999897],[-49.795074009999901,-24.248755613],[-49.796170843,-24.243076623],[-49.803583551,-24.234758267999901],[-49.807301352999893,-24.2330644859999],[-49.813228170999892,-24.231405125],[-49.815674335,-24.23188248],[-49.817380639999897,-24.232567042],[-49.821782771,-24.233513028999898],[-49.824496525,-24.232899098],[-49.826013117999899,-24.2307312249999],[-49.828003923,-24.229449166999899],[-49.831940725,-24.229072431999899],[-49.839280268,-24.230503075999898],[-49.846610949999899,-24.232372127999898],[-49.848803139,-24.233282585],[-49.852934471,-24.235538672999898],[-49.856587046999898,-24.237129137999901],[-49.862427484999898,-24.2398501549999],[-49.864865881999897,-24.2407657329999],[-49.86630401,-24.242541321],[-49.870422301,-24.245454240999898],[-49.87800421,-24.247105806],[-49.881928858,-24.24738631],[-49.883892917,-24.247416884],[-49.889282484,-24.248158830999898],[-49.890729688,-24.249495742999901],[-49.8921601649999,-24.251708983],[-49.894288199999899,-24.255906104],[-49.895482458999901,-24.257676495999899],[-49.898127448,-24.260567232],[-49.902573571999895,-24.259321712],[-49.905549274999899,-24.257833069999897],[-49.907750695999901,-24.258306380999898],[-49.914219884,-24.2548845499999],[-49.915748107999903,-24.252059012999901],[-49.919025094999895,-24.247727187999896],[-49.921583193999901,-24.242508197999896],[-49.924644659,-24.236639882],[-49.926698108,-24.232070452],[-49.92676557,-24.228566335],[-49.928827723,-24.223558467],[-49.931354618999897,-24.219873015],[-49.933400014999897,-24.215741491],[-49.934449769,-24.212252718999899],[-49.93430181,-24.207210641],[-49.935635169999898,-24.201754621],[-49.9386319649999,-24.199171481999901],[-49.940875844999901,-24.197454532999899],[-49.941894734999899,-24.195498066],[-49.942182718999895,-24.193311503999897],[-49.942970616,-24.190694904999901],[-49.944738857999901,-24.188092481999899],[-49.945509166,-24.186352937],[-49.944325637999896,-24.184143843999898],[-49.943118258,-24.183029164999898],[-49.940676697999898,-24.182334597],[-49.938974776999892,-24.181432529999899],[-49.936292549999898,-24.180515366999899],[-49.935589526999898,-24.178751401999897],[-49.937337758999902,-24.177244479999899],[-49.941549374,-24.175338632],[-49.942809838,-24.173604893999897],[-49.943109965999902,-24.1707616919999],[-49.947308291999903,-24.169512613999899],[-49.949216620999898,-24.164733886],[-49.947769601999902,-24.163396781],[-49.946567638,-24.162064803],[-49.94563706,-24.159421666999897],[-49.944684593,-24.157872873],[-49.942280774,-24.155208043],[-49.941613847,-24.151692302999901],[-49.941639181999896,-24.1503787719999],[-49.944355198,-24.149544718],[-49.945352918,-24.148684712],[-49.946364778,-24.147166148999897],[-49.946648285,-24.145199203999898],[-49.946432928,-24.143663181],[-49.944511535999901,-24.141442663],[-49.945052254999894,-24.138823241],[-49.947279051999892,-24.137980770999899],[-49.951204561999894,-24.138041013],[-49.953188700999895,-24.13697687],[-49.952753574,-24.134122326],[-49.948349237999899,-24.133397839999898],[-49.942400178999897,-24.1363727],[-49.939193240999899,-24.137199143],[-49.937221217999898,-24.137607365999898],[-49.933041908999897,-24.137980225],[-49.930084338,-24.138592501999899],[-49.926868528999897,-24.139857246999899],[-49.924676851999898,-24.138947684999899],[-49.923470741999893,-24.137833132],[-49.922523853,-24.136066109],[-49.926508951999899,-24.133061363],[-49.929457654,-24.132888458],[-49.932419544,-24.132057903],[-49.934632177,-24.131872245999897],[-49.937839064999899,-24.131045866999902],[-49.93860147,-24.129743322],[-49.938368618,-24.129083291],[-49.936448378999899,-24.126862858],[-49.939189526999897,-24.124714614],[-49.941643697,-24.124752347],[-49.943868418999898,-24.123910830999897],[-49.945619645,-24.122184965],[-49.949643667,-24.117210042],[-49.957097288999897,-24.112506070999899],[-49.958362698,-24.110553507],[-49.958392305999894,-24.109021901999899],[-49.957426819,-24.108131006999901],[-49.954266445,-24.106549168999898],[-49.954059833,-24.104575008],[-49.953349111,-24.103249973999898],[-49.951427943999896,-24.101030751999897],[-49.949004661999894,-24.099459747],[-49.947811739999892,-24.097690652],[-49.945400676999903,-24.0954630039999],[-49.941525509,-24.092775281999899],[-49.938129185,-24.090752617],[-49.931044383999897,-24.089109326],[-49.927363625999902,-24.089053051999901],[-49.923873605,-24.091845695],[-49.923567977999902,-24.094907185999901],[-49.91957559,-24.0983498269999],[-49.916626294999901,-24.098522599],[-49.913500568999901,-24.095189692],[-49.911340202,-24.092746874999897],[-49.909871712,-24.092504910999899],[-49.907642716999895,-24.093566157999899],[-49.904375343,-24.097456939],[-49.902840049,-24.100718211],[-49.904264415999897,-24.103149302999899],[-49.905931357,-24.105802963],[-49.905656410999903,-24.107332111999899],[-49.903513951,-24.110146733],[-49.904313074999898,-24.113225311999901],[-49.909342141,-24.119654961],[-49.910178087999896,-24.12711389],[-49.906149701999901,-24.132308602],[-49.900234578,-24.133530751999899],[-49.894784875999896,-24.136073865999901],[-49.888081332999903,-24.139911733999899],[-49.882915349,-24.140488748999896],[-49.877817449999903,-24.137561881999897],[-49.877240764999904,-24.129448318999899],[-49.876091635,-24.125488527999899],[-49.873181985,-24.123690822],[-49.871747924,-24.121697772999898],[-49.869379808999895,-24.117279159999899],[-49.863887471999895,-24.109527919999898],[-49.858786923999894,-24.106819362999897],[-49.852881055999894,-24.107603911],[-49.848925777,-24.109073974],[-49.845959427,-24.110121911],[-49.843991935,-24.110310291999898],[-49.840863511999899,-24.1071947679999],[-49.837015105,-24.10319229],[-49.834557663999895,-24.10337199],[-49.834294749,-24.104244407999897],[-49.83642415,-24.108220373999899],[-49.835146384,-24.110828177],[-49.833888048999896,-24.112340921999898],[-49.831684475,-24.112087446],[-49.827784314,-24.110712310999901],[-49.824354731999897,-24.110439013],[-49.821112833,-24.113014907],[-49.819621855,-24.113868429],[-49.816936278999897,-24.113167808],[-49.815990202,-24.111400615],[-49.815082601,-24.107663461999898],[-49.8142685299999,-24.105460558999898],[-49.809335970999896,-24.109707555999901],[-49.799808474999899,-24.10134133],[-49.7990742429999,-24.101220981],[-49.798698996,-24.101544138999902],[-49.799742845,-24.1046263379999],[-49.801744217999897,-24.108820018999896],[-49.798394393999892,-24.110628134],[-49.803889281999901,-24.118163229999897],[-49.813456247,-24.124666216],[-49.815532394999899,-24.125138232],[-49.817506265,-24.124621676999897],[-49.818117567999899,-24.124740279],[-49.820247977999898,-24.131449775],[-49.8207158989999,-24.132899272],[-49.822572222,-24.133261742999899],[-49.823387845999896,-24.136048081999899],[-49.8234883659999,-24.137270484999899],[-49.82509579,-24.137628574],[-49.826840955,-24.137434475],[-49.829475654999897,-24.136144537999897],[-49.829493751,-24.135257699999901],[-49.82748966,-24.129790005999901],[-49.829258195,-24.128376165],[-49.829726174999898,-24.129824719999899],[-49.829786005,-24.1330426809999],[-49.831548249,-24.131961716],[-49.833551170999897,-24.131217078999899],[-49.834554008999895,-24.1307888219999],[-49.835138899999897,-24.132683909],[-49.836644933999899,-24.131930537],[-49.837099004,-24.127833563],[-49.841916038999898,-24.1293514659999],[-49.847599387999892,-24.131106008],[-49.848311892999895,-24.132780836999899],[-49.847772645999896,-24.134879634],[-49.844673525,-24.134498299],[-49.841817851,-24.134343210999898],[-49.837267145999895,-24.138154239999899],[-49.83598291,-24.140241819],[-49.833581641999892,-24.1422001779999],[-49.830023728999898,-24.146137815],[-49.83026088,-24.146696130999899],[-49.830861915,-24.147704431999898],[-49.832752784,-24.146402264],[-49.834984889999902,-24.146660707999899],[-49.834581281999903,-24.148207358],[-49.833069661,-24.149181792],[-49.832205294999895,-24.148945963],[-49.830309891999903,-24.150469178],[-49.831624366,-24.153152506],[-49.832724133999896,-24.154057653999899],[-49.833189594,-24.155729236999896],[-49.833031201,-24.157390351999901],[-49.831012722,-24.158911913999901],[-49.828662794,-24.158320584],[-49.829566165,-24.156669816],[-49.829592326999901,-24.155339894999898],[-49.828739561999896,-24.154439072999899],[-49.827750226,-24.154200579],[-49.825852981,-24.1558347819999],[-49.824379291999904,-24.154924402999896],[-49.822486554999898,-24.156336632],[-49.820008152999897,-24.155964561],[-49.819289448999896,-24.154622452999899],[-49.818799644999899,-24.154169780999901],[-49.817715289,-24.152489563],[-49.817366804999899,-24.1512636309999],[-49.816752212,-24.150920228999901],[-49.815640674999898,-24.150569899999898],[-49.814888474,-24.150890615],[-49.81487307,-24.151667448],[-49.81545413,-24.153673678999898],[-49.815178928999899,-24.155000119999897],[-49.814431241,-24.155099794999899],[-49.813822951999896,-24.154424354],[-49.8135035009999,-24.15175663],[-49.813017433,-24.151193908],[-49.811786464999898,-24.150618974999897],[-49.8108143279999,-24.14949444],[-49.809466502,-24.148474758],[-49.807642694,-24.146449382999901],[-49.807534128,-24.145670836],[-49.807917937999896,-24.145122084],[-49.808662839999897,-24.145133394],[-49.811018351,-24.139291301999901],[-49.812746191,-24.139873144],[-49.810748703999899,-24.136687202],[-49.809435424999897,-24.134859207],[-49.804771523999896,-24.131718849],[-49.800428789999899,-24.126530417],[-49.797048413999896,-24.123739151999899],[-49.793382515999902,-24.122913573999899],[-49.789399057999894,-24.1195643],[-49.787355394,-24.117450416999898],[-49.786496357,-24.117437453],[-49.785010750999902,-24.118070728],[-49.784410302999902,-24.117403619999898],[-49.783713946,-24.115422365],[-49.783326695,-24.110268596],[-49.781904223,-24.107726797999899],[-49.780323761,-24.107045027],[-49.778096702999896,-24.10788525],[-49.776752224999896,-24.107644363],[-49.775913118999895,-24.10664458],[-49.776456449999898,-24.1040249119999],[-49.775997118999896,-24.102485561],[-49.775771029999902,-24.10149533],[-49.77542921,-24.1001759769999],[-49.775815295,-24.0993062639999],[-49.776323393,-24.098438271],[-49.777211268999899,-24.097028887],[-49.778468898,-24.095515544],[-49.778744563,-24.093987489],[-49.776371980999897,-24.089896913],[-49.77445341,-24.087675776],[-49.769808931999897,-24.08672526],[-49.768573139999894,-24.081119800999897],[-49.766235306999896,-24.075387942],[-49.7616782059999,-24.064036271],[-49.75858719925656,-24.067337457475706],[-49.7584709,-24.0675194]]]]}},
{"type":"Feature","properties":{"fid":149,"id1":975604,"cd_fcim":"SG22","leg_carga":"Ag+Sgf+Rp","cd_fito":"S","cd_leg_2":"Ag","clas_domi":"Ag","leg_uveg":null,"nm_uveg":null,"leg_uantr":"Ag","nm_uantr":"Agropecuária","leg_contat":null,"nm_contat":null,"veg_pretet":"S","nm_pretet":"Savana","leg_sec1":"Sgf","nm_sec1":"Savana Gramíneo-Lenhosa com floresta-de-galeria","leg_sec2":"Rp","nm_sec2":"Florestamento/Reflorestamento com Pinus","leg_sup":"Área Antrópica Dominante","legenda_1":"Savana","legenda_2":"Agropecuária","legenda":"3Ag - Agropecuária","ar_poli_km":51.4248,"leg1_id":8.0,"leg2_id":45.0},"geometry":{"type":"MultiPolygon","coordinates":[[[[-49.498744647999892,-24.266551278999898],[-49.499062889999898,-24.266170078999899],[-49.502525438999896,-24.266560603999899],[-49.504041195999903,-24.27100927],[-49.503834781999899,-24.274875999],[-49.503703532,-24.280955166999899],[-49.508730648,-24.289333939999899],[-49.511591123,-24.294690713],[-49.513341705999899,-24.298628933],[-49.517183413999895,-24.303133768999899],[-49.519316052,-24.305602855999901],[-49.523464310999898,-24.308770287999899],[-49.527635571999895,-24.310830917],[-49.531810675,-24.312671226],[-49.537216962999899,-24.314974105],[-49.539157189,-24.316997805],[-49.539629642,-24.318111975999898],[-49.551020992,-24.316202362],[-49.557038067999898,-24.313643801999898],[-49.5632807389999,-24.323944538],[-49.566214842,-24.326210444],[-49.571182539999903,-24.326293783],[-49.578156276999898,-24.325523394],[-49.579242561999898,-24.321108873],[-49.578821069,-24.317556302],[-49.578428008999893,-24.312674002999898],[-49.580507710999896,-24.308276147],[-49.584443772,-24.310114002],[-49.592197115,-24.319552108],[-49.5935754939999,-24.324895129],[-49.592488459,-24.329309753],[-49.589883152,-24.335029722999899],[-49.592761917,-24.339953480999899],[-49.599735940999892,-24.339183459],[-49.59898479,-24.327645013999902],[-49.5996574119999,-24.319234525],[-49.598822363999901,-24.311685360999899],[-49.596984491999898,-24.304561448999898],[-49.598651541,-24.2961672079999],[-49.600702463999902,-24.293099165999898],[-49.604751518999898,-24.2896216],[-49.607365469999891,-24.283459297],[-49.605480416,-24.27855312],[-49.602068206999895,-24.275393429999898],[-49.598665518999894,-24.271790551],[-49.594590263,-24.276598321999899],[-49.593457187999903,-24.28322817],[-49.590852378,-24.288946218],[-49.586326809999896,-24.291529859],[-49.580272667,-24.295860789999896],[-49.573308249,-24.296186985999899],[-49.561893852,-24.295552339],[-49.553524401999894,-24.291866096],[-49.538494223,-24.274326146],[-49.534250834,-24.26361782],[-49.532854911999898,-24.259161209999899],[-49.527544276999897,-24.251980223],[-49.52257801,-24.251896185],[-49.519502556,-24.256276010999901],[-49.515463422,-24.2593097389999],[-49.511041087999899,-24.257018925999898],[-49.506714753,-24.250297447],[-49.501900182,-24.24312366],[-49.501021186999893,-24.237791174999899],[-49.503589093999899,-24.233845694],[-49.507933426,-24.2282794119999],[-49.506498795,-24.225822326999896],[-49.506031439,-24.224487402],[-49.5045633,-24.223578926],[-49.501152126999898,-24.220867448],[-49.499685018,-24.219958065],[-49.495233831999897,-24.219439877999896],[-49.491727782999895,-24.221149296],[-49.486763277,-24.2215052079999],[-49.484276188,-24.221905593],[-49.482322669,-24.220545561999899],[-49.481379570999898,-24.218318805],[-49.484088441,-24.215489902999899],[-49.484190241999897,-24.215252069],[-49.484117747,-24.214869635],[-49.484454188999898,-24.214394147999897],[-49.484522452999897,-24.213160134],[-49.484597397,-24.213062968],[-49.481564959,-24.212752499],[-49.476518469,-24.216433515999899],[-49.475955879,-24.219525888],[-49.47663349,-24.222638805],[-49.476265903999895,-24.22817163],[-49.476962795,-24.230400238999898],[-49.478161606999898,-24.232415248999899],[-49.479631625,-24.233325734999902],[-49.481059259999896,-24.236230737],[-49.481469621999899,-24.240227279999896],[-49.483824101,-24.246250191999899],[-49.487162302999899,-24.252734039],[-49.494211316999902,-24.259944604999898],[-49.498744647999892,-24.266551278999898]]]]}},
{"type":"Feature","properties":{"fid":150,"id1":975617,"cd_fcim":"SG22","leg_carga":"Ag+Sgf+Rp","cd_fito":"S","cd_leg_2":"Ag","clas_domi":"Ag","leg_uveg":null,"nm_uveg":null,"leg_uantr":"Ag","nm_uantr":"Agropecuária","leg_contat":null,"nm_contat":null,"veg_pretet":"S","nm_pretet":"Savana","leg_sec1":"Sgf","nm_sec1":"Savana Gramíneo-Lenhosa com floresta-de-galeria","leg_sec2":"Rp","nm_sec2":"Florestamento/Reflorestamento com Pinus","leg_sup":"Área Antrópica Dominante","legenda_1":"Savana","legenda_2":"Agropecuária","legenda":"3Ag - Agropecuária","ar_poli_km":238.3482,"leg1_id":8.0,"leg2_id":45.0},"geometry":{"type":"MultiPolygon","coordinates":[[[[-49.671791109,-24.227087588999897],[-49.678637105999897,-24.224473936],[-49.68356671,-24.226327848],[-49.685975833,-24.229912119999899],[-49.688359123999895,-24.234825831999895],[-49.688809811999896,-24.237048623],[-49.685784714999897,-24.2392160439999],[-49.687891308999902,-24.242495758],[-49.694338011999896,-24.243488487],[-49.6948666219999,-24.241944148999899],[-49.693917873,-24.2397087209999],[-49.693972588999898,-24.237047168999901],[-49.696003714,-24.235082061],[-49.699221357999896,-24.235800803],[-49.703200044,-24.235865052999902],[-49.705423531999898,-24.236567679],[-49.707416521999896,-24.236378644999899],[-49.709939998,-24.2346434839999],[-49.711920072999902,-24.235119585999897],[-49.711901570999899,-24.236006755999899],[-49.707634124,-24.2379354609999],[-49.707570279,-24.241041073999899],[-49.710002195999898,-24.243743671999898],[-49.712258161,-24.242892987999898],[-49.712538605999896,-24.241344171],[-49.712850459,-24.238242093999901],[-49.71608767,-24.238072587],[-49.717561436,-24.238984698],[-49.717787373999904,-24.24009746],[-49.717764265,-24.241206673],[-49.717927443999898,-24.245426035],[-49.717899695999897,-24.246758212],[-49.716620435,-24.248512185],[-49.715570711999902,-24.251158748],[-49.716520664,-24.25339422],[-49.720213610999899,-24.2552291659999],[-49.723424298999895,-24.256390897],[-49.725901682,-24.256875846],[-49.727890212,-24.256907789999897],[-49.729110477999896,-24.2580365859999],[-49.729572661999896,-24.259820009999899],[-49.731028158999898,-24.261619390999901],[-49.733410772999896,-24.266763625999896],[-49.737014828,-24.273036786],[-49.737928208999897,-24.277047002],[-49.739601686999897,-24.2804035089999],[-49.743481785,-24.285349879999899],[-49.742209761999895,-24.286660066],[-49.740971874,-24.286418559],[-49.749749944,-24.298866888],[-49.751141613999899,-24.303764612999899],[-49.752018724,-24.309541006],[-49.749363983999892,-24.317920661],[-49.745769681999896,-24.323624944],[-49.738797468,-24.324399234999898],[-49.731010054,-24.316294528999901],[-49.730215335,-24.306529516999898],[-49.729510111,-24.300192017],[-49.723079823,-24.2909008899999],[-49.709380826,-24.280483838999899],[-49.704938892,-24.279082117],[-49.699565559999897,-24.274562761],[-49.697209506,-24.268318823999898],[-49.692821543,-24.264258782999899],[-49.689832333,-24.264652823999899],[-49.688775017999902,-24.267738119999898],[-49.689713624,-24.270413339999898],[-49.689640364999896,-24.273957073],[-49.693486854999897,-24.28022441],[-49.693893220999897,-24.284664581],[-49.691263749,-24.291712307999902],[-49.689599711,-24.300106918],[-49.68949028,-24.305424064],[-49.693319651,-24.3125787009999],[-49.695242697999902,-24.315713705999897],[-49.698878905999898,-24.317716060999896],[-49.700388838,-24.315985931999897],[-49.706268048,-24.316958696],[-49.708643394,-24.320944154999896],[-49.708562806,-24.324889099],[-49.7055072469999,-24.330099980999901],[-49.703451754999904,-24.334452045],[-49.702941992,-24.335319777999899],[-49.703825794999894,-24.340158340999899],[-49.704763747999898,-24.342365306],[-49.705675143999898,-24.345888600999899],[-49.706622302,-24.347657748],[-49.709034632999895,-24.349889486999899],[-49.712858178,-24.355213763999899],[-49.714288685,-24.3574296809999],[-49.715641839999897,-24.362807132999901],[-49.717066867,-24.368631937],[-49.718469048,-24.372162551],[-49.721417006999893,-24.372210041],[-49.727328088,-24.368697097999899],[-49.729294818,-24.3669502139999],[-49.731997460999899,-24.366994111999897],[-49.735919189999898,-24.367496057],[-49.738344686999895,-24.369068594999899],[-49.742015673999894,-24.369785463],[-49.745986569999893,-24.3678774649999],[-49.750144505,-24.3688205999999],[-49.753745697999896,-24.373043310999901],[-49.7541573069999,-24.376995107],[-49.751571809,-24.383309736999902],[-49.748333916,-24.385449611999899],[-49.745323027,-24.388469717],[-49.7450595399999,-24.389342104],[-49.744527999999896,-24.391306309],[-49.746362624,-24.393105520999899],[-49.75200073,-24.391116148],[-49.7549225939999,-24.392478959],[-49.759379757,-24.390796973999898],[-49.764303108,-24.390437518999899],[-49.772165543,-24.390563824],[-49.7775451629999,-24.391964653999899],[-49.782931910999899,-24.392928339],[-49.783406338999896,-24.393812048],[-49.781878438,-24.396418097],[-49.77793,-24.397231457],[-49.775446097,-24.398508009999901],[-49.773454719,-24.399790571],[-49.774901177999901,-24.401129723999897],[-49.779369376,-24.399008552999899],[-49.781826107,-24.399047632999899],[-49.783274574999901,-24.400385859],[-49.783677621,-24.404776904999899],[-49.781570539999898,-24.411758615999901],[-49.780526016999893,-24.414810648],[-49.781947406999898,-24.417464724999899],[-49.787343762,-24.417988621999896],[-49.791749894999896,-24.418935743],[-49.797199442,-24.416830644],[-49.802702978999896,-24.412095789],[-49.809153444999893,-24.409128332999899],[-49.811355968,-24.409602628999899],[-49.809676727999893,-24.4061901329999],[-49.8065046359999,-24.405042882],[-49.80379706,-24.405219996],[-49.801106569999895,-24.404518417999899],[-49.799448775,-24.401423178999899],[-49.799725619,-24.399893317],[-49.799554057,-24.396164093],[-49.797658139999896,-24.392625723],[-49.7947405399999,-24.391045725],[-49.791537084,-24.391432525],[-49.788088335999895,-24.391815852],[-49.787676204,-24.387862964],[-49.789029050999901,-24.381747382999897],[-49.787084641,-24.380619979],[-49.784141103,-24.380353715999899],[-49.782613286999897,-24.382959632999899],[-49.776470867999898,-24.382861445999897],[-49.7701265789999,-24.380567318],[-49.764708348999896,-24.381138437999901],[-49.761688609,-24.384597492],[-49.758953973999901,-24.386087965999899],[-49.757740286999898,-24.385410548],[-49.758039107999899,-24.382784635999897],[-49.761057884,-24.379326540999898],[-49.764125548,-24.373456768],[-49.767653782999894,-24.369128956999901],[-49.767456464,-24.366714765],[-49.766496179999898,-24.365603896],[-49.766383007999899,-24.363004241999899],[-49.770367233999899,-24.360437779999899],[-49.772399105,-24.3571836089999],[-49.77542292,-24.353505426],[-49.78033551,-24.353584527999899],[-49.784257145,-24.354084907],[-49.787687322999901,-24.3545783399999],[-49.791692800999897,-24.350916536999897],[-49.798233637999893,-24.343349272],[-49.802176684999893,-24.3427551989999],[-49.802694190999894,-24.341447584],[-49.802251349999899,-24.3390293369999],[-49.801326102,-24.336165482999899],[-49.798177438,-24.3339233999999],[-49.792054215999897,-24.332949872],[-49.789868473999896,-24.331599875999899],[-49.787750517999896,-24.326963868999901],[-49.785373877,-24.322980763],[-49.777141371,-24.316931461],[-49.7742735899999,-24.312941508999899],[-49.775300654,-24.310766319],[-49.780221495,-24.310406702],[-49.78071642,-24.31019515],[-49.782222201,-24.308684936999899],[-49.783519541,-24.305199797999897],[-49.78309954,-24.3016869419999],[-49.782938324,-24.297519545999897],[-49.785705106,-24.294277319999896],[-49.788889321999896,-24.294766272999897],[-49.791068277,-24.296335396999901],[-49.793199579999893,-24.300313702],[-49.792379226,-24.3044646499999],[-49.792794837999899,-24.308196882999898],[-49.795190498999901,-24.311302293],[-49.802063297999894,-24.311631545999898],[-49.804023336999904,-24.311881097],[-49.805966316,-24.3130089859999],[-49.806926576,-24.314119504],[-49.807835755,-24.3178596559999],[-49.808461794,-24.3233486019999],[-49.810352864,-24.327104407],[-49.814501381999897,-24.3284852419999],[-49.816212814,-24.3289506949999],[-49.819793056,-24.3342670279999],[-49.820429339,-24.339318460999898],[-49.824293477,-24.342666619999896],[-49.8284746839999,-24.342513496],[-49.830733005999896,-24.340138265999901],[-49.833009197,-24.336887347],[-49.838899878999896,-24.337199417],[-49.8420678029999,-24.338564506],[-49.845980384,-24.339502808],[-49.849186629,-24.338895201999897],[-49.850694680999894,-24.337165981999899],[-49.852217091999897,-24.334778651],[-49.852991942999893,-24.332818969],[-49.85136428,-24.328190176],[-49.84945572,-24.32531119],[-49.8485121309999,-24.323324188999898],[-49.848542424,-24.321790434],[-49.849331637,-24.319173695],[-49.848940053,-24.314126108],[-49.846372543999898,-24.3072922869999],[-49.845735821999895,-24.302242444999898],[-49.847265052999902,-24.299417650999899],[-49.849558575999893,-24.295288836999898],[-49.852575124999895,-24.291830995999899],[-49.857754064999902,-24.290816413999899],[-49.860752642999898,-24.288234077],[-49.864018601999895,-24.2845602629999],[-49.869487020999898,-24.28135829],[-49.882200804,-24.296897252999898],[-49.882747967999897,-24.306546952999899],[-49.881145551999893,-24.313097458],[-49.886178895999898,-24.319531534],[-49.896103458,-24.327137016999899],[-49.906535505,-24.321382174999901],[-49.913376318999902,-24.310749201],[-49.915163301999897,-24.307270152999898],[-49.917460203,-24.3029231639999],[-49.915812947999896,-24.299172631],[-49.909961784999894,-24.296890719],[-49.908271505999899,-24.2953300349999],[-49.905655977,-24.290907242999896],[-49.905220121999903,-24.28805184],[-49.907016878,-24.284134491],[-49.908174737,-24.275167997],[-49.909771807,-24.268838538999898],[-49.911580607999902,-24.264265306],[-49.914078257,-24.262111912],[-49.914349865999895,-24.260802086999899],[-49.913410430999896,-24.258596473999898],[-49.914219884,-24.2548845499999],[-49.907750695999901,-24.258306380999898],[-49.905549274999899,-24.257833069999897],[-49.902573571999895,-24.259321712],[-49.898127448,-24.260567232],[-49.895482458999901,-24.257676495999899],[-49.894288199999899,-24.255906104],[-49.8921601649999,-24.251708983],[-49.890729688,-24.249495742999901],[-49.889282484,-24.248158830999898],[-49.883892917,-24.247416884],[-49.881928858,-24.24738631],[-49.87800421,-24.247105806],[-49.870422301,-24.245454240999898],[-49.86630401,-24.242541321],[-49.864865881999897,-24.2407657329999],[-49.862427484999898,-24.2398501549999],[-49.856587046999898,-24.237129137999901],[-49.852934471,-24.235538672999898],[-49.848803139,-24.233282585],[-49.846610949999899,-24.232372127999898],[-49.839280268,-24.230503075999898],[-49.831940725,-24.229072431999899],[-49.828003923,-24.229449166999899],[-49.826013117999899,-24.2307312249999],[-49.824496525,-24.232899098],[-49.821782771,-24.233513028999898],[-49.817380639999897,-24.232567042],[-49.815674335,-24.23188248],[-49.813228170999892,-24.231405125],[-49.807301352999893,-24.2330644859999],[-49.803583551,-24.234758267999901],[-49.796170843,-24.243076623],[-49.795074009999901,-24.248755613],[-49.787654841999895,-24.251266719999897],[-49.782324259999896,-24.247676553999899],[-49.780438696,-24.243702425],[-49.779545706,-24.239305402999896],[-49.777651202,-24.235769058999896],[-49.772338218,-24.231302672],[-49.766480787,-24.2294553149999],[-49.762588298,-24.227640146999896],[-49.759837419999897,-24.225486104],[-49.75741957,-24.223638928999897],[-49.756208332999904,-24.222798130999898],[-49.754189292,-24.222436472],[-49.7512566609999,-24.221732401999898],[-49.747699805,-24.221510937999899],[-49.746360129,-24.220941325999899],[-49.744186267,-24.222166511],[-49.744328143999894,-24.224305543999897],[-49.744795696,-24.225463512],[-49.746136861999901,-24.228935662],[-49.746348420999901,-24.230637032999898],[-49.745826311,-24.232162367999898],[-49.744267528,-24.233342621999899],[-49.742579333,-24.234849616],[-49.741395961,-24.23565109],[-49.739615614999899,-24.235622190999898],[-49.738460453,-24.235056042999901],[-49.733812062,-24.231147244999899],[-49.728885857999899,-24.228820893],[-49.723106714,-24.226152854],[-49.720108663999895,-24.222653377],[-49.719893681,-24.221171333],[-49.720112972,-24.219476143999898],[-49.720006345999899,-24.218652774999899],[-49.719095508999892,-24.218145588],[-49.71687286,-24.21876645],[-49.714147904999898,-24.219697765],[-49.711664081,-24.219805187999896],[-49.7077803009999,-24.21755172],[-49.700959592999901,-24.214812043999899],[-49.692639864999897,-24.213361296],[-49.684873899,-24.208852146],[-49.682936798999897,-24.207506478],[-49.676554434999893,-24.207401893999897],[-49.675986120999895,-24.20862871],[-49.672477123,-24.208362457999897],[-49.668518076999902,-24.207200509],[-49.663862310999896,-24.206880296999898],[-49.662924879999899,-24.206864935999899],[-49.662329313,-24.207377815],[-49.661134492,-24.208507271],[-49.658471531,-24.207000789999896],[-49.658273586999904,-24.205221432],[-49.657829878,-24.204064667999898],[-49.656205494999902,-24.203305825],[-49.654069755,-24.2046291179999],[-49.652898944999897,-24.204610348],[-49.652207527,-24.204076126999901],[-49.651645689,-24.202917648],[-49.65131551,-24.201866277],[-49.650515829,-24.200913676],[-49.647490825,-24.199922453999896],[-49.643757539,-24.1992339889999],[-49.639919532999897,-24.197916926999898],[-49.636881966,-24.196221949999899],[-49.636350004999898,-24.198184497999897],[-49.639204117,-24.20261433],[-49.641390686999898,-24.203745459999897],[-49.645550251,-24.204471089],[-49.647718311999895,-24.206479239],[-49.647436144,-24.208227081],[-49.645177309999895,-24.210598812999898],[-49.637966718,-24.2148626819999],[-49.63617571,-24.2183379159999],[-49.637126565,-24.219888044999898],[-49.639817416999904,-24.220370375],[-49.641572265,-24.218646571],[-49.646783012999897,-24.216102817],[-49.648000248,-24.216561876],[-49.648714362,-24.217668932],[-49.650918651,-24.217923853999899],[-49.652928754,-24.215765928999897],[-49.654442010999894,-24.213820154999897],[-49.657191988999898,-24.211455429],[-49.663084235,-24.211552434999899],[-49.664525467,-24.213108609],[-49.665457992999897,-24.215534795999897],[-49.663198267,-24.217907628],[-49.660180048,-24.221363491],[-49.660621369999902,-24.223780849],[-49.661357701,-24.223792401],[-49.663834880999893,-24.222737831],[-49.665085503999897,-24.221662806],[-49.667340623,-24.219509203],[-49.670081318999898,-24.217581944],[-49.671777926999901,-24.218704936999899],[-49.672271666,-24.221619037],[-49.671722438999893,-24.224458062999897],[-49.671791109,-24.227087588999897]]]]}},
{"type":"Feature","properties":{"fid":151,"id1":975614,"cd_fcim":"SG22","leg_carga":"Ag+Sgf+Rp","cd_fito":"S","cd_leg_2":"Ag","clas_domi":"Ag","leg_uveg":null,"nm_uveg":null,"leg_uantr":"Ag","nm_uantr":"Agropecuária","leg_contat":null,"nm_contat":null,"veg_pretet":"S","nm_pretet":"Savana","leg_sec1":"Sgf","nm_sec1":"Savana Gramíneo-Lenhosa com floresta-de-galeria","leg_sec2":"Rp","nm_sec2":"Florestamento/Reflorestamento com Pinus","leg_sup":"Área Antrópica Dominante","legenda_1":"Savana","legenda_2":"Agropecuária","legenda":"3Ag - Agropecuária","ar_poli_km":37.1594,"leg1_id":8.0,"leg2_id":45.0},"geometry":{"type":"MultiPolygon","coordinates":[[[[-49.608024626,-24.36072483],[-49.611023762999899,-24.3583637099999],[-49.626424625999903,-24.350726223],[-49.630373823999896,-24.349914106],[-49.632321964999896,-24.3508239139999],[-49.632767901,-24.353023134],[-49.634506459,-24.344858545],[-49.633089606999896,-24.3412885289999],[-49.627689044999897,-24.3380967199999],[-49.624321778,-24.33272097],[-49.631424911999893,-24.325746001],[-49.635399075999899,-24.325811997999899],[-49.638316073999896,-24.328962895],[-49.642630347999898,-24.336570239],[-49.657544431999895,-24.336372938999897],[-49.658611734,-24.3328436379999],[-49.660239622999896,-24.326222174999899],[-49.661848808999899,-24.320484690999901],[-49.667874201999901,-24.317481507],[-49.673467402,-24.3113673299999],[-49.673586473999897,-24.30560682],[-49.67174561,-24.298484428999899],[-49.670815412,-24.295366527999899],[-49.667844439,-24.294874843999899],[-49.666704817,-24.3019477839999],[-49.661718874,-24.3027534289999],[-49.661314003999898,-24.298312918999898],[-49.661451987,-24.2916671629999],[-49.663630745,-24.282395536999896],[-49.662738002999895,-24.277505905999899],[-49.658314082999894,-24.275216192],[-49.656201799,-24.274159695],[-49.656354453999903,-24.2727381549999],[-49.656013013999896,-24.271417800999899],[-49.651238607,-24.2731629519999],[-49.648752917,-24.273232533999899],[-49.645747652999901,-24.27440152],[-49.644499675,-24.2747138669999],[-49.642765763999897,-24.274462946],[-49.641682013,-24.272783137],[-49.640603928,-24.270882209],[-49.636493474999895,-24.271478837],[-49.636120366999897,-24.271472502999899],[-49.632744794999894,-24.272523996999901],[-49.6308943659999,-24.271939957],[-49.627578793999902,-24.270112014999899],[-49.622903782,-24.268953337],[-49.623599252,-24.27088242],[-49.623642331,-24.274717337],[-49.621922110999897,-24.282260865999898],[-49.618813297,-24.2884142199999],[-49.612443011,-24.296065000999899],[-49.610109165,-24.3006803769999],[-49.612550896,-24.30271628],[-49.6145340859999,-24.302970130999899],[-49.619992887,-24.303282889999899],[-49.619951574,-24.305276142],[-49.612117870999896,-24.335289045],[-49.607726412,-24.3551647359999],[-49.608024626,-24.36072483]]]]}},
{"type":"Feature","properties":{"fid":152,"id1":975611,"cd_fcim":"SG22","leg_carga":"Ag+Sgf+Rp","cd_fito":"S","cd_leg_2":"Ag","clas_domi":"Ag","leg_uveg":null,"nm_uveg":null,"leg_uantr":"Ag","nm_uantr":"Agropecuária","leg_contat":null,"nm_contat":null,"veg_pretet":"S","nm_pretet":"Savana","leg_sec1":"Sgf","nm_sec1":"Savana Gramíneo-Lenhosa com floresta-de-galeria","leg_sec2":"Rp","nm_sec2":"Florestamento/Reflorestamento com Pinus","leg_sup":"Área Antrópica Dominante","legenda_1":"Savana","legenda_2":"Agropecuária","legenda":"3Ag - Agropecuária","ar_poli_km":174.5916,"leg1_id":8.0,"leg2_id":45.0},"geometry":{"type":"MultiPolygon","coordinates":[[[[-49.903211161999899,-24.346623984],[-49.902145607999898,-24.348758399],[-49.902740911,-24.349619738999902],[-49.903062250999902,-24.349818077999899],[-49.904705333,-24.349738509],[-49.905068872999898,-24.349116987999899],[-49.906021258999893,-24.348399691999902],[-49.907309966999897,-24.348419994],[-49.908128053,-24.348537683999901],[-49.910935733,-24.348789011999902],[-49.913398522999898,-24.348723291999899],[-49.915293746,-24.3477073829999],[-49.918596539999903,-24.346608621],[-49.922849996,-24.344897181999901],[-49.924956784999893,-24.345034142],[-49.927532546999899,-24.34517836],[-49.931515874999896,-24.345240561],[-49.933884229999897,-24.344021532999896],[-49.934868461999898,-24.341631902],[-49.935721089,-24.339972587],[-49.936555121999902,-24.339254529],[-49.937610288999899,-24.339270631],[-49.937982216,-24.338230359999898],[-49.937290499999897,-24.337592728999898],[-49.936395595,-24.335383497999899],[-49.936405694999898,-24.334860991],[-49.938876825999898,-24.334376338],[-49.9410991499999,-24.334619453999899],[-49.942273156999903,-24.334533344],[-49.943796934,-24.334451955999899],[-49.946391137,-24.333655683999901],[-49.949088257999897,-24.333592840999898],[-49.951795448,-24.333007469999899],[-49.953577407999894,-24.331779528],[-49.954284072999904,-24.331581453999899],[-49.955921174999894,-24.331815660999897],[-49.957657661,-24.332887963999898],[-49.957863594999893,-24.334353947],[-49.957122522,-24.336328921999897],[-49.955473689,-24.3367228279999],[-49.953118198999896,-24.337312982],[-49.951001386999899,-24.337698735999901],[-49.946770983999897,-24.3382617299999],[-49.942269972,-24.340701285],[-49.9405563239999,-24.344437802999899],[-49.939518397,-24.349649536],[-49.937825812,-24.352342004],[-49.935222940999893,-24.353555198],[-49.933982317999899,-24.357091563],[-49.930692822999902,-24.357459499999898],[-49.928591813999894,-24.357008493999899],[-49.927905296999896,-24.356161426],[-49.925137068,-24.353818227],[-49.917686217,-24.351194667999899],[-49.911819340999898,-24.351520958],[-49.909908016,-24.353373476999899],[-49.909164883,-24.355453177],[-49.907725791999901,-24.357103615],[-49.906788782,-24.357089019999897],[-49.904699612999899,-24.356011511],[-49.903075197999904,-24.355149771999898],[-49.902380244,-24.354720501],[-49.900525597999895,-24.353647082999899],[-49.898902188,-24.352785342999898],[-49.896792739,-24.352751967999897],[-49.8962948429999,-24.354208490999898],[-49.892500853999898,-24.356448595],[-49.888281885,-24.356382649],[-49.887792480999899,-24.357421325],[-49.888006574,-24.3584705499999],[-49.890806761,-24.3591408569999],[-49.891468518999893,-24.361241607999901],[-49.887916451999899,-24.363067959],[-49.886979422,-24.363053302],[-49.881415573,-24.359830818],[-49.87555701,-24.359739465],[-49.873221586999904,-24.359283934],[-49.871574713,-24.358611112999899],[-49.870310186,-24.360454116],[-49.868292833999895,-24.363053518],[-49.862073568,-24.3669018209999],[-49.856219414999899,-24.364617326],[-49.855246353,-24.364164057],[-49.850086329,-24.364082758999899],[-49.846586343999896,-24.367096847],[-49.8457835359999,-24.370372285],[-49.842761510999892,-24.374050521],[-49.842842666,-24.382382603999901],[-49.84600224,-24.384184907],[-49.848454354999895,-24.38444377],[-49.853873461,-24.383870233],[-49.85701972,-24.386331601999899],[-49.857424963,-24.390722323],[-49.857550016999895,-24.393739492999899],[-49.8550308599999,-24.396768474999899],[-49.853251397999898,-24.399809510999898],[-49.851267350999898,-24.400655522999902],[-49.84841362,-24.402035961999896],[-49.847494796,-24.404980544999898],[-49.845854244999899,-24.407147376999898],[-49.843635529,-24.407440909999899],[-49.840795106,-24.408163906],[-49.837804682999895,-24.410199079999899],[-49.838319907999896,-24.413316623999897],[-49.842036531,-24.411840694],[-49.848960216999899,-24.409757865],[-49.856936348,-24.4041829],[-49.859885656,-24.404229961999896],[-49.861324666,-24.406005788],[-49.86276466,-24.407782545],[-49.866109568999896,-24.412657677],[-49.867022442999897,-24.416179611999901],[-49.866910577999896,-24.4218780479999],[-49.8643932109999,-24.424907468],[-49.862850076999898,-24.428390277999899],[-49.863306022,-24.430151801],[-49.863788718999899,-24.430597491],[-49.8657382909999,-24.431505157999897],[-49.866702722999896,-24.432396522],[-49.867414879,-24.433723459],[-49.868126079,-24.4350494769999],[-49.872549612999897,-24.435118522],[-49.878034387999897,-24.431258871999901],[-49.882517079,-24.428259867999902],[-49.884241624999895,-24.428067638999899],[-49.888712641,-24.428837551],[-49.890187443999899,-24.428860476],[-49.894664045999896,-24.426298447],[-49.896661431,-24.424794611],[-49.899610994999897,-24.424840373999899],[-49.900559754999904,-24.426609454999898],[-49.902703598999892,-24.4301519149999],[-49.906395535999899,-24.429990044999901],[-49.907865939,-24.430231432],[-49.908086690999895,-24.43155065],[-49.908061145,-24.432866515999901],[-49.906034775,-24.435904923999896],[-49.908182214999897,-24.439227994],[-49.907652766999895,-24.441193795999897],[-49.909326313999898,-24.443632341],[-49.912963002,-24.446319897],[-49.914653312,-24.447881460999898],[-49.916099293999899,-24.449438791],[-49.917086975999901,-24.449235421],[-49.919328767,-24.447734621999899],[-49.922826551999897,-24.444937324],[-49.924051704999897,-24.445176224],[-49.925759690999897,-24.445860737],[-49.926466814,-24.447406153],[-49.926447475,-24.4483933389999],[-49.926429127999896,-24.4493796319999],[-49.924669225999892,-24.45132611],[-49.922363278,-24.456115554999901],[-49.921565545999904,-24.459173762],[-49.9215234219999,-24.461365907],[-49.924820151999896,-24.4688744339999],[-49.927223242,-24.471763062],[-49.928703674999902,-24.47156632],[-49.933685501999896,-24.468353292],[-49.935894143,-24.468606393999899],[-49.938573471,-24.469963612],[-49.940251889,-24.472182764],[-49.940226515999896,-24.473497933],[-49.940933785,-24.475044393999902],[-49.943893674,-24.474651659999896],[-49.946986229999894,-24.473712251999899],[-49.951312707999897,-24.467357114],[-49.960809130999898,-24.461436977999899],[-49.9672279649999,-24.456933805999899],[-49.970598958,-24.452383310999899],[-49.976249847999895,-24.449533162999899],[-49.970404931999894,-24.446594452999896],[-49.963768745,-24.433776377999898],[-49.960013696,-24.424512503],[-49.952259158999901,-24.418693473],[-49.943905168999898,-24.418565241999897],[-49.934964857999901,-24.423250793],[-49.931533483999893,-24.422759823],[-49.929617965,-24.4200997209999],[-49.93412626,-24.415784302],[-49.941540900999897,-24.413705964],[-49.943048771999898,-24.411975776999899],[-49.940210571999899,-24.4062331229999],[-49.932932945999902,-24.4012975099999],[-49.923569996,-24.402468369],[-49.917138642999895,-24.404561365999896],[-49.9151979109999,-24.4032161649999],[-49.90983499,-24.4009409139999],[-49.905989040999899,-24.396496827999901],[-49.912971649,-24.391344287],[-49.918911168,-24.389244806],[-49.92535093,-24.386713963],[-49.9273669029999,-24.384114834999899],[-49.928452627999903,-24.3788703029999],[-49.932909427999896,-24.377184934999899],[-49.937847886,-24.375946794999898],[-49.945252598,-24.374306599],[-49.948175283999902,-24.375667441],[-49.950521813999892,-24.381401793999899],[-49.946412359999897,-24.390545408],[-49.947527213999898,-24.3964802409999],[-49.951749347,-24.400600985],[-49.953860327999898,-24.399427239],[-49.955376080999898,-24.397367503999899],[-49.956641882,-24.395414612],[-49.958391430999896,-24.393907216999899],[-49.9634202229999,-24.394422043],[-49.965718129,-24.3963208609999],[-49.965975155999899,-24.402134021999899],[-49.964629287,-24.408250924999898],[-49.965323429,-24.410453439],[-49.964863478,-24.415159756],[-49.967101654,-24.4202366879999],[-49.968915276999894,-24.421798531],[-49.971609816999901,-24.422277364],[-49.972826172999895,-24.422954950999898],[-49.975637810999899,-24.423765045],[-49.979323308999902,-24.423820799999898],[-49.981772572999901,-24.424296260999899],[-49.983118169,-24.424645815],[-49.984844315,-24.424342823],[-49.988432765,-24.423082823999898],[-49.98972287,-24.419923072999897],[-49.988963331,-24.414650218],[-49.991109740999896,-24.411614033],[-49.990513403,-24.410473948999901],[-49.990001827999897,-24.409924283999899],[-49.989927334999898,-24.409302129],[-49.991939314,-24.408711480999902],[-49.992725472,-24.4085680529999],[-49.994847173,-24.406815782],[-49.995887534999895,-24.406986313999901],[-49.998384707999897,-24.408343886999898],[-49.99950848,-24.40874868],[-50.0008876489999,-24.409390943999899],[-50.002519665,-24.4105010759999],[-50.003889552,-24.4116860409999],[-50.004566983999894,-24.412705133],[-50.006287189,-24.413739923],[-50.007778257,-24.413142229999899],[-50.007786375,-24.412676007999899],[-50.007723290999898,-24.41143375],[-50.00757917,-24.409802421999899],[-50.008813834999899,-24.408967251],[-50.010925170999897,-24.4077575529999],[-50.010943529999899,-24.406749562999899],[-50.010613781999901,-24.405813454999898],[-50.010546155,-24.404803418],[-50.011608013999897,-24.40388854],[-50.014074100999899,-24.402296481999901],[-50.016614519999898,-24.401403043999899],[-50.019513263,-24.399895022999896],[-50.021721484999901,-24.398221185999901],[-50.022429878999894,-24.397533849],[-50.023331302,-24.395918292],[-50.024569609999901,-24.394772589],[-50.025219137999898,-24.392688323999899],[-50.025764792999894,-24.391454226999901],[-50.027171087999896,-24.390699633999898],[-50.029266463999903,-24.39026562],[-50.029438051999897,-24.390422712],[-50.0302093869999,-24.3910549339999],[-50.030263503999898,-24.3927641719999],[-50.031196423,-24.394018745],[-50.031969928999899,-24.394573588],[-50.032389070999898,-24.395355986],[-50.03356453,-24.395703936999897],[-50.033834713,-24.394392401999898],[-50.034603373,-24.392760506999899],[-50.038107500999899,-24.389415235999898],[-50.043073187999902,-24.386750408999898],[-50.045793993,-24.385804515],[-50.049397853,-24.383666278999897],[-50.051764755999898,-24.381947974],[-50.053522264,-24.380001267],[-50.0523610589999,-24.378973323],[-50.050975251999901,-24.378642735],[-50.049833518999897,-24.379168658],[-50.049038277999898,-24.379854866],[-50.047046055999893,-24.379359640999898],[-50.046178536999896,-24.379268988],[-50.04276307,-24.380459786],[-50.04039003,-24.381742619],[-50.037584478,-24.382864003999899],[-50.035914986999899,-24.383769963999896],[-50.034783409999896,-24.383753200999898],[-50.033580377,-24.383036983999901],[-50.033595114,-24.382261268],[-50.034492106999899,-24.380800533],[-50.037226581999896,-24.37882494],[-50.0400572349999,-24.376306022999898],[-50.041756074,-24.373849594],[-50.04203503,-24.372921667],[-50.042395233,-24.372307168],[-50.043524805999901,-24.372323876999896],[-50.044730945999902,-24.372962658999899],[-50.046296323,-24.372986008999899],[-50.050075377,-24.370948531999897],[-50.053991055,-24.366273787999901],[-50.05525705,-24.363732467],[-50.055740567,-24.361101662999896],[-50.056710635999899,-24.360417785],[-50.057930246999902,-24.36035822],[-50.059582498999902,-24.360383553],[-50.060818125,-24.359393542999896],[-50.062271065999894,-24.359091157],[-50.064655478,-24.356386969],[-50.067300872,-24.353028763999898],[-50.068371462999899,-24.348333275],[-50.068885005,-24.347135319],[-50.070037809,-24.344631799],[-50.071440100999894,-24.341913032],[-50.072859466999901,-24.338318575999896],[-50.073397658,-24.33580618],[-50.072449714999898,-24.3339281199999],[-50.071354931999899,-24.333364753999899],[-50.069997826,-24.333672957],[-50.067844388,-24.337148458999899],[-50.067043780999896,-24.340533363],[-50.0652661989999,-24.343574975],[-50.063647633999899,-24.3447556909999],[-50.060936581,-24.34515356],[-50.058848655999896,-24.345122515999901],[-50.056975238999897,-24.346738749999897],[-50.054760883,-24.346924552999898],[-50.054046344,-24.345708665999897],[-50.053348016,-24.343616132],[-50.052262527,-24.342503733999902],[-50.051037047,-24.342375619999899],[-50.049153352999895,-24.3445388969999],[-50.048644015,-24.345518329],[-50.047523451999901,-24.346268452999897],[-50.045515909999892,-24.348539377999899],[-50.043416707999903,-24.349056243999897],[-50.041595517,-24.347933177999899],[-50.040747660999898,-24.347262746999899],[-50.038911914,-24.346906175],[-50.036223041,-24.346098528],[-50.034375338999894,-24.346400109999898],[-50.032422476,-24.345713239],[-50.031337067,-24.344600757999899],[-50.030352509999901,-24.344695187999896],[-50.028127834,-24.345429723999899],[-50.025021781999897,-24.347245259],[-50.022900264,-24.348966369],[-50.020955075,-24.347841533999897],[-50.02595804,-24.343204745],[-50.025727433,-24.342434098],[-50.024891613,-24.3411063799999],[-50.021044582999899,-24.3431305629999],[-50.019078103,-24.343211027999899],[-50.018608979999904,-24.341998326999899],[-50.018752739,-24.340903932999897],[-50.020636657999894,-24.338740877],[-50.024350209,-24.337263106999899],[-50.025614526,-24.335418724],[-50.0251377169999,-24.334644839],[-50.024048047999898,-24.333752667999899],[-50.022693541,-24.33395052],[-50.020834625999903,-24.3347990789999],[-50.0198647389999,-24.334127004],[-50.019165049,-24.332143723999899],[-50.020083344999897,-24.329090213],[-50.020746807,-24.326469485],[-50.020902522,-24.324718851999897],[-50.020721851999895,-24.321319446999897],[-50.020378502,-24.31999926],[-50.019289901,-24.319106223999899],[-50.017826032999899,-24.318535978999897],[-50.016389792,-24.31654213],[-50.01477549,-24.317504004999901],[-50.015075823999894,-24.321124376999897],[-50.014656562999896,-24.323748280999897],[-50.014125505,-24.3258226089999],[-50.012704702999898,-24.329525864999901],[-50.010040111,-24.333979299],[-50.008037369999897,-24.335921232],[-50.003509289999904,-24.341441682],[-49.996388622,-24.347579590999899],[-49.992874155,-24.3514709519999],[-49.990492403999895,-24.353956019999899],[-49.988107962,-24.356549420999897],[-49.987092167999897,-24.358287850999897],[-49.984867973999904,-24.358911931],[-49.982083147999894,-24.356786653],[-49.982351852,-24.355585522999899],[-49.984232813999895,-24.353641068999899],[-49.984636683,-24.351785225999901],[-49.983674564999902,-24.350674193],[-49.982200195999901,-24.3506517329999],[-49.980708653999898,-24.351616109],[-49.979581824,-24.3526946379999],[-49.978237582,-24.352345179999901],[-49.977406335999895,-24.350797885999899],[-49.977802514999894,-24.349379956999901],[-49.976849161999894,-24.347830131999899],[-49.975023901,-24.346926056],[-49.973055425,-24.347006194999899],[-49.969538928999903,-24.351006523],[-49.969975593999898,-24.353862528],[-49.969810779999897,-24.356052124],[-49.967947164999899,-24.357119826],[-49.965204234999902,-24.352803164999898],[-49.965627422999901,-24.349960541],[-49.966404146999899,-24.347890309],[-49.968053755,-24.345175299999898],[-49.969825445999902,-24.342462859],[-49.970246877999898,-24.339729584999898],[-49.969912469999898,-24.337972304999901],[-49.969346683,-24.335442531999899],[-49.96925414,-24.333907053],[-49.969667551,-24.331502459],[-49.9689648559999,-24.329738467],[-49.966961483,-24.325324769],[-49.9676620709999,-24.320843664999899],[-49.970703293,-24.315958861],[-49.971745208,-24.312906429999899],[-49.971302535999897,-24.310379469999898],[-49.969978399999896,-24.308934130999898],[-49.969655450999895,-24.306628225999901],[-49.968281120999897,-24.301038929],[-49.966583691,-24.299916359999898],[-49.962407624,-24.299852034],[-49.959401152999902,-24.302875112],[-49.9573136879999,-24.309199051999901],[-49.953065964999894,-24.312859165],[-49.950762754,-24.317645345],[-49.94776374,-24.320229771999898],[-49.943282666999899,-24.323229384999898],[-49.942229169,-24.326939066999898],[-49.939742361,-24.328435091],[-49.937320438,-24.326644147],[-49.937366803,-24.324233783],[-49.938904921999899,-24.3209704729999],[-49.939437293,-24.3187870699999],[-49.939247214,-24.3159347389999],[-49.937553216,-24.314593477],[-49.930972750999899,-24.311862231],[-49.928515842,-24.311824369999897],[-49.926979601,-24.315087536999897],[-49.924894681999895,-24.32119217],[-49.920815132,-24.328800398999899],[-49.914037403999899,-24.33614719],[-49.909758687,-24.341341851],[-49.9049972,-24.34609017],[-49.903211161999899,-24.346623984]],[[-49.98061591,-24.395721957],[-49.978825059,-24.393831873],[-49.977739131,-24.391487675999898],[-49.977337452999897,-24.3897746859999],[-49.979209721,-24.387398205],[-49.979320722999894,-24.386158394999899],[-49.978514232999899,-24.382808958999899],[-49.977155973,-24.376581708999897],[-49.977851968,-24.3720149379999],[-49.977794818999897,-24.370461503999898],[-49.976337358999899,-24.369336444999899],[-49.975419917999893,-24.367228754999896],[-49.975806514999896,-24.365294279],[-49.978160278999894,-24.365018935],[-49.980612500999904,-24.364125663],[-49.981379069999896,-24.364991007999901],[-49.981364178,-24.365766667999896],[-49.98099904,-24.366692451999899],[-49.9801111559999,-24.367609419],[-49.97991704,-24.368662255999901],[-49.981143663999894,-24.3727156039999],[-49.9822362849999,-24.374749169],[-49.985037583999897,-24.38286075],[-49.986531978999899,-24.386609146999898],[-49.987911892999897,-24.391828706],[-49.9906882189999,-24.3967582709999],[-49.9915418779999,-24.397625772],[-49.994518381,-24.396661854999898],[-49.996085084999898,-24.3966080719999],[-49.997095503,-24.3984075219999],[-49.997507367999901,-24.399339246999897],[-49.998430348999896,-24.401423526],[-49.997902967999899,-24.401648741],[-49.9964380589999,-24.400927923],[-49.995655281,-24.400916573],[-49.993736112,-24.401196985],[-49.992509355,-24.401644189999896],[-49.990067122999896,-24.401995011999901],[-49.988231743,-24.402355745999898],[-49.986131648999901,-24.403021679999899],[-49.984669149999895,-24.402146002999899],[-49.982800375999901,-24.399789456999898],[-49.98061591,-24.395721957]]]]}},
{"type":"Feature","properties":{"fid":156,"id1":975892,"cd_fcim":"SG22","leg_carga":"Iu.S","cd_fito":"S","cd_leg_2":"Iu","clas_domi":"Iu","leg_uveg":null,"nm_uveg":null,"leg_uantr":"Iu","nm_uantr":"Influência urbana","leg_contat":null,"nm_contat":null,"veg_pretet":"S","nm_pretet":"Savana","leg_sec1":null,"nm_sec1":null,"leg_sec2":null,"nm_sec2":null,"leg_sup":"Área Antrópica Dominante","legenda_1":"Savana","legenda_2":"Influência urbana","legenda":"3Iu - Influência urbana","ar_poli_km":10.0499,"leg1_id":8.0,"leg2_id":48.0},"geometry":{"type":"MultiPolygon","coordinates":[[[[-49.687891308999902,-24.242495758],[-49.686150964,-24.242467115999897],[-49.683537168,-24.248639112],[-49.687215847999894,-24.251141439],[-49.694911669999897,-24.251932757],[-49.695427368,-24.251052661],[-49.696462389,-24.249072248999898],[-49.6989943499999,-24.246893933],[-49.701751149999893,-24.245829306999902],[-49.703972050999901,-24.246753118],[-49.704690399999897,-24.2480968859999],[-49.702420451999899,-24.249613624999899],[-49.699933887,-24.24957347],[-49.698640567,-24.251993486999901],[-49.698613711999897,-24.253324799],[-49.6993413329999,-24.2542245409999],[-49.701541803999902,-24.256035611],[-49.701354200999894,-24.257695979999898],[-49.700358042999895,-24.2577354209999],[-49.697093374999895,-24.2562385949999],[-49.696263367,-24.257279874999899],[-49.6963063869999,-24.2582244399999],[-49.696719704,-24.259285371],[-49.698201890999897,-24.259809084],[-49.699195248,-24.259880661999897],[-49.705120699,-24.258977839999897],[-49.710480054,-24.258455501],[-49.712618204999899,-24.2603202449999],[-49.714828046,-24.261688993999901],[-49.718104948999894,-24.262629645999901],[-49.721255029999902,-24.2636795139999],[-49.723883084,-24.265941709999897],[-49.724099830999897,-24.267498676999899],[-49.7238458899999,-24.270769435],[-49.72223991,-24.277900804999899],[-49.721428143,-24.281106392],[-49.722659515,-24.281682893],[-49.732086759,-24.282945894],[-49.736314266999898,-24.283014154999897],[-49.738019029,-24.2848172009999],[-49.739733011999903,-24.286177031],[-49.740971874,-24.286418559],[-49.742209761999895,-24.286660066],[-49.743481785,-24.285349879999899],[-49.739601686999897,-24.2804035089999],[-49.737928208999897,-24.277047002],[-49.737014828,-24.273036786],[-49.733410772999896,-24.266763625999896],[-49.731028158999898,-24.261619390999901],[-49.729572661999896,-24.259820009999899],[-49.729110477999896,-24.2580365859999],[-49.727890212,-24.256907789999897],[-49.725901682,-24.256875846],[-49.723424298999895,-24.256390897],[-49.720213610999899,-24.2552291659999],[-49.716520664,-24.25339422],[-49.715570711999902,-24.251158748],[-49.716620435,-24.248512185],[-49.717899695999897,-24.246758212],[-49.717927443999898,-24.245426035],[-49.717764265,-24.241206673],[-49.717787373999904,-24.24009746],[-49.717561436,-24.238984698],[-49.71608767,-24.238072587],[-49.712850459,-24.238242093999901],[-49.712538605999896,-24.241344171],[-49.712258161,-24.242892987999898],[-49.710002195999898,-24.243743671999898],[-49.707570279,-24.241041073999899],[-49.707634124,-24.2379354609999],[-49.711901570999899,-24.236006755999899],[-49.711920072999902,-24.235119585999897],[-49.709939998,-24.2346434839999],[-49.707416521999896,-24.236378644999899],[-49.705423531999898,-24.236567679],[-49.703200044,-24.235865052999902],[-49.699221357999896,-24.235800803],[-49.696003714,-24.235082061],[-49.693972588999898,-24.237047168999901],[-49.693917873,-24.2397087209999],[-49.6948666219999,-24.241944148999899],[-49.694338011999896,-24.243488487],[-49.687891308999902,-24.242495758]]]]}},
{"type":"Feature","properties":{"fid":160,"id1":980539,"cd_fcim":"SG22","leg_carga":"Rp+Sgf","cd_fito":"S","cd_leg_2":"R","clas_domi":"Rp","leg_uveg":null,"nm_uveg":null,"leg_uantr":"Rp","nm_uantr":"Florestamento/Reflorestamento com Pinus","leg_contat":null,"nm_contat":null,"veg_pretet":"S","nm_pretet":"Savana","leg_sec1":"Sgf","nm_sec1":"Savana Gramíneo-Lenhosa com floresta-de-galeria","leg_sec2":null,"nm_sec2":null,"leg_sup":"Área Antrópica Dominante","legenda_1":"Savana","legenda_2":"Florestamento/Reflorestamento","legenda":"3Rp - Florestamento/Reflorestamento com Pinus","ar_poli_km":28.3474,"leg1_id":8.0,"leg2_id":50.0},"geometry":{"type":"MultiPolygon","coordinates":[[[[-49.976249847999895,-24.449533162999899],[-49.982092928,-24.4524726769999],[-50.009070207,-24.430081771999898],[-50.013060759,-24.427072488],[-50.013009272,-24.423344625],[-50.007279973,-24.420847486],[-50.003104611,-24.420674431999899],[-50.000689095,-24.418445353],[-50.001353943999895,-24.415824679],[-50.000168607,-24.413505455999896],[-49.994691970999895,-24.410681827],[-49.991109740999896,-24.411614033],[-49.988963331,-24.414650218],[-49.98972287,-24.419923072999897],[-49.988432765,-24.423082823999898],[-49.984844315,-24.424342823],[-49.983118169,-24.424645815],[-49.981772572999901,-24.424296260999899],[-49.979323308999902,-24.423820799999898],[-49.975637810999899,-24.423765045],[-49.972826172999895,-24.422954950999898],[-49.971609816999901,-24.422277364],[-49.968915276999894,-24.421798531],[-49.967101654,-24.4202366879999],[-49.964863478,-24.415159756],[-49.965323429,-24.410453439],[-49.964629287,-24.408250924999898],[-49.965975155999899,-24.402134021999899],[-49.965718129,-24.3963208609999],[-49.9634202229999,-24.394422043],[-49.958391430999896,-24.393907216999899],[-49.956641882,-24.395414612],[-49.955376080999898,-24.397367503999899],[-49.953860327999898,-24.399427239],[-49.951749347,-24.400600985],[-49.947527213999898,-24.3964802409999],[-49.946412359999897,-24.390545408],[-49.950521813999892,-24.381401793999899],[-49.948175283999902,-24.375667441],[-49.945252598,-24.374306599],[-49.937847886,-24.375946794999898],[-49.932909427999896,-24.377184934999899],[-49.928452627999903,-24.3788703029999],[-49.9273669029999,-24.384114834999899],[-49.92535093,-24.386713963],[-49.918911168,-24.389244806],[-49.912971649,-24.391344287],[-49.905989040999899,-24.396496827999901],[-49.90983499,-24.4009409139999],[-49.9151979109999,-24.4032161649999],[-49.917138642999895,-24.404561365999896],[-49.923569996,-24.402468369],[-49.932932945999902,-24.4012975099999],[-49.940210571999899,-24.4062331229999],[-49.943048771999898,-24.411975776999899],[-49.941540900999897,-24.413705964],[-49.93412626,-24.415784302],[-49.929617965,-24.4200997209999],[-49.931533483999893,-24.422759823],[-49.934964857999901,-24.423250793],[-49.943905168999898,-24.418565241999897],[-49.952259158999901,-24.418693473],[-49.960013696,-24.424512503],[-49.963768745,-24.433776377999898],[-49.970404931999894,-24.446594452999896],[-49.976249847999895,-24.449533162999899]]]]}},
{"type":"Feature","properties":{"fid":161,"id1":980416,"cd_fcim":"SG22","leg_carga":"Rp+Sgf","cd_fito":"S","cd_leg_2":"R","clas_domi":"Rp","leg_uveg":null,"nm_uveg":null,"leg_uantr":"Rp","nm_uantr":"Florestamento/Reflorestamento com Pinus","leg_contat":null,"nm_contat":null,"veg_pretet":"S","nm_pretet":"Savana","leg_sec1":"Sgf","nm_sec1":"Savana Gramíneo-Lenhosa com floresta-de-galeria","leg_sec2":null,"nm_sec2":null,"leg_sup":"Área Antrópica Dominante","legenda_1":"Savana","legenda_2":"Florestamento/Reflorestamento","legenda":"3Rp - Florestamento/Reflorestamento com Pinus","ar_poli_km":92.799,"leg1_id":8.0,"leg2_id":50.0},"geometry":{"type":"MultiPolygon","coordinates":[[[[-49.507933426,-24.2282794119999],[-49.503589093999899,-24.233845694],[-49.501021186999893,-24.237791174999899],[-49.501900182,-24.24312366],[-49.506714753,-24.250297447],[-49.511041087999899,-24.257018925999898],[-49.515463422,-24.2593097389999],[-49.519502556,-24.256276010999901],[-49.52257801,-24.251896185],[-49.527544276999897,-24.251980223],[-49.532854911999898,-24.259161209999899],[-49.534250834,-24.26361782],[-49.538494223,-24.274326146],[-49.553524401999894,-24.291866096],[-49.561893852,-24.295552339],[-49.573308249,-24.296186985999899],[-49.580272667,-24.295860789999896],[-49.586326809999896,-24.291529859],[-49.590852378,-24.288946218],[-49.593457187999903,-24.28322817],[-49.594590263,-24.276598321999899],[-49.598665518999894,-24.271790551],[-49.602068206999895,-24.275393429999898],[-49.605480416,-24.27855312],[-49.607365469999891,-24.283459297],[-49.604751518999898,-24.2896216],[-49.600702463999902,-24.293099165999898],[-49.598651541,-24.2961672079999],[-49.596984491999898,-24.304561448999898],[-49.598822363999901,-24.311685360999899],[-49.5996574119999,-24.319234525],[-49.59898479,-24.327645013999902],[-49.599735940999892,-24.339183459],[-49.592761917,-24.339953480999899],[-49.589883152,-24.335029722999899],[-49.592488459,-24.329309753],[-49.5935754939999,-24.324895129],[-49.592197115,-24.319552108],[-49.584443772,-24.310114002],[-49.580507710999896,-24.308276147],[-49.578428008999893,-24.312674002999898],[-49.578821069,-24.317556302],[-49.579242561999898,-24.321108873],[-49.578156276999898,-24.325523394],[-49.571182539999903,-24.326293783],[-49.566214842,-24.326210444],[-49.5632807389999,-24.323944538],[-49.557038067999898,-24.313643801999898],[-49.551020992,-24.316202362],[-49.539629642,-24.318111975999898],[-49.540102099,-24.319226152999899],[-49.538324266999894,-24.321186439],[-49.533619341999895,-24.320886125999898],[-49.53041659,-24.319946173999899],[-49.52497685,-24.319190464],[-49.519286174999898,-24.3186521609999],[-49.518756464,-24.320191184999899],[-49.520954285,-24.3217763859999],[-49.526893146999903,-24.322320180999899],[-49.528615798,-24.323012332999898],[-49.530078817999893,-24.324143118999899],[-49.528553781,-24.325886806],[-49.526561080999898,-24.326295079],[-49.525288916999898,-24.327822185999899],[-49.526004707,-24.329161310999901],[-49.526735738999896,-24.329726717],[-49.527467751,-24.330292137],[-49.530203929,-24.329896742],[-49.532435264999897,-24.329934507],[-49.533664506,-24.330397134999899],[-49.535120010999897,-24.331970337],[-49.5362835439999,-24.335528746],[-49.536251164,-24.337077115999897],[-49.5372227719999,-24.337977533999897],[-49.5401690939999,-24.3393543779999],[-49.541900422999902,-24.3396050019999],[-49.544407565,-24.338320084],[-49.547401473,-24.337485812],[-49.5508611919999,-24.337986918999896],[-49.551820550999899,-24.339550909],[-49.554449539999901,-24.344240141999901],[-49.5568532,-24.347820639],[-49.559589532999894,-24.3474240379999],[-49.560861574999898,-24.345897581],[-49.561156195,-24.3436901339999],[-49.561714166999892,-24.340823702999899],[-49.565506445,-24.337348582999898],[-49.569715384999895,-24.337641092999899],[-49.572986004999898,-24.347206648999901],[-49.575343630999896,-24.3529973089999],[-49.580886856999896,-24.360610721999898],[-49.584989525,-24.365988346999899],[-49.587909075999896,-24.368691307999899],[-49.589387733999892,-24.369159259999901],[-49.593546664,-24.371227448999896],[-49.600500299,-24.367835195999898],[-49.605025419,-24.363086850999899],[-49.608024626,-24.36072483],[-49.607726412,-24.3551647359999],[-49.612117870999896,-24.335289045],[-49.619951574,-24.305276142],[-49.619992887,-24.303282889999899],[-49.6145340859999,-24.302970130999899],[-49.612550896,-24.30271628],[-49.610109165,-24.3006803769999],[-49.612443011,-24.296065000999899],[-49.618813297,-24.2884142199999],[-49.621922110999897,-24.282260865999898],[-49.623642331,-24.274717337],[-49.623599252,-24.27088242],[-49.622903782,-24.268953337],[-49.622206370999898,-24.267024238],[-49.621395267,-24.264710259],[-49.620203844999899,-24.262936924],[-49.619483229999894,-24.262158126],[-49.617967405999899,-24.258297349],[-49.618510789999902,-24.255786563],[-49.623482873999897,-24.25291075],[-49.625726482999902,-24.251304993999899],[-49.628470628999899,-24.249268693],[-49.630022439999898,-24.245570239999896],[-49.629953728,-24.2426182939999],[-49.6265708809999,-24.239932144],[-49.625101812,-24.239689558999899],[-49.622624329999894,-24.240742968999896],[-49.618950824999899,-24.2402442919999],[-49.615775948,-24.239315040999898],[-49.615062907,-24.238206918999897],[-49.613866965999897,-24.236653939999901],[-49.612926485999893,-24.2346659839999],[-49.610762135999899,-24.232438976],[-49.610071478999899,-24.230236252999898],[-49.610854473999893,-24.228057825999901],[-49.615620119,-24.223317261],[-49.616683500999898,-24.219390039999901],[-49.615761690999896,-24.216526952],[-49.614570527999902,-24.214753922999897],[-49.6119301109999,-24.211862125],[-49.610271133,-24.208986506],[-49.609334472999898,-24.206779473],[-49.609375498999903,-24.2048079039999],[-49.612191095,-24.199376766999897],[-49.616205967,-24.195281898],[-49.61603817,-24.191553712],[-49.614588031,-24.190435027],[-49.612874207999901,-24.190186119],[-49.610646860999893,-24.191026289],[-49.608354182999896,-24.194931441999902],[-49.6072954629999,-24.198638097999901],[-49.604525494,-24.201879276999897],[-49.602506737999896,-24.204474391999899],[-49.601937119999903,-24.20818924],[-49.600622810999894,-24.212330993999899],[-49.598617958,-24.214269283999897],[-49.595384599999896,-24.216187734],[-49.591946275999902,-24.216129989],[-49.584558907,-24.217101757],[-49.577429685,-24.217420945],[-49.5734645329999,-24.21910724],[-49.571681033999901,-24.222145397],[-49.572385450999896,-24.223690302999898],[-49.576559221,-24.223760018999897],[-49.584892677,-24.224558024],[-49.585801095999898,-24.228078244],[-49.588182193,-24.231624703999898],[-49.587844354,-24.236001395],[-49.584824941,-24.239455829999901],[-49.581559316,-24.2429075699999],[-49.581508699,-24.245317104],[-49.583760577,-24.2549970429999],[-49.574995101999903,-24.262958535999896],[-49.568109772999897,-24.26328117],[-49.560535080999891,-24.261400561999899],[-49.559487836999899,-24.258873600999898],[-49.558517303999892,-24.2505849359999],[-49.556208446999896,-24.242585289],[-49.55135662,-24.2376383279999],[-49.547420142999897,-24.236245616],[-49.541463172999897,-24.236587734999901],[-49.533946531999902,-24.240439975],[-49.530439476999902,-24.242149968],[-49.524034945,-24.240272343999898],[-49.520099550999895,-24.238879272],[-49.514265830999896,-24.233472944],[-49.509367106999896,-24.230736498999899],[-49.507933426,-24.2282794119999]]]]}},
{"type":"Feature","properties":{"fid":162,"id1":980415,"cd_fcim":"SG22","leg_carga":"Rp+Sgf","cd_fito":"S","cd_leg_2":"R","clas_domi":"Rp","leg_uveg":null,"nm_uveg":null,"leg_uantr":"Rp","nm_uantr":"Florestamento/Reflorestamento com Pinus","leg_contat":null,"nm_contat":null,"veg_pretet":"S","nm_pretet":"Savana","leg_sec1":"Sgf","nm_sec1":"Savana Gramíneo-Lenhosa com floresta-de-galeria","leg_sec2":null,"nm_sec2":null,"leg_sup":"Área Antrópica Dominante","legenda_1":"Savana","legenda_2":"Florestamento/Reflorestamento","legenda":"3Rp - Florestamento/Reflorestamento com Pinus","ar_poli_km":54.5216,"leg1_id":8.0,"leg2_id":50.0},"geometry":{"type":"MultiPolygon","coordinates":[[[[-49.671791109,-24.227087588999897],[-49.670886562999897,-24.229263497],[-49.669354858,-24.232086614],[-49.66798211,-24.233160848999898],[-49.666726836999899,-24.234454311],[-49.666085837,-24.235757554],[-49.6664023659999,-24.238282459999898],[-49.668258437999896,-24.243572085],[-49.670439431,-24.250948218],[-49.670835726999897,-24.255556177],[-49.670574343999895,-24.2622347289999],[-49.669521695,-24.265614024999898],[-49.667878741,-24.2678870139999],[-49.663922508,-24.269027864999899],[-49.662709612,-24.268350370999897],[-49.661856529,-24.268008515],[-49.657774548999896,-24.2693650329999],[-49.656013013999896,-24.271417800999899],[-49.656354453999903,-24.2727381549999],[-49.656201799,-24.274159695],[-49.658314082999894,-24.275216192],[-49.662738002999895,-24.277505905999899],[-49.663630745,-24.282395536999896],[-49.661451987,-24.2916671629999],[-49.661314003999898,-24.298312918999898],[-49.661718874,-24.3027534289999],[-49.666704817,-24.3019477839999],[-49.667844439,-24.294874843999899],[-49.670815412,-24.295366527999899],[-49.67174561,-24.298484428999899],[-49.673586473999897,-24.30560682],[-49.673467402,-24.3113673299999],[-49.667874201999901,-24.317481507],[-49.661848808999899,-24.320484690999901],[-49.660239622999896,-24.326222174999899],[-49.658611734,-24.3328436379999],[-49.657544431999895,-24.336372938999897],[-49.642630347999898,-24.336570239],[-49.638316073999896,-24.328962895],[-49.635399075999899,-24.325811997999899],[-49.631424911999893,-24.325746001],[-49.624321778,-24.33272097],[-49.627689044999897,-24.3380967199999],[-49.633089606999896,-24.3412885289999],[-49.634506459,-24.344858545],[-49.632767901,-24.353023134],[-49.633212853,-24.355223269],[-49.635633926999901,-24.357016878],[-49.640066314999899,-24.356652378],[-49.647065337999898,-24.351067179],[-49.651588342999894,-24.346318426],[-49.656548036999901,-24.344207562999898],[-49.663437348999892,-24.343882827],[-49.670335900999895,-24.34311826],[-49.673321406999897,-24.341413921],[-49.678772272999893,-24.3393098129999],[-49.682499642,-24.337001465999897],[-49.687734672,-24.333756867],[-49.693704239999896,-24.330347025],[-49.698717450999894,-24.3256049939999],[-49.701773094,-24.320394270999902],[-49.700317304999899,-24.319492984999901],[-49.698878905999898,-24.317716060999896],[-49.695242697999902,-24.315713705999897],[-49.693319651,-24.3125787009999],[-49.68949028,-24.305424064],[-49.689599711,-24.300106918],[-49.691263749,-24.291712307999902],[-49.693893220999897,-24.284664581],[-49.693486854999897,-24.28022441],[-49.689640364999896,-24.273957073],[-49.689713624,-24.270413339999898],[-49.688775017999902,-24.267738119999898],[-49.689832333,-24.264652823999899],[-49.692821543,-24.264258782999899],[-49.697209506,-24.268318823999898],[-49.699565559999897,-24.274562761],[-49.704938892,-24.279082117],[-49.709380826,-24.280483838999899],[-49.723079823,-24.2909008899999],[-49.729510111,-24.300192017],[-49.730215335,-24.306529516999898],[-49.731010054,-24.316294528999901],[-49.738797468,-24.324399234999898],[-49.745769681999896,-24.323624944],[-49.749363983999892,-24.317920661],[-49.752018724,-24.309541006],[-49.751141613999899,-24.303764612999899],[-49.749749944,-24.298866888],[-49.740971874,-24.286418559],[-49.739733011999903,-24.286177031],[-49.738019029,-24.2848172009999],[-49.736314266999898,-24.283014154999897],[-49.732086759,-24.282945894],[-49.722659515,-24.281682893],[-49.721428143,-24.281106392],[-49.72223991,-24.277900804999899],[-49.7238458899999,-24.270769435],[-49.724099830999897,-24.267498676999899],[-49.723883084,-24.265941709999897],[-49.721255029999902,-24.2636795139999],[-49.718104948999894,-24.262629645999901],[-49.714828046,-24.261688993999901],[-49.712618204999899,-24.2603202449999],[-49.710480054,-24.258455501],[-49.705120699,-24.258977839999897],[-49.699195248,-24.259880661999897],[-49.698201890999897,-24.259809084],[-49.696719704,-24.259285371],[-49.6963063869999,-24.2582244399999],[-49.696263367,-24.257279874999899],[-49.697093374999895,-24.2562385949999],[-49.700358042999895,-24.2577354209999],[-49.701354200999894,-24.257695979999898],[-49.701541803999902,-24.256035611],[-49.6993413329999,-24.2542245409999],[-49.698613711999897,-24.253324799],[-49.698640567,-24.251993486999901],[-49.699933887,-24.24957347],[-49.702420451999899,-24.249613624999899],[-49.704690399999897,-24.2480968859999],[-49.703972050999901,-24.246753118],[-49.701751149999893,-24.245829306999902],[-49.6989943499999,-24.246893933],[-49.696462389,-24.249072248999898],[-49.695427368,-24.251052661],[-49.694911669999897,-24.251932757],[-49.687215847999894,-24.251141439],[-49.683537168,-24.248639112],[-49.686150964,-24.242467115999897],[-49.687891308999902,-24.242495758],[-49.685784714999897,-24.2392160439999],[-49.688809811999896,-24.237048623],[-49.688359123999895,-24.234825831999895],[-49.685975833,-24.229912119999899],[-49.68356671,-24.226327848],[-49.678637105999897,-24.224473936],[-49.671791109,-24.227087588999897]]]]}},
{"type":"Feature","properties":{"fid":163,"id1":980431,"cd_fcim":"SG22","leg_carga":"Rp+Sgf","cd_fito":"S","cd_leg_2":"R","clas_domi":"Rp","leg_uveg":null,"nm_uveg":null,"leg_uantr":"Rp","nm_uantr":"Florestamento/Reflorestamento com Pinus","leg_contat":null,"nm_contat":null,"veg_pretet":"S","nm_pretet":"Savana","leg_sec1":"Sgf","nm_sec1":"Savana Gramíneo-Lenhosa com floresta-de-galeria","leg_sec2":null,"nm_sec2":null,"leg_sup":"Área Antrópica Dominante","legenda_1":"Savana","legenda_2":"Florestamento/Reflorestamento","legenda":"3Rp - Florestamento/Reflorestamento com Pinus","ar_poli_km":274.8356,"leg1_id":8.0,"leg2_id":50.0},"geometry":{"type":"MultiPolygon","coordinates":[[[[-49.914219884,-24.2548845499999],[-49.913410430999896,-24.258596473999898],[-49.914349865999895,-24.260802086999899],[-49.914078257,-24.262111912],[-49.911580607999902,-24.264265306],[-49.909771807,-24.268838538999898],[-49.908174737,-24.275167997],[-49.907016878,-24.284134491],[-49.905220121999903,-24.28805184],[-49.905655977,-24.290907242999896],[-49.908271505999899,-24.2953300349999],[-49.909961784999894,-24.296890719],[-49.915812947999896,-24.299172631],[-49.917460203,-24.3029231639999],[-49.915163301999897,-24.307270152999898],[-49.913376318999902,-24.310749201],[-49.906535505,-24.321382174999901],[-49.896103458,-24.327137016999899],[-49.886178895999898,-24.319531534],[-49.881145551999893,-24.313097458],[-49.882747967999897,-24.306546952999899],[-49.882200804,-24.296897252999898],[-49.869487020999898,-24.28135829],[-49.864018601999895,-24.2845602629999],[-49.860752642999898,-24.288234077],[-49.857754064999902,-24.290816413999899],[-49.852575124999895,-24.291830995999899],[-49.849558575999893,-24.295288836999898],[-49.847265052999902,-24.299417650999899],[-49.845735821999895,-24.302242444999898],[-49.846372543999898,-24.3072922869999],[-49.848940053,-24.314126108],[-49.849331637,-24.319173695],[-49.848542424,-24.321790434],[-49.8485121309999,-24.323324188999898],[-49.84945572,-24.32531119],[-49.85136428,-24.328190176],[-49.852991942999893,-24.332818969],[-49.852217091999897,-24.334778651],[-49.850694680999894,-24.337165981999899],[-49.849186629,-24.338895201999897],[-49.845980384,-24.339502808],[-49.8420678029999,-24.338564506],[-49.838899878999896,-24.337199417],[-49.833009197,-24.336887347],[-49.830733005999896,-24.340138265999901],[-49.8284746839999,-24.342513496],[-49.824293477,-24.342666619999896],[-49.820429339,-24.339318460999898],[-49.819793056,-24.3342670279999],[-49.816212814,-24.3289506949999],[-49.814501381999897,-24.3284852419999],[-49.810352864,-24.327104407],[-49.808461794,-24.3233486019999],[-49.807835755,-24.3178596559999],[-49.806926576,-24.314119504],[-49.805966316,-24.3130089859999],[-49.804023336999904,-24.311881097],[-49.802063297999894,-24.311631545999898],[-49.795190498999901,-24.311302293],[-49.792794837999899,-24.308196882999898],[-49.792379226,-24.3044646499999],[-49.793199579999893,-24.300313702],[-49.791068277,-24.296335396999901],[-49.788889321999896,-24.294766272999897],[-49.785705106,-24.294277319999896],[-49.782938324,-24.297519545999897],[-49.78309954,-24.3016869419999],[-49.783519541,-24.305199797999897],[-49.782222201,-24.308684936999899],[-49.78071642,-24.31019515],[-49.780221495,-24.310406702],[-49.775300654,-24.310766319],[-49.7742735899999,-24.312941508999899],[-49.777141371,-24.316931461],[-49.785373877,-24.322980763],[-49.787750517999896,-24.326963868999901],[-49.789868473999896,-24.331599875999899],[-49.792054215999897,-24.332949872],[-49.798177438,-24.3339233999999],[-49.801326102,-24.336165482999899],[-49.802251349999899,-24.3390293369999],[-49.802694190999894,-24.341447584],[-49.802176684999893,-24.3427551989999],[-49.798233637999893,-24.343349272],[-49.791692800999897,-24.350916536999897],[-49.787687322999901,-24.3545783399999],[-49.784257145,-24.354084907],[-49.78033551,-24.353584527999899],[-49.77542292,-24.353505426],[-49.772399105,-24.3571836089999],[-49.770367233999899,-24.360437779999899],[-49.766383007999899,-24.363004241999899],[-49.766496179999898,-24.365603896],[-49.767456464,-24.366714765],[-49.767653782999894,-24.369128956999901],[-49.764125548,-24.373456768],[-49.761057884,-24.379326540999898],[-49.758039107999899,-24.382784635999897],[-49.757740286999898,-24.385410548],[-49.758953973999901,-24.386087965999899],[-49.761688609,-24.384597492],[-49.764708348999896,-24.381138437999901],[-49.7701265789999,-24.380567318],[-49.776470867999898,-24.382861445999897],[-49.782613286999897,-24.382959632999899],[-49.784141103,-24.380353715999899],[-49.787084641,-24.380619979],[-49.789029050999901,-24.381747382999897],[-49.787676204,-24.387862964],[-49.788088335999895,-24.391815852],[-49.791537084,-24.391432525],[-49.7947405399999,-24.391045725],[-49.797658139999896,-24.392625723],[-49.799554057,-24.396164093],[-49.799725619,-24.399893317],[-49.799448775,-24.401423178999899],[-49.801106569999895,-24.404518417999899],[-49.80379706,-24.405219996],[-49.8065046359999,-24.405042882],[-49.809676727999893,-24.4061901329999],[-49.811355968,-24.409602628999899],[-49.813558514999897,-24.410075999],[-49.813980092999898,-24.413589396],[-49.817315165,-24.418904079],[-49.820729279,-24.420273246],[-49.822712597999896,-24.419427357],[-49.827680270999899,-24.416875977999897],[-49.834603241999893,-24.414792516],[-49.838319907999896,-24.413316623999897],[-49.837804682999895,-24.410199079999899],[-49.840795106,-24.408163906],[-49.843635529,-24.407440909999899],[-49.845854244999899,-24.407147376999898],[-49.847494796,-24.404980544999898],[-49.84841362,-24.402035961999896],[-49.851267350999898,-24.400655522999902],[-49.853251397999898,-24.399809510999898],[-49.8550308599999,-24.396768474999899],[-49.857550016999895,-24.393739492999899],[-49.857424963,-24.390722323],[-49.85701972,-24.386331601999899],[-49.853873461,-24.383870233],[-49.848454354999895,-24.38444377],[-49.84600224,-24.384184907],[-49.842842666,-24.382382603999901],[-49.842761510999892,-24.374050521],[-49.8457835359999,-24.370372285],[-49.846586343999896,-24.367096847],[-49.850086329,-24.364082758999899],[-49.855246353,-24.364164057],[-49.856219414999899,-24.364617326],[-49.862073568,-24.3669018209999],[-49.868292833999895,-24.363053518],[-49.870310186,-24.360454116],[-49.871574713,-24.358611112999899],[-49.872840213999893,-24.356767219999899],[-49.88079199,-24.352289729999899],[-49.893132107,-24.349631412999898],[-49.903211161999899,-24.346623984],[-49.9049972,-24.34609017],[-49.909758687,-24.341341851],[-49.914037403999899,-24.33614719],[-49.920815132,-24.328800398999899],[-49.924894681999895,-24.32119217],[-49.926979601,-24.315087536999897],[-49.928515842,-24.311824369999897],[-49.930972750999899,-24.311862231],[-49.937553216,-24.314593477],[-49.939247214,-24.3159347389999],[-49.939437293,-24.3187870699999],[-49.938904921999899,-24.3209704729999],[-49.937366803,-24.324233783],[-49.937320438,-24.326644147],[-49.939742361,-24.328435091],[-49.942229169,-24.326939066999898],[-49.943282666999899,-24.323229384999898],[-49.94776374,-24.320229771999898],[-49.950762754,-24.317645345],[-49.953065964999894,-24.312859165],[-49.9573136879999,-24.309199051999901],[-49.959401152999902,-24.302875112],[-49.962407624,-24.299852034],[-49.966583691,-24.299916359999898],[-49.968281120999897,-24.301038929],[-49.969655450999895,-24.306628225999901],[-49.969978399999896,-24.308934130999898],[-49.971302535999897,-24.310379469999898],[-49.971745208,-24.312906429999899],[-49.970703293,-24.315958861],[-49.9676620709999,-24.320843664999899],[-49.966961483,-24.325324769],[-49.9689648559999,-24.329738467],[-49.969667551,-24.331502459],[-49.96925414,-24.333907053],[-49.969346683,-24.335442531999899],[-49.969912469999898,-24.337972304999901],[-49.970246877999898,-24.339729584999898],[-49.969825445999902,-24.342462859],[-49.968053755,-24.345175299999898],[-49.966404146999899,-24.347890309],[-49.965627422999901,-24.349960541],[-49.965204234999902,-24.352803164999898],[-49.967947164999899,-24.357119826],[-49.969810779999897,-24.356052124],[-49.969975593999898,-24.353862528],[-49.969538928999903,-24.351006523],[-49.973055425,-24.347006194999899],[-49.975023901,-24.346926056],[-49.976849161999894,-24.347830131999899],[-49.977802514999894,-24.349379956999901],[-49.977406335999895,-24.350797885999899],[-49.978237582,-24.352345179999901],[-49.979581824,-24.3526946379999],[-49.980708653999898,-24.351616109],[-49.982200195999901,-24.3506517329999],[-49.983674564999902,-24.350674193],[-49.984636683,-24.351785225999901],[-49.984232813999895,-24.353641068999899],[-49.982351852,-24.355585522999899],[-49.982083147999894,-24.356786653],[-49.984867973999904,-24.358911931],[-49.987092167999897,-24.358287850999897],[-49.988107962,-24.356549420999897],[-49.990492403999895,-24.353956019999899],[-49.992874155,-24.3514709519999],[-49.996388622,-24.347579590999899],[-50.003509289999904,-24.341441682],[-50.008037369999897,-24.335921232],[-50.010040111,-24.333979299],[-50.012704702999898,-24.329525864999901],[-50.014125505,-24.3258226089999],[-50.014656562999896,-24.323748280999897],[-50.015075823999894,-24.321124376999897],[-50.01477549,-24.317504004999901],[-50.016389792,-24.31654213],[-50.017189586,-24.313377075999899],[-50.020424389,-24.311233993],[-50.0218286859999,-24.308406580999897],[-50.021359612,-24.3071940469999],[-50.01941405,-24.306178626],[-50.016985775,-24.304717969],[-50.01567606,-24.302506492999896],[-50.015586608,-24.300751862],[-50.016383445,-24.297586054],[-50.015586745999897,-24.294287163],[-50.012860014999895,-24.289096432999898],[-50.012283580999899,-24.2871151169999],[-50.013323915999898,-24.2840628709999],[-50.015410216999896,-24.280972651],[-50.020591669999895,-24.279735047],[-50.021132887,-24.277114110999896],[-50.020682815,-24.2749170119999],[-50.019476642,-24.273802277],[-50.016771565999896,-24.273980322999897],[-50.013870314999899,-24.271525864999902],[-50.013682794,-24.268455677],[-50.016030029,-24.261261045],[-50.020516873999902,-24.257822425],[-50.022972309999894,-24.257859512],[-50.023742316,-24.256118388999898],[-50.026068563,-24.250018747],[-50.028148604,-24.243914155],[-50.035230885,-24.233066430999898],[-50.041193037,-24.229430748],[-50.049382204,-24.2249533079999],[-50.051362331999897,-24.224105627],[-50.056085583999895,-24.221108769],[-50.056608196999896,-24.219363653],[-50.055901898999899,-24.217819923],[-50.054195051,-24.217137663999896],[-50.053463334999904,-24.215274161],[-50.051615618,-24.215574773],[-50.049185387999891,-24.2142231559999],[-50.045757527,-24.2137339],[-50.042582417999895,-24.212810181999899],[-50.039889912,-24.212332374],[-50.038437853999895,-24.211214737],[-50.037248137999896,-24.209225058999898],[-50.036810003,-24.206370734],[-50.035388148,-24.203720044999901],[-50.034193184999893,-24.201950576999899],[-50.033763721999904,-24.198657796999896],[-50.036084924999898,-24.1927777729999],[-50.035448157999895,-24.1875103839999],[-50.035269067999899,-24.184002695999901],[-50.03311446,-24.181122327],[-50.029914886999897,-24.181513187999897],[-50.027615223999895,-24.1862975509999],[-50.025376303,-24.1877976379999],[-50.023657757,-24.187772152],[-50.021211642,-24.187295660999897],[-50.019273928999901,-24.185953199],[-50.018074845999898,-24.184402129],[-50.017875364999895,-24.181988911999902],[-50.018923852999897,-24.178500296],[-50.017500378,-24.175849779],[-50.012596359,-24.175556285],[-50.008659651,-24.1759352999999],[-50.007302592999899,-24.176352220999899],[-50.005943563999892,-24.176770018999896],[-50.003447504999897,-24.178922562],[-50.001654876,-24.1828389299999],[-49.998663236999903,-24.185203283999897],[-49.994880828,-24.1904026949999],[-49.990916382,-24.19231452],[-49.987695851999895,-24.193799434],[-49.985215904,-24.1950758199999],[-49.982507281,-24.195471854999898],[-49.980801748,-24.194789251],[-49.978858865999896,-24.193664826],[-49.975015787999901,-24.189224285999899],[-49.975058395,-24.187034458],[-49.975581480999899,-24.185289711999896],[-49.975598900999898,-24.184414525],[-49.97486703,-24.184184494],[-49.9704060709999,-24.186305928],[-49.966233762999899,-24.186242618999898],[-49.9635722619999,-24.184230322999898],[-49.960981186,-24.178495306999899],[-49.958327580999899,-24.176044523],[-49.956905712,-24.173393755999896],[-49.955970611999902,-24.170969777],[-49.954062048,-24.168093195],[-49.950663668999901,-24.166070079999898],[-49.949216620999898,-24.164733886],[-49.947308291999903,-24.169512613999899],[-49.943109965999902,-24.1707616919999],[-49.942809838,-24.173604893999897],[-49.941549374,-24.175338632],[-49.937337758999902,-24.177244479999899],[-49.935589526999898,-24.178751401999897],[-49.936292549999898,-24.180515366999899],[-49.938974776999892,-24.181432529999899],[-49.940676697999898,-24.182334597],[-49.943118258,-24.183029164999898],[-49.944325637999896,-24.184143843999898],[-49.945509166,-24.186352937],[-49.944738857999901,-24.188092481999899],[-49.942970616,-24.190694904999901],[-49.942182718999895,-24.193311503999897],[-49.941894734999899,-24.195498066],[-49.940875844999901,-24.197454532999899],[-49.9386319649999,-24.199171481999901],[-49.935635169999898,-24.201754621],[-49.93430181,-24.207210641],[-49.934449769,-24.212252718999899],[-49.933400014999897,-24.215741491],[-49.931354618999897,-24.219873015],[-49.928827723,-24.223558467],[-49.92676557,-24.228566335],[-49.926698108,-24.232070452],[-49.924644659,-24.236639882],[-49.921583193999901,-24.242508197999896],[-49.919025094999895,-24.247727187999896],[-49.915748107999903,-24.252059012999901],[-49.914219884,-24.2548845499999]]]]}},
{"type":"Feature","properties":{"fid":210,"id1":980456,"cd_fcim":"SG22","leg_carga":"Iu.S","cd_fito":"S","cd_leg_2":"Iu","clas_domi":"Iu","leg_uveg":null,"nm_uveg":null,"leg_uantr":"Iu","nm_uantr":"Influência urbana","leg_contat":null,"nm_contat":null,"veg_pretet":"S","nm_pretet":"Savana","leg_sec1":null,"nm_sec1":null,"leg_sec2":null,"nm_sec2":null,"leg_sup":"Área Antrópica Dominante","legenda_1":"Savana","legenda_2":"Influência urbana","legenda":"3Iu - Influência urbana","ar_poli_km":4.8597,"leg1_id":8.0,"leg2_id":48.0},"geometry":{"type":"MultiPolygon","coordinates":[[[[-49.451959565,-24.110939334999898],[-49.451679664,-24.112375264],[-49.451884961999902,-24.114375337999899],[-49.451851051999896,-24.115926916],[-49.451313497999898,-24.117802948999898],[-49.451528494999899,-24.119359227999901],[-49.451092612,-24.122234884],[-49.451446121999901,-24.123128214],[-49.452066950999892,-24.1231394399999],[-49.455076233999897,-24.121860328],[-49.456951331,-24.121338274],[-49.4570946689999,-24.120453384],[-49.456626859,-24.119114357999901],[-49.45528253,-24.118093234999897],[-49.454678154,-24.1173071219999],[-49.455311588999898,-24.116762648999899],[-49.457053943999895,-24.11657158],[-49.459241885,-24.118827304],[-49.460825478999901,-24.120296013],[-49.461785354,-24.121864469999899],[-49.462225147,-24.124534136],[-49.462963203999898,-24.124879193],[-49.464713367999899,-24.1243542889999],[-49.465733196,-24.123152361999896],[-49.466500239999895,-24.122167703999896],[-49.468258104999897,-24.121310821999899],[-49.470446180999893,-24.1235665049999],[-49.471972510999898,-24.121929126999898],[-49.470882805,-24.120579824999901],[-49.47065128,-24.119799363],[-49.470911784999899,-24.119249225],[-49.472063257999899,-24.117717212999899],[-49.474537895,-24.118203053999899],[-49.476255204,-24.119229709999896],[-49.478280238999901,-24.117490667],[-49.478688814999899,-24.115833726999899],[-49.479359759,-24.113517518],[-49.479144616,-24.111960385],[-49.478791989999898,-24.1110680479999],[-49.478184688999896,-24.110391132],[-49.477583147999894,-24.1094950509999],[-49.474607923999898,-24.109220958],[-49.473064305,-24.111634041999899],[-49.472205205999899,-24.1111762089999],[-49.471101061999896,-24.110491784],[-49.471384709999903,-24.108833923999899],[-49.477382484,-24.107273123],[-49.477172169,-24.105495027],[-49.4757607929999,-24.101811134999899],[-49.474411647999894,-24.101012066999896],[-49.472314866,-24.1003108889999],[-49.470581303999893,-24.100059126],[-49.468682233,-24.101689823999902],[-49.467009801,-24.104322843],[-49.466250536999894,-24.104975493],[-49.464122817,-24.105714822],[-49.463976617999897,-24.106709703],[-49.4643349729999,-24.107381968],[-49.464435760999898,-24.108491575999896],[-49.463783027,-24.10992278],[-49.457786086999896,-24.111483339],[-49.456200645,-24.110124716],[-49.458220900999898,-24.108607777],[-49.458028155999898,-24.106052992999899],[-49.457339524999895,-24.103379741],[-49.45467816,-24.100118078],[-49.453099570999896,-24.098427548999897],[-49.451090983,-24.099390545999899],[-49.450904007999902,-24.1022715729999],[-49.452096188,-24.104620398999902],[-49.452181401999894,-24.106395704],[-49.452383786,-24.108506679],[-49.452106786999899,-24.109832557999898],[-49.451959565,-24.110939334999898]]]]}},
{"type":"Feature","properties":{"fid":213,"id1":980493,"cd_fcim":"SG22","leg_carga":"Re+Rp.S","cd_fito":"S","cd_leg_2":"R","clas_domi":"Re","leg_uveg":null,"nm_uveg":null,"leg_uantr":"Re","nm_uantr":"Florestamento/Reflorestamento com Eucaliptos","leg_contat":null,"nm_contat":null,"veg_pretet":"S","nm_pretet":"Savana","leg_sec1":"Rp","nm_sec1":"Florestamento/Reflorestamento com Pinus","leg_sec2":null,"nm_sec2":null,"leg_sup":"Área Antrópica Dominante","legenda_1":"Savana","legenda_2":"Florestamento/Reflorestamento","legenda":"3Re - Florestamento/Reflorestamento com Eucaliptos","ar_poli_km":14.5388,"leg1_id":8.0,"leg2_id":50.0},"geometry":{"type":"MultiPolygon","coordinates":[[[[-49.625672643,-24.154294223],[-49.625476802,-24.151881936999899],[-49.605348046,-24.15176722],[-49.600643298,-24.153659164],[-49.596915927999895,-24.155788315999896],[-49.593956421,-24.156395489],[-49.592947156,-24.157693692999899],[-49.592910695999898,-24.159445678999898],[-49.590901506,-24.161602749999897],[-49.589655551999897,-24.162457993],[-49.587941921,-24.162209878999896],[-49.586529545999902,-24.159339201],[-49.586065603999899,-24.158016624],[-49.584644898999898,-24.15558262],[-49.582194207,-24.155322729],[-49.582017521999902,-24.152034439],[-49.580300248999905,-24.1520055239999],[-49.578822358999894,-24.152199412],[-49.576841274999893,-24.153041922999897],[-49.572177565999894,-24.152964078],[-49.568042533,-24.151142396],[-49.566802220999897,-24.151779213999898],[-49.566528979999902,-24.153088176],[-49.566464126,-24.156154542999897],[-49.566917593,-24.157914661999897],[-49.567611422999903,-24.159897634999897],[-49.567329728999901,-24.161646013999899],[-49.565342852999898,-24.162707691],[-49.560670559999892,-24.163066313999902],[-49.559425460999897,-24.163922359],[-49.560123960999896,-24.165686164999897],[-49.560059027999898,-24.168752676999897],[-49.563717288999896,-24.1699096369999],[-49.564397996,-24.172549516999901],[-49.564847745999899,-24.174529],[-49.565801763,-24.175858934],[-49.566769875,-24.176532972999897],[-49.568765281,-24.1750327409999],[-49.569038534,-24.173723666999898],[-49.571974818999898,-24.174211059999898],[-49.573925182,-24.174900469],[-49.574688556999895,-24.1735986149999],[-49.574720442999897,-24.1720657719999],[-49.576439799999903,-24.172094751],[-49.578356326999902,-24.174317854],[-49.580052258999892,-24.175441178],[-49.584974513,-24.174866603999899],[-49.58819806,-24.173387040999899],[-49.588892093,-24.175370082],[-49.590087572,-24.176924615999901],[-49.589314921,-24.178663184999902],[-49.587327988999895,-24.179725988],[-49.587277437999902,-24.18213494],[-49.5879912,-24.183241994],[-49.59191729,-24.1833078559999],[-49.594664797999897,-24.181162339],[-49.597132482999896,-24.180546975],[-49.601055823999893,-24.180831076999898],[-49.604182263,-24.183949974],[-49.605141158,-24.185062403],[-49.608318052999898,-24.185772296],[-49.609545393999895,-24.185792976999899],[-49.611532266,-24.1847309139999],[-49.612801574999899,-24.182780192999896],[-49.614588000999895,-24.1795239049999],[-49.6143699369999,-24.178204863999898],[-49.613211577999898,-24.174900149999896],[-49.613506962,-24.172494840999899],[-49.614789200999894,-24.169887397],[-49.61485349,-24.166820859],[-49.615139503999899,-24.164854992],[-49.616422680999896,-24.162246722],[-49.617958234999897,-24.159205390999901],[-49.618740937,-24.157028446],[-49.621754332999899,-24.153791251],[-49.625672643,-24.154294223]]]]}},
{"type":"Feature","properties":{"fid":214,"id1":980432,"cd_fcim":"SG22","leg_carga":"Rp+Sgf","cd_fito":"S","cd_leg_2":"R","clas_domi":"Rp","leg_uveg":null,"nm_uveg":null,"leg_uantr":"Rp","nm_uantr":"Florestamento/Reflorestamento com Pinus","leg_contat":null,"nm_contat":null,"veg_pretet":"S","nm_pretet":"Savana","leg_sec1":"Sgf","nm_sec1":"Savana Gramíneo-Lenhosa com floresta-de-galeria","leg_sec2":null,"nm_sec2":null,"leg_sup":"Área Antrópica Dominante","legenda_1":"Savana","legenda_2":"Florestamento/Reflorestamento","legenda":"3Rp - Florestamento/Reflorestamento com Pinus","ar_poli_km":273.543,"leg1_id":8.0,"leg2_id":50.0},"geometry":{"type":"MultiPolygon","coordinates":[[[[-49.3923465,-24.1150587999999],[-49.39185,-24.1170442],[-49.3893523,-24.1193919],[-49.3891,-24.1196287],[-49.3883984,-24.1186355],[-49.3883536,-24.117417],[-49.3869328,-24.115870599999901],[-49.3847347,-24.115965699999901],[-49.3831809,-24.115108],[-49.381413436457137,-24.116124943970291],[-49.381380689999901,-24.1176013699999],[-49.378638929,-24.119524345999899],[-49.375689042,-24.119691818],[-49.372033298,-24.118532806],[-49.367071714999895,-24.1208554369999],[-49.365276767999895,-24.124327788999896],[-49.362244953999898,-24.128217794],[-49.355051566,-24.131595825],[-49.351932873586641,-24.132399548284848],[-49.3515381,-24.1327736],[-49.350875909594293,-24.132671940191234],[-49.347891206,-24.133441133],[-49.344887383999897,-24.136016782999899],[-49.342010746962018,-24.137880408174382],[-49.341875699999903,-24.138388599999899],[-49.3404795,-24.1388866],[-49.339884628760402,-24.138310218799923],[-49.339626495999894,-24.138334481999902],[-49.338130884999899,-24.139403108999897],[-49.336184790771711,-24.141072246834021],[-49.3367954,-24.1449095],[-49.3331135,-24.1485675],[-49.332459399999898,-24.1501208],[-49.333156,-24.1518356],[-49.335013499999903,-24.153060799999899],[-49.3377955999999,-24.1536968999999],[-49.338932,-24.1543819],[-49.3403453,-24.1571792999999],[-49.3400654,-24.163582599999899],[-49.3405432,-24.168232],[-49.3398177,-24.170092699999898],[-49.339825899999902,-24.1747945],[-49.3434591,-24.1877433],[-49.346317499999898,-24.1911924],[-49.346509399999903,-24.192413499999901],[-49.3460411,-24.195527899999899],[-49.3449866999999,-24.198565],[-49.3440712,-24.1998803],[-49.3418731,-24.201606899999899],[-49.3415441,-24.203122],[-49.342818,-24.204275199999898],[-49.3527961,-24.2083087],[-49.355762399999897,-24.2090737],[-49.3567027,-24.2102482],[-49.3568399,-24.2115433],[-49.355957799999899,-24.2145123],[-49.354512616492443,-24.216675238354799],[-49.355570344999897,-24.217356370999898],[-49.355535945,-24.21890309],[-49.354743667,-24.2210997769999],[-49.354199389999899,-24.223302138999902],[-49.352155066,-24.226030133999899],[-49.349749469999892,-24.233947937],[-49.349696322999897,-24.236379187999898],[-49.348907872,-24.238355795],[-49.34692146,-24.238541645999899],[-49.3447697329999,-24.234965739],[-49.3428473869999,-24.232278134],[-49.339348089999902,-24.233542712],[-49.337590021,-24.23461767],[-49.335320056999898,-24.236347307],[-49.334522636,-24.238764283],[-49.3347558789999,-24.239432371],[-49.334974336,-24.240762873999898],[-49.335911315,-24.2432123029999],[-49.338825915,-24.245917292999899],[-49.34254292,-24.245982261999899],[-49.344955571999897,-24.248900623999898],[-49.347817161999899,-24.254037002],[-49.3477580919999,-24.256689547999898],[-49.34450163,-24.258180181999901],[-49.342470724999899,-24.26035523],[-49.34094972,-24.261877317],[-49.339958334999899,-24.266890486999902],[-49.34068189,-24.267787459],[-49.341641697999897,-24.269241575999896],[-49.341867095999902,-24.270241884],[-49.339967020999893,-24.272087686],[-49.337484173999897,-24.272264886],[-49.335225737,-24.273441467999898],[-49.334694037999895,-24.275090033],[-49.334912523999897,-24.27642072],[-49.336114504999898,-24.278100794999897],[-49.336575190999895,-24.279656476],[-49.337775210999901,-24.2814475989999],[-49.337728860999896,-24.283547113999898],[-49.337936511999899,-24.285321028999899],[-49.339647562,-24.286457356],[-49.340546483,-24.28503563],[-49.342107025999901,-24.281746073],[-49.346111058999902,-24.2800466059999],[-49.347595687,-24.280183411999896],[-49.348448263999899,-24.2808621],[-49.348679615,-24.281640409],[-49.348595944999893,-24.28539806],[-49.3503119639999,-24.286313177999901],[-49.351944295999893,-24.285347045],[-49.353744940999896,-24.282392517999899],[-49.356629498999901,-24.280895889999897],[-49.359277745,-24.278841179],[-49.36140226,-24.278103847999898],[-49.364120458999899,-24.278484487],[-49.367123094999897,-24.27720991],[-49.368401821,-24.275462649],[-49.369176498999899,-24.274038984],[-49.369587856999892,-24.272277448999898],[-49.369252027999899,-24.270612731],[-49.368905395999896,-24.269501335],[-49.370418427999901,-24.268311207999901],[-49.372649215,-24.268350150999897],[-49.374731449999899,-24.269492833],[-49.376208202,-24.269960731],[-49.377055921,-24.270860447],[-49.378253248999904,-24.272761452999898],[-49.379337333,-24.274217388],[-49.380403811999898,-24.276446854],[-49.382736181,-24.277484120999897],[-49.383965869999898,-24.277948192999897],[-49.384325307,-24.278506305999901],[-49.384776496,-24.280504203],[-49.3863593029999,-24.281719289999899],[-49.387737074,-24.281546551999899],[-49.389419237,-24.282503698],[-49.394289035,-24.283048198],[-49.394866307,-24.284937891],[-49.396820814,-24.286299753],[-49.398768537,-24.28788091],[-49.398988336999899,-24.289211630999898],[-49.39892294,-24.292196739999902],[-49.397489053999898,-24.295378495999898],[-49.396065878999899,-24.298117982999898],[-49.393258503,-24.301718469],[-49.392106816999899,-24.303356888999897],[-49.392194708,-24.305017983],[-49.393869015999897,-24.307811461],[-49.395827611,-24.308951356999902],[-49.39744626,-24.308647499],[-49.40072352,-24.306162096],[-49.405011730999895,-24.302808115999898],[-49.407396108999897,-24.301522641999899],[-49.409663214,-24.299903964999899],[-49.4112856839999,-24.299378868],[-49.413931733,-24.297434570999901],[-49.415341108999897,-24.295357579],[-49.415357646999901,-24.29458398],[-49.4152754569999,-24.292701821],[-49.416409422,-24.291837863999898],[-49.418894354,-24.2915489559999],[-49.420277408999901,-24.290687879999897],[-49.422281659999896,-24.289727935],[-49.424597836,-24.291536698999899],[-49.426830761,-24.291465113999898],[-49.429943693,-24.290856118],[-49.430895328999902,-24.292642242999896],[-49.4309834949999,-24.294301439],[-49.433520691999895,-24.297331668],[-49.4337329049999,-24.298994599],[-49.433694122999896,-24.300762065],[-49.434385113,-24.303207083999901],[-49.434583749999895,-24.305422488],[-49.435114813,-24.309523978],[-49.436513372,-24.313639629],[-49.437123023,-24.314147837999897],[-49.437730723999891,-24.314656016999898],[-49.441320796999896,-24.314939083],[-49.443302894999896,-24.314972815],[-49.445517625,-24.315785795999897],[-49.44798631,-24.316270286],[-49.449842411999896,-24.316413144],[-49.451596692999892,-24.3155592869999],[-49.453956815999895,-24.315377428],[-49.459533834999903,-24.315473660999896],[-49.462853603,-24.316747543],[-49.466238494,-24.316694883],[-49.470483625,-24.315330408],[-49.477181060999897,-24.315224699999902],[-49.482211825,-24.317633111999896],[-49.485542338999892,-24.318463501999897],[-49.489376765,-24.318861661],[-49.49562123,-24.31675567],[-49.49890055,-24.314158082999899],[-49.504097225999892,-24.308827772],[-49.503146928,-24.306931629],[-49.50197151,-24.303925935999899],[-49.500228572,-24.298477288],[-49.497850099999901,-24.293793058999896],[-49.496202581,-24.2896733769999],[-49.495890892,-24.286902948],[-49.496195577,-24.284254680999901],[-49.495542434,-24.280041729999901],[-49.496094237999898,-24.277397241],[-49.496794053999899,-24.27364985],[-49.497223738999899,-24.2710035929999],[-49.498513057,-24.268703429],[-49.498427363999902,-24.266933402999896],[-49.498744647999892,-24.266551278999898],[-49.494211316999902,-24.259944604999898],[-49.487162302999899,-24.252734039],[-49.483824101,-24.246250191999899],[-49.481469621999899,-24.240227279999896],[-49.481059259999896,-24.236230737],[-49.479631625,-24.233325734999902],[-49.478161606999898,-24.232415248999899],[-49.476962795,-24.230400238999898],[-49.476265903999895,-24.22817163],[-49.47663349,-24.222638805],[-49.475955879,-24.219525888],[-49.476518469,-24.216433515999899],[-49.481564959,-24.212752499],[-49.484597397,-24.213062968],[-49.484830240999898,-24.212759758999898],[-49.485296631,-24.212789524999899],[-49.485412449999899,-24.212362599999899],[-49.485823839,-24.212240457999897],[-49.485806662999899,-24.211483890999897],[-49.486306286999898,-24.211060917999898],[-49.486433924,-24.209500173],[-49.486767629,-24.2091256739999],[-49.486804361999901,-24.208470947999899],[-49.486567025999904,-24.20751086],[-49.486245788999895,-24.206827093999902],[-49.4860752989999,-24.206068237999897],[-49.484253486999897,-24.202299452],[-49.481586983999897,-24.200720381999901],[-49.477876114,-24.201971388999901],[-49.475628155,-24.203685799],[-49.471899063,-24.205812894999898],[-49.469685491999897,-24.2059942839999],[-49.466517348,-24.2048434229999],[-49.4623295439999,-24.205429054],[-49.457391087999902,-24.206658545],[-49.4523264709999,-24.202408175999899],[-49.451170058999899,-24.199102532],[-49.452738508,-24.194747042],[-49.450633453999899,-24.189890964],[-49.448491045,-24.18678711],[-49.447065685,-24.184571416],[-49.447840277999902,-24.182833188999897],[-49.450789856999897,-24.182664953],[-49.454967735999894,-24.182517107],[-49.456445904999896,-24.182322896],[-49.461114884,-24.1821842159999],[-49.463365575999894,-24.180251696],[-49.467307892999898,-24.179662404999899],[-49.471433103,-24.181924157],[-49.473868620999895,-24.182841779999901],[-49.475638644999897,-24.180462382],[-49.475417461999903,-24.1793633999999],[-49.473500799999897,-24.177139582999899],[-49.471844544999897,-24.1742635969999],[-49.474647366999896,-24.169491153],[-49.475945308999897,-24.1662275569999],[-49.477782061999896,-24.160782785],[-49.477583796,-24.15858867],[-49.476686657999899,-24.154629710999899],[-49.479452935,-24.151609513],[-49.481406653,-24.152082051],[-49.487410947999898,-24.146926777],[-49.491441277,-24.142176769999899],[-49.494683020999894,-24.139822463],[-49.494697317,-24.139164843999897],[-49.492515716999897,-24.137813706],[-49.4910531089999,-24.137350462],[-49.487886665,-24.136201051999901],[-49.48351604,-24.133935311999899],[-49.482071566999899,-24.1325970309999],[-49.480661509999898,-24.1297252849999],[-49.479004517,-24.126848933999899],[-49.477820434,-24.1248577009999],[-49.476352167999899,-24.124613586999899],[-49.475115578,-24.125029842999897],[-49.474597853,-24.126334911],[-49.475007640999898,-24.130065924999897],[-49.476418614999893,-24.132937716],[-49.479538208999898,-24.136276542],[-49.4794856789999,-24.138685972],[-49.477490035999899,-24.140185404],[-49.476055137999893,-24.138407741],[-49.474846151999898,-24.137511505],[-49.472619817999892,-24.1383486779999],[-49.4686695239999,-24.13937728],[-49.466460328,-24.139339379],[-49.4629781,-24.141469555999898],[-49.460933472,-24.145158245999898],[-49.457643435,-24.149701641],[-49.456822036999895,-24.1536300349999],[-49.456283017,-24.155812059],[-49.454258340999893,-24.158624941],[-49.451983759,-24.161653350999899],[-49.450462521999896,-24.163817821999899],[-49.448202265,-24.16618858],[-49.445732413,-24.166802656],[-49.443278897999896,-24.166760877999899],[-49.441796012999895,-24.16717333],[-49.43530987,-24.171880353999899],[-49.436697565999893,-24.175847162],[-49.439089587999895,-24.178738182999901],[-49.4380554419999,-24.181129446999897],[-49.4343350239999,-24.182817395],[-49.430389701,-24.183626439999902],[-49.421552435999899,-24.18347269],[-49.420632912999899,-24.180608488],[-49.423933635999902,-24.175626490999896],[-49.425011281,-24.171264053],[-49.422840401999899,-24.169473797],[-49.420687873999903,-24.16680752],[-49.419177486,-24.162948092999901],[-49.416322700999899,-24.158736973],[-49.4115192289999,-24.1538336939999],[-49.410123368999898,-24.150303725999898],[-49.409204088999893,-24.147439851999899],[-49.407539071,-24.145001346999901],[-49.405849898,-24.143657985999898],[-49.403938933999896,-24.141214821999899],[-49.402490000999897,-24.140094416999897],[-49.398073585999896,-24.140016742999901],[-49.395171940999894,-24.137994195],[-49.392557999999894,-24.134006208999899],[-49.391139215999893,-24.131572423],[-49.390961096999895,-24.128502619999896],[-49.391572363,-24.123035769999898],[-49.390912929999899,-24.119520153999897],[-49.3932179009999,-24.115179415999897],[-49.39303276748192,-24.114649549670837],[-49.3923465,-24.1150587999999]],[[-49.414600414999903,-24.255263784999901],[-49.4149730769999,-24.254905366999896],[-49.415025559999897,-24.254143360999898],[-49.415574104999898,-24.254060711],[-49.415568472999901,-24.2547697259999],[-49.415360731999897,-24.256027284],[-49.415819573999897,-24.256712449],[-49.416992080999897,-24.257481330999898],[-49.418601891,-24.257605121],[-49.418306947999902,-24.257821819999901],[-49.417884148,-24.257753468],[-49.417037363999903,-24.257739632],[-49.416328424999897,-24.257776145],[-49.415864074999902,-24.257570612999899],[-49.415565634999901,-24.257263841999897],[-49.415126425,-24.2571843119999],[-49.415037098999896,-24.257763709],[-49.415359461,-24.258321172999899],[-49.415433998,-24.259026874],[-49.415757147,-24.259484222],[-49.4161703239999,-24.259488709],[-49.416570366,-24.260462456],[-49.41610589,-24.261263706],[-49.415104903,-24.261351283999897],[-49.414987154999899,-24.261769133],[-49.41391429,-24.261832851999898],[-49.41323477,-24.261196186999896],[-49.413025805999901,-24.2604128729999],[-49.412809314999897,-24.260057280999899],[-49.412318064,-24.259825845],[-49.412297091999896,-24.2592966449999],[-49.412740998999901,-24.2589984809999],[-49.412635308999896,-24.258620009],[-49.411125472,-24.258477687],[-49.410571724999897,-24.258799655999901],[-49.40996798,-24.2587430909999],[-49.40986327,-24.2583646319999],[-49.410277971999903,-24.258116092],[-49.411680531999899,-24.258081092999902],[-49.412006698999896,-24.258310917999896],[-49.412886788,-24.258319816],[-49.413222343,-24.2577942469999],[-49.413610654,-24.257546208999898],[-49.414188715999899,-24.257452177999898],[-49.414396479999894,-24.256193703999898],[-49.414600414999903,-24.255263784999901]]]]}},
{"type":"Feature","properties":{"fid":225,"id1":959807,"cd_fcim":"SF22","leg_carga":"Acc+Ap+Re.S","cd_fito":"S","cd_leg_2":"Ac","clas_domi":"Acc","leg_uveg":null,"nm_uveg":null,"leg_uantr":"Acc","nm_uantr":"Agricultura com Culturas Cíclicas","leg_contat":null,"nm_contat":null,"veg_pretet":"S","nm_pretet":"Savana","leg_sec1":"Ap","nm_sec1":"Pecuária (pastagens)","leg_sec2":"Re","nm_sec2":"Florestamento/Reflorestamento com Eucaliptos","leg_sup":"Área Antrópica Dominante","legenda_1":"Savana","legenda_2":"Agricultura","legenda":"3Acc - Agricultura com Culturas Cíclicas","ar_poli_km":19.1673,"leg1_id":8.0,"leg2_id":44.0},"geometry":{"type":"MultiPolygon","coordinates":[[[[-49.800389924951496,-23.996742403313604],[-49.800715208,-23.996783397999902],[-49.800977447,-23.996498798999898],[-49.801807923999895,-23.996139393999901],[-49.801852191999899,-23.995208834],[-49.801760239212001,-23.994830753467784],[-49.800389924951496,-23.996742403313604]]]]}},
{"type":"Feature","properties":{"fid":240,"id1":975326,"cd_fcim":"SG22","leg_carga":"Acc+Ap+Re.S","cd_fito":"S","cd_leg_2":"Ac","clas_domi":"Acc","leg_uveg":null,"nm_uveg":null,"leg_uantr":"Acc","nm_uantr":"Agricultura com Culturas Cíclicas","leg_contat":null,"nm_contat":null,"veg_pretet":"S","nm_pretet":"Savana","leg_sec1":"Ap","nm_sec1":"Pecuária (pastagens)","leg_sec2":"Re","nm_sec2":"Florestamento/Reflorestamento com Eucaliptos","leg_sup":"Área Antrópica Dominante","legenda_1":"Savana","legenda_2":"Agricultura","legenda":"3Acc - Agricultura com Culturas Cíclicas","ar_poli_km":71.3892,"leg1_id":8.0,"leg2_id":44.0},"geometry":{"type":"MultiPolygon","coordinates":[[[[-49.7797024,-24.0256026],[-49.7792639085635,-24.026214316859427],[-49.780871448999896,-24.025572638],[-49.782098048999899,-24.025592602],[-49.78276606,-24.0259312109999],[-49.784948132999901,-24.027225098],[-49.7860265589999,-24.028501666999897],[-49.788776282999898,-24.030489249],[-49.790398670999899,-24.029091405],[-49.7917806,-24.027471916999897],[-49.791428019999898,-24.026699387999898],[-49.790482428999894,-24.024932691999901],[-49.790748934999904,-24.0238423539999],[-49.790768742999902,-24.0228576969999],[-49.790501703999901,-24.017816559],[-49.789815573999896,-24.015397864],[-49.789596747,-24.0140806809999],[-49.790125241999895,-24.012118297],[-49.789828029785426,-24.011476788250931],[-49.7797024,-24.0256026]]],[[[-49.7681461,-24.0417242],[-49.767890599999902,-24.042100499999901],[-49.7678289,-24.0421805],[-49.7677638,-24.0422651],[-49.767702,-24.0423451999999],[-49.7676096,-24.042465],[-49.7675407999999,-24.0425541],[-49.7674321,-24.042695],[-49.7672823,-24.0428894],[-49.7671673,-24.0430656],[-49.7670735,-24.043209299999901],[-49.7669548,-24.0433914],[-49.766844799999902,-24.0436027],[-49.766811,-24.0436678999999],[-49.766748699999901,-24.0437876999999],[-49.766705199999898,-24.0438836],[-49.766616,-24.0440806],[-49.766551,-24.0441853999999],[-49.7661618,-24.0448127],[-49.765990299999899,-24.0450609],[-49.7658355,-24.045285],[-49.765714,-24.045461],[-49.765666699999898,-24.0455461],[-49.7655726,-24.045715599999902],[-49.7654917999999,-24.0459155],[-49.7653058,-24.0463756],[-49.7650259,-24.0467803],[-49.764900699999899,-24.046927099999898],[-49.7647348,-24.0470827],[-49.764519499999899,-24.047291399999899],[-49.7640628,-24.047734299999899],[-49.763918499999903,-24.047920599999902],[-49.763876099999898,-24.0480216999999],[-49.7638282,-24.0481361],[-49.763628099999899,-24.0485472999999],[-49.76327,-24.0492641],[-49.763197299999902,-24.0494118999999],[-49.7630612,-24.0496904],[-49.7629817,-24.0498501],[-49.762907,-24.050002],[-49.7627194,-24.050452699999902],[-49.7626984,-24.0504983],[-49.7625896,-24.0507365],[-49.7625796,-24.0507567],[-49.762488699999899,-24.0510856],[-49.7624206,-24.0514272],[-49.762398899999901,-24.0516143],[-49.7624006,-24.0520015],[-49.7623369,-24.052330799999901],[-49.7622722,-24.052564099999898],[-49.7621449,-24.052981499999898],[-49.7620965,-24.0532183],[-49.7619976,-24.05438],[-49.7620168,-24.0544997],[-49.762029799999901,-24.0545812],[-49.7621205,-24.054960999999899],[-49.7622193,-24.0554129],[-49.762264648913927,-24.055517697910421],[-49.762223661999897,-24.055285651999899],[-49.762548302,-24.051349129999899],[-49.762936146999898,-24.050369563999901],[-49.766468125999893,-24.045608849],[-49.76858061,-24.044219769999899],[-49.770039646,-24.044899735999898],[-49.7714914109999,-24.045907933],[-49.773189094,-24.04692141],[-49.777308832,-24.048645651999902],[-49.778919785999896,-24.047904294],[-49.780268497999899,-24.047925072999899],[-49.782135969,-24.046532441999901],[-49.784515116,-24.044161978],[-49.785660284999899,-24.0420998029999],[-49.785728803,-24.038707384],[-49.785396051999896,-24.036950105],[-49.783589934999902,-24.035279466999899],[-49.783157781999897,-24.033875511999899],[-49.781912114,-24.031774385999899],[-49.779863776999896,-24.0299357399999],[-49.779025777999898,-24.028882612999901],[-49.778327805221743,-24.02752022650477],[-49.7681461,-24.0417242]]]]}},
{"type":"Feature","properties":{"fid":241,"id1":980454,"cd_fcim":"SG22","leg_carga":"Iu.S","cd_fito":"S","cd_leg_2":"Iu","clas_domi":"Iu","leg_uveg":null,"nm_uveg":null,"leg_uantr":"Iu","nm_uantr":"Influência urbana","leg_contat":null,"nm_contat":null,"veg_pretet":"S","nm_pretet":"Savana","leg_sec1":null,"nm_sec1":null,"leg_sec2":null,"nm_sec2":null,"leg_sup":"Área Antrópica Dominante","legenda_1":"Savana","legenda_2":"Influência urbana","legenda":"3Iu - Influência urbana","ar_poli_km":5.9445,"leg1_id":8.0,"leg2_id":48.0},"geometry":{"type":"MultiPolygon","coordinates":[[[[-49.820247977999898,-24.131449775],[-49.816864692999893,-24.132838357],[-49.817330816,-24.134398840999896],[-49.818141665,-24.137297051],[-49.813349901,-24.14077049],[-49.812746191,-24.139873144],[-49.811018351,-24.139291301999901],[-49.808662839999897,-24.145133394],[-49.807917937999896,-24.145122084],[-49.807534128,-24.145670836],[-49.807642694,-24.146449382999901],[-49.809466502,-24.148474758],[-49.8108143279999,-24.14949444],[-49.811786464999898,-24.150618974999897],[-49.813017433,-24.151193908],[-49.8135035009999,-24.15175663],[-49.813822951999896,-24.154424354],[-49.814431241,-24.155099794999899],[-49.815178928999899,-24.155000119999897],[-49.81545413,-24.153673678999898],[-49.81487307,-24.151667448],[-49.814888474,-24.150890615],[-49.815640674999898,-24.150569899999898],[-49.816752212,-24.150920228999901],[-49.817366804999899,-24.1512636309999],[-49.817715289,-24.152489563],[-49.818799644999899,-24.154169780999901],[-49.819289448999896,-24.154622452999899],[-49.820008152999897,-24.155964561],[-49.822486554999898,-24.156336632],[-49.824379291999904,-24.154924402999896],[-49.825852981,-24.1558347819999],[-49.827750226,-24.154200579],[-49.828739561999896,-24.154439072999899],[-49.829592326999901,-24.155339894999898],[-49.829566165,-24.156669816],[-49.828662794,-24.158320584],[-49.831012722,-24.158911913999901],[-49.833031201,-24.157390351999901],[-49.833189594,-24.155729236999896],[-49.832724133999896,-24.154057653999899],[-49.831624366,-24.153152506],[-49.830309891999903,-24.150469178],[-49.832205294999895,-24.148945963],[-49.833069661,-24.149181792],[-49.834581281999903,-24.148207358],[-49.834984889999902,-24.146660707999899],[-49.832752784,-24.146402264],[-49.830861915,-24.147704431999898],[-49.83026088,-24.146696130999899],[-49.830023728999898,-24.146137815],[-49.833581641999892,-24.1422001779999],[-49.83598291,-24.140241819],[-49.837267145999895,-24.138154239999899],[-49.841817851,-24.134343210999898],[-49.844673525,-24.134498299],[-49.847772645999896,-24.134879634],[-49.848311892999895,-24.132780836999899],[-49.847599387999892,-24.131106008],[-49.841916038999898,-24.1293514659999],[-49.837099004,-24.127833563],[-49.836644933999899,-24.131930537],[-49.835138899999897,-24.132683909],[-49.834554008999895,-24.1307888219999],[-49.833551170999897,-24.131217078999899],[-49.831548249,-24.131961716],[-49.829786005,-24.1330426809999],[-49.829726174999898,-24.129824719999899],[-49.829258195,-24.128376165],[-49.82748966,-24.129790005999901],[-49.829493751,-24.135257699999901],[-49.829475654999897,-24.136144537999897],[-49.826840955,-24.137434475],[-49.82509579,-24.137628574],[-49.8234883659999,-24.137270484999899],[-49.823387845999896,-24.136048081999899],[-49.822572222,-24.133261742999899],[-49.8207158989999,-24.132899272],[-49.820247977999898,-24.131449775]]]]}},
{"type":"Feature","properties":{"fid":246,"id1":975703,"cd_fcim":"SG22","leg_carga":"Rp+Re.S","cd_fito":"S","cd_leg_2":"R","clas_domi":"Rp","leg_uveg":null,"nm_uveg":null,"leg_uantr":"Rp","nm_uantr":"Florestamento/Reflorestamento com Pinus","leg_contat":null,"nm_contat":null,"veg_pretet":"S","nm_pretet":"Savana","leg_sec1":"Re","nm_sec1":"Florestamento/Reflorestamento com Eucaliptos","leg_sec2":null,"nm_sec2":null,"leg_sup":"Área Antrópica Dominante","legenda_1":"Savana","legenda_2":"Florestamento/Reflorestamento","legenda":"3Rp - Florestamento/Reflorestamento com Pinus","ar_poli_km":26.9423,"leg1_id":8.0,"leg2_id":50.0},"geometry":{"type":"MultiPolygon","coordinates":[[[[-49.762290699999902,-24.0555778999999],[-49.762480599999897,-24.055898899999899],[-49.7625366,-24.0560821],[-49.7625944,-24.057201399999901],[-49.762652199999899,-24.058866599999899],[-49.762629499999903,-24.0590404],[-49.762556199999899,-24.0592602],[-49.7624713,-24.0594263999999],[-49.7623938999999,-24.0595382999999],[-49.7623677,-24.059577299999901],[-49.7622067,-24.0597718],[-49.762135199999904,-24.059857599999901],[-49.7620570999999,-24.05995],[-49.7619295,-24.060102],[-49.761829,-24.0602140999999],[-49.7616887,-24.0603705],[-49.7614872,-24.0606339],[-49.7613239,-24.060877499999901],[-49.761176599999899,-24.061140899999899],[-49.7610473,-24.0613410999999],[-49.7610508,-24.061489299999899],[-49.761085799999897,-24.0615802999999],[-49.7611947,-24.061837099999899],[-49.761527199999897,-24.0627102999999],[-49.761522,-24.0627454],[-49.7603910999999,-24.064515099999898],[-49.7600487,-24.065051],[-49.7598475,-24.065365799999899],[-49.75858719925656,-24.067337457475706],[-49.7616782059999,-24.064036271],[-49.766235306999896,-24.075387942],[-49.768573139999894,-24.081119800999897],[-49.769808931999897,-24.08672526],[-49.77445341,-24.087675776],[-49.776371980999897,-24.089896913],[-49.778744563,-24.093987489],[-49.778468898,-24.095515544],[-49.777211268999899,-24.097028887],[-49.776323393,-24.098438271],[-49.775815295,-24.0993062639999],[-49.77542921,-24.1001759769999],[-49.775771029999902,-24.10149533],[-49.775997118999896,-24.102485561],[-49.776456449999898,-24.1040249119999],[-49.775913118999895,-24.10664458],[-49.776752224999896,-24.107644363],[-49.778096702999896,-24.10788525],[-49.780323761,-24.107045027],[-49.781904223,-24.107726797999899],[-49.783326695,-24.110268596],[-49.783713946,-24.115422365],[-49.784410302999902,-24.117403619999898],[-49.785010750999902,-24.118070728],[-49.786496357,-24.117437453],[-49.787355394,-24.117450416999898],[-49.789399057999894,-24.1195643],[-49.793382515999902,-24.122913573999899],[-49.797048413999896,-24.123739151999899],[-49.800428789999899,-24.126530417],[-49.804771523999896,-24.131718849],[-49.809435424999897,-24.134859207],[-49.810748703999899,-24.136687202],[-49.812746191,-24.139873144],[-49.813349901,-24.14077049],[-49.818141665,-24.137297051],[-49.817330816,-24.134398840999896],[-49.816864692999893,-24.132838357],[-49.820247977999898,-24.131449775],[-49.818117567999899,-24.124740279],[-49.817506265,-24.124621676999897],[-49.815532394999899,-24.125138232],[-49.813456247,-24.124666216],[-49.803889281999901,-24.118163229999897],[-49.798394393999892,-24.110628134],[-49.801744217999897,-24.108820018999896],[-49.799742845,-24.1046263379999],[-49.798698996,-24.101544138999902],[-49.7990742429999,-24.101220981],[-49.799808474999899,-24.10134133],[-49.809335970999896,-24.109707555999901],[-49.8142685299999,-24.105460558999898],[-49.813453509999896,-24.103256749],[-49.808597612,-24.100552626],[-49.803480797999903,-24.098718124],[-49.802022349999902,-24.098038194],[-49.798359518,-24.097104541],[-49.7956912289999,-24.095527971],[-49.795493858,-24.093116336],[-49.797238791,-24.091829905999901],[-49.802457037999893,-24.088628059],[-49.807442690999892,-24.084765226999899],[-49.809943964999896,-24.082395920999897],[-49.81025892,-24.078897265],[-49.809811972,-24.076699711999897],[-49.807411271,-24.074033729999901],[-49.804253182,-24.072451439999899],[-49.801340129,-24.070871644999901],[-49.798199176,-24.068412688],[-49.794134097,-24.063091932],[-49.791229248,-24.061074698],[-49.787550882999895,-24.061015832999896],[-49.785356826999902,-24.060323776],[-49.783704951999901,-24.057013384999898],[-49.782553053999898,-24.053272556],[-49.780066108,-24.0518641859999],[-49.7787264419999,-24.051404223],[-49.777762757999895,-24.050512957999899],[-49.777410173,-24.049741255],[-49.777308832,-24.048645651999902],[-49.773189094,-24.04692141],[-49.7714914109999,-24.045907933],[-49.770039646,-24.044899735999898],[-49.76858061,-24.044219769999899],[-49.766468125999893,-24.045608849],[-49.762936146999898,-24.050369563999901],[-49.762548302,-24.051349129999899],[-49.762223661999897,-24.055285651999899],[-49.762264648913927,-24.055517697910421],[-49.762290699999902,-24.0555778999999]]],[[[-49.755690199999897,-24.067533],[-49.754285908736612,-24.067539809558788],[-49.754486379999904,-24.067754061999896],[-49.758041055,-24.067920737999899],[-49.758416591935593,-24.067519665612856],[-49.755690199999897,-24.067533]]]]}}
]
}
